항목,성별,연령대,백분위,값
BMI,남,19세이하,1,14.7
BMI,남,19세이하,2,15.5
BMI,남,19세이하,3,16.2
BMI,남,19세이하,4,16.9
BMI,남,19세이하,5,17.6
BMI,남,19세이하,6,18.4
BMI,남,19세이하,7,18.6
BMI,남,19세이하,8,18.7
BMI,남,19세이하,9,18.8
BMI,남,19세이하,10,19
BMI,남,19세이하,11,19.1
BMI,남,19세이하,12,19.2
BMI,남,19세이하,13,19.3
BMI,남,19세이하,14,19.5
BMI,남,19세이하,15,19.6
BMI,남,19세이하,16,19.7
BMI,남,19세이하,17,19.8
BMI,남,19세이하,18,19.9
BMI,남,19세이하,19,20.1
BMI,남,19세이하,20,20.2
BMI,남,19세이하,21,20.3
BMI,남,19세이하,22,20.4
BMI,남,19세이하,23,20.6
BMI,남,19세이하,24,20.7
BMI,남,19세이하,25,20.8
BMI,남,19세이하,26,20.9
BMI,남,19세이하,27,21
BMI,남,19세이하,28,21.2
BMI,남,19세이하,29,21.3
BMI,남,19세이하,30,21.4
BMI,남,19세이하,31,21.5
BMI,남,19세이하,32,21.7
BMI,남,19세이하,33,21.8
BMI,남,19세이하,34,21.9
BMI,남,19세이하,35,22
BMI,남,19세이하,36,22.1
BMI,남,19세이하,37,22.3
BMI,남,19세이하,38,22.4
BMI,남,19세이하,39,22.5
BMI,남,19세이하,40,22.6
BMI,남,19세이하,41,22.7
BMI,남,19세이하,42,22.9
BMI,남,19세이하,43,23
BMI,남,19세이하,44,23.1
BMI,남,19세이하,45,23.2
BMI,남,19세이하,46,23.4
BMI,남,19세이하,47,23.5
BMI,남,19세이하,48,23.6
BMI,남,19세이하,49,23.7
BMI,남,19세이하,50,23.8
BMI,남,19세이하,51,24
BMI,남,19세이하,52,24.1
BMI,남,19세이하,53,24.2
BMI,남,19세이하,54,24.3
BMI,남,19세이하,55,24.5
BMI,남,19세이하,56,24.6
BMI,남,19세이하,57,24.7
BMI,남,19세이하,58,24.8
BMI,남,19세이하,59,24.9
BMI,남,19세이하,60,25.1
BMI,남,19세이하,61,25.3
BMI,남,19세이하,62,25.5
BMI,남,19세이하,63,25.7
BMI,남,19세이하,64,25.9
BMI,남,19세이하,65,26.1
BMI,남,19세이하,66,26.3
BMI,남,19세이하,67,26.5
BMI,남,19세이하,68,26.7
BMI,남,19세이하,69,26.9
BMI,남,19세이하,70,27.1
BMI,남,19세이하,71,27.3
BMI,남,19세이하,72,27.5
BMI,남,19세이하,73,27.7
BMI,남,19세이하,74,27.8
BMI,남,19세이하,75,28
BMI,남,19세이하,76,28.2
BMI,남,19세이하,77,28.4
BMI,남,19세이하,78,28.6
BMI,남,19세이하,79,28.8
BMI,남,19세이하,80,29
BMI,남,19세이하,81,29.2
BMI,남,19세이하,82,29.4
BMI,남,19세이하,83,29.6
BMI,남,19세이하,84,29.8
BMI,남,19세이하,85,30
BMI,남,19세이하,86,30.7
BMI,남,19세이하,87,31.4
BMI,남,19세이하,88,32.2
BMI,남,19세이하,89,32.9
BMI,남,19세이하,90,33.6
BMI,남,19세이하,91,34.3
BMI,남,19세이하,92,35
BMI,남,19세이하,93,35.7
BMI,남,19세이하,94,36.4
BMI,남,19세이하,95,37.1
BMI,남,19세이하,96,37.9
BMI,남,19세이하,97,38.6
BMI,남,19세이하,98,39.3
BMI,남,19세이하,99,40
BMI,남,19세이하,100,50
BMI,여,19세이하,1,14.4
BMI,여,19세이하,2,14.7
BMI,여,19세이하,3,15.1
BMI,여,19세이하,4,15.5
BMI,여,19세이하,5,15.9
BMI,여,19세이하,6,16.2
BMI,여,19세이하,7,16.6
BMI,여,19세이하,8,17
BMI,여,19세이하,9,17.4
BMI,여,19세이하,10,17.7
BMI,여,19세이하,11,18.1
BMI,여,19세이하,12,18.5
BMI,여,19세이하,13,18.6
BMI,여,19세이하,14,18.7
BMI,여,19세이하,15,18.8
BMI,여,19세이하,16,18.9
BMI,여,19세이하,17,19
BMI,여,19세이하,18,19.1
BMI,여,19세이하,19,19.2
BMI,여,19세이하,20,19.3
BMI,여,19세이하,21,19.4
BMI,여,19세이하,22,19.5
BMI,여,19세이하,23,19.6
BMI,여,19세이하,24,19.7
BMI,여,19세이하,25,19.8
BMI,여,19세이하,26,19.9
BMI,여,19세이하,27,20
BMI,여,19세이하,28,20.1
BMI,여,19세이하,29,20.2
BMI,여,19세이하,30,20.3
BMI,여,19세이하,31,20.4
BMI,여,19세이하,32,20.5
BMI,여,19세이하,33,20.6
BMI,여,19세이하,34,20.8
BMI,여,19세이하,35,20.9
BMI,여,19세이하,36,21
BMI,여,19세이하,37,21.1
BMI,여,19세이하,38,21.2
BMI,여,19세이하,39,21.3
BMI,여,19세이하,40,21.4
BMI,여,19세이하,41,21.5
BMI,여,19세이하,42,21.6
BMI,여,19세이하,43,21.7
BMI,여,19세이하,44,21.8
BMI,여,19세이하,45,21.9
BMI,여,19세이하,46,22
BMI,여,19세이하,47,22.1
BMI,여,19세이하,48,22.2
BMI,여,19세이하,49,22.3
BMI,여,19세이하,50,22.4
BMI,여,19세이하,51,22.5
BMI,여,19세이하,52,22.6
BMI,여,19세이하,53,22.7
BMI,여,19세이하,54,22.8
BMI,여,19세이하,55,22.9
BMI,여,19세이하,56,23
BMI,여,19세이하,57,23.1
BMI,여,19세이하,58,23.2
BMI,여,19세이하,59,23.3
BMI,여,19세이하,60,23.4
BMI,여,19세이하,61,23.5
BMI,여,19세이하,62,23.6
BMI,여,19세이하,63,23.7
BMI,여,19세이하,64,23.8
BMI,여,19세이하,65,23.9
BMI,여,19세이하,66,24
BMI,여,19세이하,67,24.1
BMI,여,19세이하,68,24.2
BMI,여,19세이하,69,24.3
BMI,여,19세이하,70,24.4
BMI,여,19세이하,71,24.5
BMI,여,19세이하,72,24.6
BMI,여,19세이하,73,24.7
BMI,여,19세이하,74,24.8
BMI,여,19세이하,75,24.9
BMI,여,19세이하,76,25.2
BMI,여,19세이하,77,25.5
BMI,여,19세이하,78,25.8
BMI,여,19세이하,79,26.1
BMI,여,19세이하,80,26.4
BMI,여,19세이하,81,26.7
BMI,여,19세이하,82,27.1
BMI,여,19세이하,83,27.4
BMI,여,19세이하,84,27.7
BMI,여,19세이하,85,28
BMI,여,19세이하,86,28.3
BMI,여,19세이하,87,28.6
BMI,여,19세이하,88,29
BMI,여,19세이하,89,29.3
BMI,여,19세이하,90,29.6
BMI,여,19세이하,91,29.9
BMI,여,19세이하,92,30.9
BMI,여,19세이하,93,32.1
BMI,여,19세이하,94,33.4
BMI,여,19세이하,95,34.6
BMI,여,19세이하,96,35.9
BMI,여,19세이하,97,37.1
BMI,여,19세이하,98,38.3
BMI,여,19세이하,99,39.6
BMI,여,19세이하,100,50
BMI,남,20~24세,1,15
BMI,남,20~24세,2,16
BMI,남,20~24세,3,17
BMI,남,20~24세,4,18
BMI,남,20~24세,5,18.6
BMI,남,20~24세,6,18.7
BMI,남,20~24세,7,18.8
BMI,남,20~24세,8,18.9
BMI,남,20~24세,9,19
BMI,남,20~24세,10,19.1
BMI,남,20~24세,11,19.3
BMI,남,20~24세,12,19.4
BMI,남,20~24세,13,19.5
BMI,남,20~24세,14,19.6
BMI,남,20~24세,15,19.7
BMI,남,20~24세,16,19.9
BMI,남,20~24세,17,20
BMI,남,20~24세,18,20.1
BMI,남,20~24세,19,20.2
BMI,남,20~24세,20,20.3
BMI,남,20~24세,21,20.5
BMI,남,20~24세,22,20.6
BMI,남,20~24세,23,20.7
BMI,남,20~24세,24,20.8
BMI,남,20~24세,25,20.9
BMI,남,20~24세,26,21
BMI,남,20~24세,27,21.2
BMI,남,20~24세,28,21.3
BMI,남,20~24세,29,21.4
BMI,남,20~24세,30,21.5
BMI,남,20~24세,31,21.6
BMI,남,20~24세,32,21.8
BMI,남,20~24세,33,21.9
BMI,남,20~24세,34,22
BMI,남,20~24세,35,22.1
BMI,남,20~24세,36,22.2
BMI,남,20~24세,37,22.4
BMI,남,20~24세,38,22.5
BMI,남,20~24세,39,22.6
BMI,남,20~24세,40,22.7
BMI,남,20~24세,41,22.8
BMI,남,20~24세,42,22.9
BMI,남,20~24세,43,23.1
BMI,남,20~24세,44,23.2
BMI,남,20~24세,45,23.3
BMI,남,20~24세,46,23.4
BMI,남,20~24세,47,23.5
BMI,남,20~24세,48,23.7
BMI,남,20~24세,49,23.8
BMI,남,20~24세,50,23.9
BMI,남,20~24세,51,24
BMI,남,20~24세,52,24.1
BMI,남,20~24세,53,24.3
BMI,남,20~24세,54,24.4
BMI,남,20~24세,55,24.5
BMI,남,20~24세,56,24.6
BMI,남,20~24세,57,24.7
BMI,남,20~24세,58,24.8
BMI,남,20~24세,59,25
BMI,남,20~24세,60,25.1
BMI,남,20~24세,61,25.3
BMI,남,20~24세,62,25.5
BMI,남,20~24세,63,25.6
BMI,남,20~24세,64,25.8
BMI,남,20~24세,65,26
BMI,남,20~24세,66,26.2
BMI,남,20~24세,67,26.3
BMI,남,20~24세,68,26.5
BMI,남,20~24세,69,26.7
BMI,남,20~24세,70,26.9
BMI,남,20~24세,71,27
BMI,남,20~24세,72,27.2
BMI,남,20~24세,73,27.4
BMI,남,20~24세,74,27.6
BMI,남,20~24세,75,27.7
BMI,남,20~24세,76,27.9
BMI,남,20~24세,77,28.1
BMI,남,20~24세,78,28.3
BMI,남,20~24세,79,28.4
BMI,남,20~24세,80,28.6
BMI,남,20~24세,81,28.8
BMI,남,20~24세,82,29
BMI,남,20~24세,83,29.1
BMI,남,20~24세,84,29.3
BMI,남,20~24세,85,29.5
BMI,남,20~24세,86,29.7
BMI,남,20~24세,87,29.8
BMI,남,20~24세,88,30.1
BMI,남,20~24세,89,30.9
BMI,남,20~24세,90,31.8
BMI,남,20~24세,91,32.7
BMI,남,20~24세,92,33.6
BMI,남,20~24세,93,34.5
BMI,남,20~24세,94,35.3
BMI,남,20~24세,95,36.2
BMI,남,20~24세,96,37.1
BMI,남,20~24세,97,38
BMI,남,20~24세,98,38.9
BMI,남,20~24세,99,39.8
BMI,남,20~24세,100,50
BMI,여,20~24세,1,14.3
BMI,여,20~24세,2,14.6
BMI,여,20~24세,3,14.9
BMI,여,20~24세,4,15.3
BMI,여,20~24세,5,15.6
BMI,여,20~24세,6,15.9
BMI,여,20~24세,7,16.2
BMI,여,20~24세,8,16.5
BMI,여,20~24세,9,16.8
BMI,여,20~24세,10,17.1
BMI,여,20~24세,11,17.4
BMI,여,20~24세,12,17.8
BMI,여,20~24세,13,18.1
BMI,여,20~24세,14,18.4
BMI,여,20~24세,15,18.6
BMI,여,20~24세,16,18.7
BMI,여,20~24세,17,18.8
BMI,여,20~24세,18,18.9
BMI,여,20~24세,19,19
BMI,여,20~24세,20,19.1
BMI,여,20~24세,21,19.1
BMI,여,20~24세,22,19.2
BMI,여,20~24세,23,19.3
BMI,여,20~24세,24,19.4
BMI,여,20~24세,25,19.5
BMI,여,20~24세,26,19.6
BMI,여,20~24세,27,19.7
BMI,여,20~24세,28,19.8
BMI,여,20~24세,29,19.9
BMI,여,20~24세,30,20
BMI,여,20~24세,31,20.1
BMI,여,20~24세,32,20.2
BMI,여,20~24세,33,20.3
BMI,여,20~24세,34,20.4
BMI,여,20~24세,35,20.5
BMI,여,20~24세,36,20.6
BMI,여,20~24세,37,20.7
BMI,여,20~24세,38,20.8
BMI,여,20~24세,39,20.9
BMI,여,20~24세,40,21
BMI,여,20~24세,41,21.1
BMI,여,20~24세,42,21.2
BMI,여,20~24세,43,21.3
BMI,여,20~24세,44,21.4
BMI,여,20~24세,45,21.5
BMI,여,20~24세,46,21.6
BMI,여,20~24세,47,21.7
BMI,여,20~24세,48,21.8
BMI,여,20~24세,49,21.9
BMI,여,20~24세,50,22
BMI,여,20~24세,51,22.1
BMI,여,20~24세,52,22.2
BMI,여,20~24세,53,22.3
BMI,여,20~24세,54,22.4
BMI,여,20~24세,55,22.5
BMI,여,20~24세,56,22.6
BMI,여,20~24세,57,22.7
BMI,여,20~24세,58,22.8
BMI,여,20~24세,59,22.9
BMI,여,20~24세,60,23
BMI,여,20~24세,61,23.1
BMI,여,20~24세,62,23.2
BMI,여,20~24세,63,23.2
BMI,여,20~24세,64,23.3
BMI,여,20~24세,65,23.4
BMI,여,20~24세,66,23.5
BMI,여,20~24세,67,23.6
BMI,여,20~24세,68,23.7
BMI,여,20~24세,69,23.8
BMI,여,20~24세,70,23.9
BMI,여,20~24세,71,24
BMI,여,20~24세,72,24.1
BMI,여,20~24세,73,24.2
BMI,여,20~24세,74,24.3
BMI,여,20~24세,75,24.4
BMI,여,20~24세,76,24.5
BMI,여,20~24세,77,24.6
BMI,여,20~24세,78,24.7
BMI,여,20~24세,79,24.8
BMI,여,20~24세,80,24.9
BMI,여,20~24세,81,25
BMI,여,20~24세,82,25.4
BMI,여,20~24세,83,25.8
BMI,여,20~24세,84,26.2
BMI,여,20~24세,85,26.6
BMI,여,20~24세,86,26.9
BMI,여,20~24세,87,27.3
BMI,여,20~24세,88,27.7
BMI,여,20~24세,89,28.1
BMI,여,20~24세,90,28.5
BMI,여,20~24세,91,28.9
BMI,여,20~24세,92,29.2
BMI,여,20~24세,93,29.6
BMI,여,20~24세,94,30
BMI,여,20~24세,95,31.8
BMI,여,20~24세,96,33.6
BMI,여,20~24세,97,35.4
BMI,여,20~24세,98,37.1
BMI,여,20~24세,99,38.9
BMI,여,20~24세,100,50
BMI,남,25~29세,1,16.3
BMI,남,25~29세,2,18.5
BMI,남,25~29세,3,18.6
BMI,남,25~29세,4,18.8
BMI,남,25~29세,5,18.9
BMI,남,25~29세,6,19
BMI,남,25~29세,7,19.2
BMI,남,25~29세,8,19.3
BMI,남,25~29세,9,19.4
BMI,남,25~29세,10,19.6
BMI,남,25~29세,11,19.7
BMI,남,25~29세,12,19.8
BMI,남,25~29세,13,19.9
BMI,남,25~29세,14,20.1
BMI,남,25~29세,15,20.2
BMI,남,25~29세,16,20.3
BMI,남,25~29세,17,20.5
BMI,남,25~29세,18,20.6
BMI,남,25~29세,19,20.7
BMI,남,25~29세,20,20.9
BMI,남,25~29세,21,21
BMI,남,25~29세,22,21.1
BMI,남,25~29세,23,21.3
BMI,남,25~29세,24,21.4
BMI,남,25~29세,25,21.5
BMI,남,25~29세,26,21.7
BMI,남,25~29세,27,21.8
BMI,남,25~29세,28,21.9
BMI,남,25~29세,29,22.1
BMI,남,25~29세,30,22.2
BMI,남,25~29세,31,22.3
BMI,남,25~29세,32,22.4
BMI,남,25~29세,33,22.6
BMI,남,25~29세,34,22.7
BMI,남,25~29세,35,22.8
BMI,남,25~29세,36,23
BMI,남,25~29세,37,23.1
BMI,남,25~29세,38,23.2
BMI,남,25~29세,39,23.4
BMI,남,25~29세,40,23.5
BMI,남,25~29세,41,23.6
BMI,남,25~29세,42,23.8
BMI,남,25~29세,43,23.9
BMI,남,25~29세,44,24
BMI,남,25~29세,45,24.2
BMI,남,25~29세,46,24.3
BMI,남,25~29세,47,24.4
BMI,남,25~29세,48,24.5
BMI,남,25~29세,49,24.7
BMI,남,25~29세,50,24.8
BMI,남,25~29세,51,24.9
BMI,남,25~29세,52,25.1
BMI,남,25~29세,53,25.2
BMI,남,25~29세,54,25.4
BMI,남,25~29세,55,25.5
BMI,남,25~29세,56,25.6
BMI,남,25~29세,57,25.8
BMI,남,25~29세,58,25.9
BMI,남,25~29세,59,26.1
BMI,남,25~29세,60,26.2
BMI,남,25~29세,61,26.3
BMI,남,25~29세,62,26.5
BMI,남,25~29세,63,26.6
BMI,남,25~29세,64,26.8
BMI,남,25~29세,65,26.9
BMI,남,25~29세,66,27
BMI,남,25~29세,67,27.2
BMI,남,25~29세,68,27.3
BMI,남,25~29세,69,27.5
BMI,남,25~29세,70,27.6
BMI,남,25~29세,71,27.7
BMI,남,25~29세,72,27.9
BMI,남,25~29세,73,28
BMI,남,25~29세,74,28.2
BMI,남,25~29세,75,28.3
BMI,남,25~29세,76,28.4
BMI,남,25~29세,77,28.6
BMI,남,25~29세,78,28.7
BMI,남,25~29세,79,28.9
BMI,남,25~29세,80,29
BMI,남,25~29세,81,29.2
BMI,남,25~29세,82,29.3
BMI,남,25~29세,83,29.4
BMI,남,25~29세,84,29.6
BMI,남,25~29세,85,29.7
BMI,남,25~29세,86,29.9
BMI,남,25~29세,87,30
BMI,남,25~29세,88,30.8
BMI,남,25~29세,89,31.6
BMI,남,25~29세,90,32.4
BMI,남,25~29세,91,33.2
BMI,남,25~29세,92,34
BMI,남,25~29세,93,34.8
BMI,남,25~29세,94,35.6
BMI,남,25~29세,95,36.4
BMI,남,25~29세,96,37.3
BMI,남,25~29세,97,38.1
BMI,남,25~29세,98,38.9
BMI,남,25~29세,99,39.7
BMI,남,25~29세,100,50
BMI,여,25~29세,1,14.4
BMI,여,25~29세,2,14.8
BMI,여,25~29세,3,15.2
BMI,여,25~29세,4,15.7
BMI,여,25~29세,5,16.1
BMI,여,25~29세,6,16.5
BMI,여,25~29세,7,16.9
BMI,여,25~29세,8,17.3
BMI,여,25~29세,9,17.7
BMI,여,25~29세,10,18.1
BMI,여,25~29세,11,18.5
BMI,여,25~29세,12,18.6
BMI,여,25~29세,13,18.7
BMI,여,25~29세,14,18.8
BMI,여,25~29세,15,18.9
BMI,여,25~29세,16,19
BMI,여,25~29세,17,19.1
BMI,여,25~29세,18,19.2
BMI,여,25~29세,19,19.3
BMI,여,25~29세,20,19.4
BMI,여,25~29세,21,19.5
BMI,여,25~29세,22,19.5
BMI,여,25~29세,23,19.6
BMI,여,25~29세,24,19.7
BMI,여,25~29세,25,19.8
BMI,여,25~29세,26,19.9
BMI,여,25~29세,27,20
BMI,여,25~29세,28,20.1
BMI,여,25~29세,29,20.2
BMI,여,25~29세,30,20.3
BMI,여,25~29세,31,20.4
BMI,여,25~29세,32,20.5
BMI,여,25~29세,33,20.6
BMI,여,25~29세,34,20.7
BMI,여,25~29세,35,20.8
BMI,여,25~29세,36,20.9
BMI,여,25~29세,37,21
BMI,여,25~29세,38,21
BMI,여,25~29세,39,21.1
BMI,여,25~29세,40,21.2
BMI,여,25~29세,41,21.3
BMI,여,25~29세,42,21.4
BMI,여,25~29세,43,21.5
BMI,여,25~29세,44,21.6
BMI,여,25~29세,45,21.7
BMI,여,25~29세,46,21.8
BMI,여,25~29세,47,21.9
BMI,여,25~29세,48,22
BMI,여,25~29세,49,22.1
BMI,여,25~29세,50,22.2
BMI,여,25~29세,51,22.3
BMI,여,25~29세,52,22.4
BMI,여,25~29세,53,22.5
BMI,여,25~29세,54,22.5
BMI,여,25~29세,55,22.6
BMI,여,25~29세,56,22.7
BMI,여,25~29세,57,22.8
BMI,여,25~29세,58,22.9
BMI,여,25~29세,59,23
BMI,여,25~29세,60,23.1
BMI,여,25~29세,61,23.2
BMI,여,25~29세,62,23.3
BMI,여,25~29세,63,23.4
BMI,여,25~29세,64,23.5
BMI,여,25~29세,65,23.6
BMI,여,25~29세,66,23.7
BMI,여,25~29세,67,23.8
BMI,여,25~29세,68,23.9
BMI,여,25~29세,69,24
BMI,여,25~29세,70,24
BMI,여,25~29세,71,24.1
BMI,여,25~29세,72,24.2
BMI,여,25~29세,73,24.3
BMI,여,25~29세,74,24.4
BMI,여,25~29세,75,24.5
BMI,여,25~29세,76,24.6
BMI,여,25~29세,77,24.7
BMI,여,25~29세,78,24.8
BMI,여,25~29세,79,24.9
BMI,여,25~29세,80,25
BMI,여,25~29세,81,25.3
BMI,여,25~29세,82,25.7
BMI,여,25~29세,83,26.1
BMI,여,25~29세,84,26.4
BMI,여,25~29세,85,26.8
BMI,여,25~29세,86,27.2
BMI,여,25~29세,87,27.5
BMI,여,25~29세,88,27.9
BMI,여,25~29세,89,28.3
BMI,여,25~29세,90,28.6
BMI,여,25~29세,91,29
BMI,여,25~29세,92,29.4
BMI,여,25~29세,93,29.7
BMI,여,25~29세,94,30.5
BMI,여,25~29세,95,32.2
BMI,여,25~29세,96,33.9
BMI,여,25~29세,97,35.6
BMI,여,25~29세,98,37.3
BMI,여,25~29세,99,39
BMI,여,25~29세,100,50
BMI,남,30~34세,1,18
BMI,남,30~34세,2,18.6
BMI,남,30~34세,3,18.8
BMI,남,30~34세,4,18.9
BMI,남,30~34세,5,19.1
BMI,남,30~34세,6,19.2
BMI,남,30~34세,7,19.4
BMI,남,30~34세,8,19.5
BMI,남,30~34세,9,19.7
BMI,남,30~34세,10,19.8
BMI,남,30~34세,11,20
BMI,남,30~34세,12,20.1
BMI,남,30~34세,13,20.3
BMI,남,30~34세,14,20.4
BMI,남,30~34세,15,20.6
BMI,남,30~34세,16,20.7
BMI,남,30~34세,17,20.9
BMI,남,30~34세,18,21
BMI,남,30~34세,19,21.1
BMI,남,30~34세,20,21.3
BMI,남,30~34세,21,21.4
BMI,남,30~34세,22,21.6
BMI,남,30~34세,23,21.7
BMI,남,30~34세,24,21.9
BMI,남,30~34세,25,22
BMI,남,30~34세,26,22.2
BMI,남,30~34세,27,22.3
BMI,남,30~34세,28,22.5
BMI,남,30~34세,29,22.6
BMI,남,30~34세,30,22.8
BMI,남,30~34세,31,22.9
BMI,남,30~34세,32,23.1
BMI,남,30~34세,33,23.2
BMI,남,30~34세,34,23.4
BMI,남,30~34세,35,23.5
BMI,남,30~34세,36,23.7
BMI,남,30~34세,37,23.8
BMI,남,30~34세,38,24
BMI,남,30~34세,39,24.1
BMI,남,30~34세,40,24.3
BMI,남,30~34세,41,24.4
BMI,남,30~34세,42,24.6
BMI,남,30~34세,43,24.7
BMI,남,30~34세,44,24.9
BMI,남,30~34세,45,25
BMI,남,30~34세,46,25.1
BMI,남,30~34세,47,25.3
BMI,남,30~34세,48,25.4
BMI,남,30~34세,49,25.5
BMI,남,30~34세,50,25.6
BMI,남,30~34세,51,25.7
BMI,남,30~34세,52,25.9
BMI,남,30~34세,53,26
BMI,남,30~34세,54,26.1
BMI,남,30~34세,55,26.2
BMI,남,30~34세,56,26.4
BMI,남,30~34세,57,26.5
BMI,남,30~34세,58,26.6
BMI,남,30~34세,59,26.7
BMI,남,30~34세,60,26.9
BMI,남,30~34세,61,27
BMI,남,30~34세,62,27.1
BMI,남,30~34세,63,27.2
BMI,남,30~34세,64,27.4
BMI,남,30~34세,65,27.5
BMI,남,30~34세,66,27.6
BMI,남,30~34세,67,27.7
BMI,남,30~34세,68,27.9
BMI,남,30~34세,69,28
BMI,남,30~34세,70,28.1
BMI,남,30~34세,71,28.2
BMI,남,30~34세,72,28.4
BMI,남,30~34세,73,28.5
BMI,남,30~34세,74,28.6
BMI,남,30~34세,75,28.7
BMI,남,30~34세,76,28.9
BMI,남,30~34세,77,29
BMI,남,30~34세,78,29.1
BMI,남,30~34세,79,29.2
BMI,남,30~34세,80,29.4
BMI,남,30~34세,81,29.5
BMI,남,30~34세,82,29.6
BMI,남,30~34세,83,29.7
BMI,남,30~34세,84,29.8
BMI,남,30~34세,85,30
BMI,남,30~34세,86,30.6
BMI,남,30~34세,87,31.3
BMI,남,30~34세,88,32
BMI,남,30~34세,89,32.7
BMI,남,30~34세,90,33.4
BMI,남,30~34세,91,34.1
BMI,남,30~34세,92,34.8
BMI,남,30~34세,93,35.5
BMI,남,30~34세,94,36.2
BMI,남,30~34세,95,36.9
BMI,남,30~34세,96,37.6
BMI,남,30~34세,97,38.4
BMI,남,30~34세,98,39.1
BMI,남,30~34세,99,39.8
BMI,남,30~34세,100,50
BMI,여,30~34세,1,14.5
BMI,여,30~34세,2,15
BMI,여,30~34세,3,15.5
BMI,여,30~34세,4,16
BMI,여,30~34세,5,16.5
BMI,여,30~34세,6,17
BMI,여,30~34세,7,17.5
BMI,여,30~34세,8,18
BMI,여,30~34세,9,18.5
BMI,여,30~34세,10,18.6
BMI,여,30~34세,11,18.7
BMI,여,30~34세,12,18.8
BMI,여,30~34세,13,18.9
BMI,여,30~34세,14,19
BMI,여,30~34세,15,19.1
BMI,여,30~34세,16,19.2
BMI,여,30~34세,17,19.3
BMI,여,30~34세,18,19.4
BMI,여,30~34세,19,19.5
BMI,여,30~34세,20,19.5
BMI,여,30~34세,21,19.6
BMI,여,30~34세,22,19.7
BMI,여,30~34세,23,19.8
BMI,여,30~34세,24,19.9
BMI,여,30~34세,25,20
BMI,여,30~34세,26,20.1
BMI,여,30~34세,27,20.2
BMI,여,30~34세,28,20.3
BMI,여,30~34세,29,20.4
BMI,여,30~34세,30,20.5
BMI,여,30~34세,31,20.6
BMI,여,30~34세,32,20.7
BMI,여,30~34세,33,20.8
BMI,여,30~34세,34,20.9
BMI,여,30~34세,35,21
BMI,여,30~34세,36,21.1
BMI,여,30~34세,37,21.2
BMI,여,30~34세,38,21.3
BMI,여,30~34세,39,21.4
BMI,여,30~34세,40,21.5
BMI,여,30~34세,41,21.5
BMI,여,30~34세,42,21.6
BMI,여,30~34세,43,21.7
BMI,여,30~34세,44,21.8
BMI,여,30~34세,45,21.9
BMI,여,30~34세,46,22
BMI,여,30~34세,47,22.1
BMI,여,30~34세,48,22.2
BMI,여,30~34세,49,22.3
BMI,여,30~34세,50,22.4
BMI,여,30~34세,51,22.5
BMI,여,30~34세,52,22.6
BMI,여,30~34세,53,22.7
BMI,여,30~34세,54,22.8
BMI,여,30~34세,55,22.9
BMI,여,30~34세,56,23
BMI,여,30~34세,57,23.1
BMI,여,30~34세,58,23.2
BMI,여,30~34세,59,23.3
BMI,여,30~34세,60,23.4
BMI,여,30~34세,61,23.5
BMI,여,30~34세,62,23.5
BMI,여,30~34세,63,23.6
BMI,여,30~34세,64,23.7
BMI,여,30~34세,65,23.8
BMI,여,30~34세,66,23.9
BMI,여,30~34세,67,24
BMI,여,30~34세,68,24.1
BMI,여,30~34세,69,24.2
BMI,여,30~34세,70,24.3
BMI,여,30~34세,71,24.4
BMI,여,30~34세,72,24.5
BMI,여,30~34세,73,24.6
BMI,여,30~34세,74,24.7
BMI,여,30~34세,75,24.8
BMI,여,30~34세,76,24.9
BMI,여,30~34세,77,25
BMI,여,30~34세,78,25.2
BMI,여,30~34세,79,25.6
BMI,여,30~34세,80,25.9
BMI,여,30~34세,81,26.2
BMI,여,30~34세,82,26.5
BMI,여,30~34세,83,26.8
BMI,여,30~34세,84,27.1
BMI,여,30~34세,85,27.5
BMI,여,30~34세,86,27.8
BMI,여,30~34세,87,28.1
BMI,여,30~34세,88,28.4
BMI,여,30~34세,89,28.7
BMI,여,30~34세,90,29.1
BMI,여,30~34세,91,29.4
BMI,여,30~34세,92,29.7
BMI,여,30~34세,93,30.1
BMI,여,30~34세,94,31.6
BMI,여,30~34세,95,33.1
BMI,여,30~34세,96,34.6
BMI,여,30~34세,97,36.1
BMI,여,30~34세,98,37.7
BMI,여,30~34세,99,39.2
BMI,여,30~34세,100,50
BMI,남,35~39세,1,18.5
BMI,남,35~39세,2,18.7
BMI,남,35~39세,3,18.9
BMI,남,35~39세,4,19
BMI,남,35~39세,5,19.2
BMI,남,35~39세,6,19.3
BMI,남,35~39세,7,19.5
BMI,남,35~39세,8,19.7
BMI,남,35~39세,9,19.8
BMI,남,35~39세,10,20
BMI,남,35~39세,11,20.2
BMI,남,35~39세,12,20.3
BMI,남,35~39세,13,20.5
BMI,남,35~39세,14,20.6
BMI,남,35~39세,15,20.8
BMI,남,35~39세,16,21
BMI,남,35~39세,17,21.1
BMI,남,35~39세,18,21.3
BMI,남,35~39세,19,21.5
BMI,남,35~39세,20,21.6
BMI,남,35~39세,21,21.8
BMI,남,35~39세,22,21.9
BMI,남,35~39세,23,22.1
BMI,남,35~39세,24,22.3
BMI,남,35~39세,25,22.4
BMI,남,35~39세,26,22.6
BMI,남,35~39세,27,22.8
BMI,남,35~39세,28,22.9
BMI,남,35~39세,29,23.1
BMI,남,35~39세,30,23.2
BMI,남,35~39세,31,23.4
BMI,남,35~39세,32,23.6
BMI,남,35~39세,33,23.7
BMI,남,35~39세,34,23.9
BMI,남,35~39세,35,24
BMI,남,35~39세,36,24.2
BMI,남,35~39세,37,24.4
BMI,남,35~39세,38,24.5
BMI,남,35~39세,39,24.7
BMI,남,35~39세,40,24.9
BMI,남,35~39세,41,25
BMI,남,35~39세,42,25.1
BMI,남,35~39세,43,25.2
BMI,남,35~39세,44,25.4
BMI,남,35~39세,45,25.5
BMI,남,35~39세,46,25.6
BMI,남,35~39세,47,25.7
BMI,남,35~39세,48,25.8
BMI,남,35~39세,49,25.9
BMI,남,35~39세,50,26.1
BMI,남,35~39세,51,26.2
BMI,남,35~39세,52,26.3
BMI,남,35~39세,53,26.4
BMI,남,35~39세,54,26.5
BMI,남,35~39세,55,26.6
BMI,남,35~39세,56,26.8
BMI,남,35~39세,57,26.9
BMI,남,35~39세,58,27
BMI,남,35~39세,59,27.1
BMI,남,35~39세,60,27.2
BMI,남,35~39세,61,27.3
BMI,남,35~39세,62,27.4
BMI,남,35~39세,63,27.6
BMI,남,35~39세,64,27.7
BMI,남,35~39세,65,27.8
BMI,남,35~39세,66,27.9
BMI,남,35~39세,67,28
BMI,남,35~39세,68,28.1
BMI,남,35~39세,69,28.3
BMI,남,35~39세,70,28.4
BMI,남,35~39세,71,28.5
BMI,남,35~39세,72,28.6
BMI,남,35~39세,73,28.7
BMI,남,35~39세,74,28.8
BMI,남,35~39세,75,28.9
BMI,남,35~39세,76,29.1
BMI,남,35~39세,77,29.2
BMI,남,35~39세,78,29.3
BMI,남,35~39세,79,29.4
BMI,남,35~39세,80,29.5
BMI,남,35~39세,81,29.6
BMI,남,35~39세,82,29.8
BMI,남,35~39세,83,29.9
BMI,남,35~39세,84,30
BMI,남,35~39세,85,30.6
BMI,남,35~39세,86,31.3
BMI,남,35~39세,87,31.9
BMI,남,35~39세,88,32.6
BMI,남,35~39세,89,33.2
BMI,남,35~39세,90,33.9
BMI,남,35~39세,91,34.5
BMI,남,35~39세,92,35.2
BMI,남,35~39세,93,35.8
BMI,남,35~39세,94,36.5
BMI,남,35~39세,95,37.1
BMI,남,35~39세,96,37.8
BMI,남,35~39세,97,38.5
BMI,남,35~39세,98,39.1
BMI,남,35~39세,99,39.8
BMI,남,35~39세,100,50
BMI,여,35~39세,1,14.6
BMI,여,35~39세,2,15.2
BMI,여,35~39세,3,15.8
BMI,여,35~39세,4,16.5
BMI,여,35~39세,5,17.1
BMI,여,35~39세,6,17.7
BMI,여,35~39세,7,18.3
BMI,여,35~39세,8,18.6
BMI,여,35~39세,9,18.7
BMI,여,35~39세,10,18.8
BMI,여,35~39세,11,18.9
BMI,여,35~39세,12,19
BMI,여,35~39세,13,19.1
BMI,여,35~39세,14,19.1
BMI,여,35~39세,15,19.2
BMI,여,35~39세,16,19.3
BMI,여,35~39세,17,19.4
BMI,여,35~39세,18,19.5
BMI,여,35~39세,19,19.6
BMI,여,35~39세,20,19.7
BMI,여,35~39세,21,19.8
BMI,여,35~39세,22,19.9
BMI,여,35~39세,23,20
BMI,여,35~39세,24,20.1
BMI,여,35~39세,25,20.2
BMI,여,35~39세,26,20.3
BMI,여,35~39세,27,20.4
BMI,여,35~39세,28,20.5
BMI,여,35~39세,29,20.6
BMI,여,35~39세,30,20.7
BMI,여,35~39세,31,20.8
BMI,여,35~39세,32,20.9
BMI,여,35~39세,33,21
BMI,여,35~39세,34,21.1
BMI,여,35~39세,35,21.2
BMI,여,35~39세,36,21.3
BMI,여,35~39세,37,21.4
BMI,여,35~39세,38,21.5
BMI,여,35~39세,39,21.6
BMI,여,35~39세,40,21.7
BMI,여,35~39세,41,21.8
BMI,여,35~39세,42,21.9
BMI,여,35~39세,43,22
BMI,여,35~39세,44,22.1
BMI,여,35~39세,45,22.2
BMI,여,35~39세,46,22.3
BMI,여,35~39세,47,22.4
BMI,여,35~39세,48,22.5
BMI,여,35~39세,49,22.6
BMI,여,35~39세,50,22.7
BMI,여,35~39세,51,22.8
BMI,여,35~39세,52,22.9
BMI,여,35~39세,53,23
BMI,여,35~39세,54,23.1
BMI,여,35~39세,55,23.1
BMI,여,35~39세,56,23.2
BMI,여,35~39세,57,23.3
BMI,여,35~39세,58,23.4
BMI,여,35~39세,59,23.5
BMI,여,35~39세,60,23.6
BMI,여,35~39세,61,23.7
BMI,여,35~39세,62,23.8
BMI,여,35~39세,63,23.9
BMI,여,35~39세,64,24
BMI,여,35~39세,65,24.1
BMI,여,35~39세,66,24.2
BMI,여,35~39세,67,24.3
BMI,여,35~39세,68,24.4
BMI,여,35~39세,69,24.5
BMI,여,35~39세,70,24.6
BMI,여,35~39세,71,24.7
BMI,여,35~39세,72,24.8
BMI,여,35~39세,73,24.9
BMI,여,35~39세,74,25
BMI,여,35~39세,75,25.3
BMI,여,35~39세,76,25.6
BMI,여,35~39세,77,25.8
BMI,여,35~39세,78,26.1
BMI,여,35~39세,79,26.4
BMI,여,35~39세,80,26.7
BMI,여,35~39세,81,26.9
BMI,여,35~39세,82,27.2
BMI,여,35~39세,83,27.5
BMI,여,35~39세,84,27.8
BMI,여,35~39세,85,28
BMI,여,35~39세,86,28.3
BMI,여,35~39세,87,28.6
BMI,여,35~39세,88,28.9
BMI,여,35~39세,89,29.1
BMI,여,35~39세,90,29.4
BMI,여,35~39세,91,29.7
BMI,여,35~39세,92,30
BMI,여,35~39세,93,31.1
BMI,여,35~39세,94,32.5
BMI,여,35~39세,95,33.8
BMI,여,35~39세,96,35.2
BMI,여,35~39세,97,36.5
BMI,여,35~39세,98,37.9
BMI,여,35~39세,99,39.3
BMI,여,35~39세,100,50
BMI,남,40~44세,1,18.5
BMI,남,40~44세,2,18.7
BMI,남,40~44세,3,18.8
BMI,남,40~44세,4,19
BMI,남,40~44세,5,19.2
BMI,남,40~44세,6,19.3
BMI,남,40~44세,7,19.5
BMI,남,40~44세,8,19.6
BMI,남,40~44세,9,19.8
BMI,남,40~44세,10,19.9
BMI,남,40~44세,11,20.1
BMI,남,40~44세,12,20.3
BMI,남,40~44세,13,20.4
BMI,남,40~44세,14,20.6
BMI,남,40~44세,15,20.7
BMI,남,40~44세,16,20.9
BMI,남,40~44세,17,21
BMI,남,40~44세,18,21.2
BMI,남,40~44세,19,21.4
BMI,남,40~44세,20,21.5
BMI,남,40~44세,21,21.7
BMI,남,40~44세,22,21.8
BMI,남,40~44세,23,22
BMI,남,40~44세,24,22.1
BMI,남,40~44세,25,22.3
BMI,남,40~44세,26,22.5
BMI,남,40~44세,27,22.6
BMI,남,40~44세,28,22.8
BMI,남,40~44세,29,22.9
BMI,남,40~44세,30,23.1
BMI,남,40~44세,31,23.2
BMI,남,40~44세,32,23.4
BMI,남,40~44세,33,23.6
BMI,남,40~44세,34,23.7
BMI,남,40~44세,35,23.9
BMI,남,40~44세,36,24
BMI,남,40~44세,37,24.2
BMI,남,40~44세,38,24.3
BMI,남,40~44세,39,24.5
BMI,남,40~44세,40,24.7
BMI,남,40~44세,41,24.8
BMI,남,40~44세,42,25
BMI,남,40~44세,43,25.1
BMI,남,40~44세,44,25.2
BMI,남,40~44세,45,25.3
BMI,남,40~44세,46,25.4
BMI,남,40~44세,47,25.5
BMI,남,40~44세,48,25.7
BMI,남,40~44세,49,25.8
BMI,남,40~44세,50,25.9
BMI,남,40~44세,51,26
BMI,남,40~44세,52,26.1
BMI,남,40~44세,53,26.2
BMI,남,40~44세,54,26.3
BMI,남,40~44세,55,26.4
BMI,남,40~44세,56,26.6
BMI,남,40~44세,57,26.7
BMI,남,40~44세,58,26.8
BMI,남,40~44세,59,26.9
BMI,남,40~44세,60,27
BMI,남,40~44세,61,27.1
BMI,남,40~44세,62,27.2
BMI,남,40~44세,63,27.3
BMI,남,40~44세,64,27.5
BMI,남,40~44세,65,27.6
BMI,남,40~44세,66,27.7
BMI,남,40~44세,67,27.8
BMI,남,40~44세,68,27.9
BMI,남,40~44세,69,28
BMI,남,40~44세,70,28.1
BMI,남,40~44세,71,28.3
BMI,남,40~44세,72,28.4
BMI,남,40~44세,73,28.5
BMI,남,40~44세,74,28.6
BMI,남,40~44세,75,28.7
BMI,남,40~44세,76,28.8
BMI,남,40~44세,77,28.9
BMI,남,40~44세,78,29
BMI,남,40~44세,79,29.2
BMI,남,40~44세,80,29.3
BMI,남,40~44세,81,29.4
BMI,남,40~44세,82,29.5
BMI,남,40~44세,83,29.6
BMI,남,40~44세,84,29.7
BMI,남,40~44세,85,29.8
BMI,남,40~44세,86,29.9
BMI,남,40~44세,87,30.4
BMI,남,40~44세,88,31.2
BMI,남,40~44세,89,31.9
BMI,남,40~44세,90,32.7
BMI,남,40~44세,91,33.4
BMI,남,40~44세,92,34.2
BMI,남,40~44세,93,35
BMI,남,40~44세,94,35.7
BMI,남,40~44세,95,36.5
BMI,남,40~44세,96,37.2
BMI,남,40~44세,97,38
BMI,남,40~44세,98,38.8
BMI,남,40~44세,99,39.5
BMI,남,40~44세,100,50
BMI,여,40~44세,1,14.7
BMI,여,40~44세,2,15.4
BMI,여,40~44세,3,16.1
BMI,여,40~44세,4,16.8
BMI,여,40~44세,5,17.6
BMI,여,40~44세,6,18.3
BMI,여,40~44세,7,18.6
BMI,여,40~44세,8,18.7
BMI,여,40~44세,9,18.8
BMI,여,40~44세,10,18.9
BMI,여,40~44세,11,18.9
BMI,여,40~44세,12,19
BMI,여,40~44세,13,19.1
BMI,여,40~44세,14,19.2
BMI,여,40~44세,15,19.3
BMI,여,40~44세,16,19.4
BMI,여,40~44세,17,19.5
BMI,여,40~44세,18,19.6
BMI,여,40~44세,19,19.7
BMI,여,40~44세,20,19.8
BMI,여,40~44세,21,19.9
BMI,여,40~44세,22,20
BMI,여,40~44세,23,20.1
BMI,여,40~44세,24,20.2
BMI,여,40~44세,25,20.3
BMI,여,40~44세,26,20.4
BMI,여,40~44세,27,20.5
BMI,여,40~44세,28,20.6
BMI,여,40~44세,29,20.7
BMI,여,40~44세,30,20.8
BMI,여,40~44세,31,20.9
BMI,여,40~44세,32,21
BMI,여,40~44세,33,21.1
BMI,여,40~44세,34,21.2
BMI,여,40~44세,35,21.3
BMI,여,40~44세,36,21.4
BMI,여,40~44세,37,21.4
BMI,여,40~44세,38,21.5
BMI,여,40~44세,39,21.6
BMI,여,40~44세,40,21.7
BMI,여,40~44세,41,21.8
BMI,여,40~44세,42,21.9
BMI,여,40~44세,43,22
BMI,여,40~44세,44,22.1
BMI,여,40~44세,45,22.2
BMI,여,40~44세,46,22.3
BMI,여,40~44세,47,22.4
BMI,여,40~44세,48,22.5
BMI,여,40~44세,49,22.6
BMI,여,40~44세,50,22.7
BMI,여,40~44세,51,22.8
BMI,여,40~44세,52,22.9
BMI,여,40~44세,53,23
BMI,여,40~44세,54,23.1
BMI,여,40~44세,55,23.2
BMI,여,40~44세,56,23.3
BMI,여,40~44세,57,23.4
BMI,여,40~44세,58,23.5
BMI,여,40~44세,59,23.6
BMI,여,40~44세,60,23.7
BMI,여,40~44세,61,23.8
BMI,여,40~44세,62,23.9
BMI,여,40~44세,63,23.9
BMI,여,40~44세,64,24
BMI,여,40~44세,65,24.1
BMI,여,40~44세,66,24.2
BMI,여,40~44세,67,24.3
BMI,여,40~44세,68,24.4
BMI,여,40~44세,69,24.5
BMI,여,40~44세,70,24.6
BMI,여,40~44세,71,24.7
BMI,여,40~44세,72,24.8
BMI,여,40~44세,73,24.9
BMI,여,40~44세,74,25
BMI,여,40~44세,75,25.3
BMI,여,40~44세,76,25.5
BMI,여,40~44세,77,25.8
BMI,여,40~44세,78,26.1
BMI,여,40~44세,79,26.3
BMI,여,40~44세,80,26.6
BMI,여,40~44세,81,26.8
BMI,여,40~44세,82,27.1
BMI,여,40~44세,83,27.4
BMI,여,40~44세,84,27.6
BMI,여,40~44세,85,27.9
BMI,여,40~44세,86,28.2
BMI,여,40~44세,87,28.4
BMI,여,40~44세,88,28.7
BMI,여,40~44세,89,28.9
BMI,여,40~44세,90,29.2
BMI,여,40~44세,91,29.5
BMI,여,40~44세,92,29.7
BMI,여,40~44세,93,30
BMI,여,40~44세,94,31.4
BMI,여,40~44세,95,32.9
BMI,여,40~44세,96,34.4
BMI,여,40~44세,97,35.9
BMI,여,40~44세,98,37.4
BMI,여,40~44세,99,38.9
BMI,여,40~44세,100,50
BMI,남,45~49세,1,18.5
BMI,남,45~49세,2,18.7
BMI,남,45~49세,3,18.8
BMI,남,45~49세,4,19
BMI,남,45~49세,5,19.1
BMI,남,45~49세,6,19.3
BMI,남,45~49세,7,19.4
BMI,남,45~49세,8,19.6
BMI,남,45~49세,9,19.7
BMI,남,45~49세,10,19.9
BMI,남,45~49세,11,20
BMI,남,45~49세,12,20.2
BMI,남,45~49세,13,20.3
BMI,남,45~49세,14,20.5
BMI,남,45~49세,15,20.6
BMI,남,45~49세,16,20.8
BMI,남,45~49세,17,20.9
BMI,남,45~49세,18,21.1
BMI,남,45~49세,19,21.2
BMI,남,45~49세,20,21.4
BMI,남,45~49세,21,21.5
BMI,남,45~49세,22,21.6
BMI,남,45~49세,23,21.8
BMI,남,45~49세,24,21.9
BMI,남,45~49세,25,22.1
BMI,남,45~49세,26,22.2
BMI,남,45~49세,27,22.4
BMI,남,45~49세,28,22.5
BMI,남,45~49세,29,22.7
BMI,남,45~49세,30,22.8
BMI,남,45~49세,31,23
BMI,남,45~49세,32,23.1
BMI,남,45~49세,33,23.3
BMI,남,45~49세,34,23.4
BMI,남,45~49세,35,23.6
BMI,남,45~49세,36,23.7
BMI,남,45~49세,37,23.9
BMI,남,45~49세,38,24
BMI,남,45~49세,39,24.2
BMI,남,45~49세,40,24.3
BMI,남,45~49세,41,24.5
BMI,남,45~49세,42,24.6
BMI,남,45~49세,43,24.8
BMI,남,45~49세,44,24.9
BMI,남,45~49세,45,25.1
BMI,남,45~49세,46,25.2
BMI,남,45~49세,47,25.3
BMI,남,45~49세,48,25.4
BMI,남,45~49세,49,25.5
BMI,남,45~49세,50,25.6
BMI,남,45~49세,51,25.7
BMI,남,45~49세,52,25.8
BMI,남,45~49세,53,26
BMI,남,45~49세,54,26.1
BMI,남,45~49세,55,26.2
BMI,남,45~49세,56,26.3
BMI,남,45~49세,57,26.4
BMI,남,45~49세,58,26.5
BMI,남,45~49세,59,26.6
BMI,남,45~49세,60,26.7
BMI,남,45~49세,61,26.8
BMI,남,45~49세,62,27
BMI,남,45~49세,63,27.1
BMI,남,45~49세,64,27.2
BMI,남,45~49세,65,27.3
BMI,남,45~49세,66,27.4
BMI,남,45~49세,67,27.5
BMI,남,45~49세,68,27.6
BMI,남,45~49세,69,27.7
BMI,남,45~49세,70,27.9
BMI,남,45~49세,71,28
BMI,남,45~49세,72,28.1
BMI,남,45~49세,73,28.2
BMI,남,45~49세,74,28.3
BMI,남,45~49세,75,28.4
BMI,남,45~49세,76,28.5
BMI,남,45~49세,77,28.6
BMI,남,45~49세,78,28.8
BMI,남,45~49세,79,28.9
BMI,남,45~49세,80,29
BMI,남,45~49세,81,29.1
BMI,남,45~49세,82,29.2
BMI,남,45~49세,83,29.3
BMI,남,45~49세,84,29.4
BMI,남,45~49세,85,29.5
BMI,남,45~49세,86,29.6
BMI,남,45~49세,87,29.8
BMI,남,45~49세,88,29.9
BMI,남,45~49세,89,30
BMI,남,45~49세,90,30.8
BMI,남,45~49세,91,31.8
BMI,남,45~49세,92,32.7
BMI,남,45~49세,93,33.6
BMI,남,45~49세,94,34.6
BMI,남,45~49세,95,35.5
BMI,남,45~49세,96,36.4
BMI,남,45~49세,97,37.4
BMI,남,45~49세,98,38.3
BMI,남,45~49세,99,39.3
BMI,남,45~49세,100,50
BMI,여,45~49세,1,14.9
BMI,여,45~49세,2,15.8
BMI,여,45~49세,3,16.7
BMI,여,45~49세,4,17.6
BMI,여,45~49세,5,18.4
BMI,여,45~49세,6,18.6
BMI,여,45~49세,7,18.7
BMI,여,45~49세,8,18.8
BMI,여,45~49세,9,18.9
BMI,여,45~49세,10,19
BMI,여,45~49세,11,19.1
BMI,여,45~49세,12,19.2
BMI,여,45~49세,13,19.3
BMI,여,45~49세,14,19.4
BMI,여,45~49세,15,19.5
BMI,여,45~49세,16,19.6
BMI,여,45~49세,17,19.6
BMI,여,45~49세,18,19.7
BMI,여,45~49세,19,19.8
BMI,여,45~49세,20,19.9
BMI,여,45~49세,21,20
BMI,여,45~49세,22,20.1
BMI,여,45~49세,23,20.2
BMI,여,45~49세,24,20.3
BMI,여,45~49세,25,20.4
BMI,여,45~49세,26,20.5
BMI,여,45~49세,27,20.6
BMI,여,45~49세,28,20.7
BMI,여,45~49세,29,20.8
BMI,여,45~49세,30,20.9
BMI,여,45~49세,31,21
BMI,여,45~49세,32,21.1
BMI,여,45~49세,33,21.2
BMI,여,45~49세,34,21.3
BMI,여,45~49세,35,21.4
BMI,여,45~49세,36,21.5
BMI,여,45~49세,37,21.6
BMI,여,45~49세,38,21.7
BMI,여,45~49세,39,21.8
BMI,여,45~49세,40,21.9
BMI,여,45~49세,41,22
BMI,여,45~49세,42,22.1
BMI,여,45~49세,43,22.1
BMI,여,45~49세,44,22.2
BMI,여,45~49세,45,22.3
BMI,여,45~49세,46,22.4
BMI,여,45~49세,47,22.5
BMI,여,45~49세,48,22.6
BMI,여,45~49세,49,22.7
BMI,여,45~49세,50,22.8
BMI,여,45~49세,51,22.9
BMI,여,45~49세,52,23
BMI,여,45~49세,53,23.1
BMI,여,45~49세,54,23.2
BMI,여,45~49세,55,23.3
BMI,여,45~49세,56,23.4
BMI,여,45~49세,57,23.5
BMI,여,45~49세,58,23.6
BMI,여,45~49세,59,23.7
BMI,여,45~49세,60,23.8
BMI,여,45~49세,61,23.9
BMI,여,45~49세,62,24
BMI,여,45~49세,63,24.1
BMI,여,45~49세,64,24.2
BMI,여,45~49세,65,24.3
BMI,여,45~49세,66,24.4
BMI,여,45~49세,67,24.5
BMI,여,45~49세,68,24.5
BMI,여,45~49세,69,24.6
BMI,여,45~49세,70,24.7
BMI,여,45~49세,71,24.8
BMI,여,45~49세,72,24.9
BMI,여,45~49세,73,25.1
BMI,여,45~49세,74,25.3
BMI,여,45~49세,75,25.6
BMI,여,45~49세,76,25.8
BMI,여,45~49세,77,26
BMI,여,45~49세,78,26.3
BMI,여,45~49세,79,26.5
BMI,여,45~49세,80,26.7
BMI,여,45~49세,81,27
BMI,여,45~49세,82,27.2
BMI,여,45~49세,83,27.5
BMI,여,45~49세,84,27.7
BMI,여,45~49세,85,27.9
BMI,여,45~49세,86,28.2
BMI,여,45~49세,87,28.4
BMI,여,45~49세,88,28.6
BMI,여,45~49세,89,28.9
BMI,여,45~49세,90,29.1
BMI,여,45~49세,91,29.4
BMI,여,45~49세,92,29.6
BMI,여,45~49세,93,29.8
BMI,여,45~49세,94,30.5
BMI,여,45~49세,95,32.2
BMI,여,45~49세,96,33.8
BMI,여,45~49세,97,35.4
BMI,여,45~49세,98,37.1
BMI,여,45~49세,99,38.7
BMI,여,45~49세,100,50
BMI,남,50~54세,1,18.5
BMI,남,50~54세,2,18.6
BMI,남,50~54세,3,18.8
BMI,남,50~54세,4,18.9
BMI,남,50~54세,5,19.1
BMI,남,50~54세,6,19.2
BMI,남,50~54세,7,19.3
BMI,남,50~54세,8,19.5
BMI,남,50~54세,9,19.6
BMI,남,50~54세,10,19.7
BMI,남,50~54세,11,19.9
BMI,남,50~54세,12,20
BMI,남,50~54세,13,20.2
BMI,남,50~54세,14,20.3
BMI,남,50~54세,15,20.4
BMI,남,50~54세,16,20.6
BMI,남,50~54세,17,20.7
BMI,남,50~54세,18,20.8
BMI,남,50~54세,19,21
BMI,남,50~54세,20,21.1
BMI,남,50~54세,21,21.3
BMI,남,50~54세,22,21.4
BMI,남,50~54세,23,21.5
BMI,남,50~54세,24,21.7
BMI,남,50~54세,25,21.8
BMI,남,50~54세,26,21.9
BMI,남,50~54세,27,22.1
BMI,남,50~54세,28,22.2
BMI,남,50~54세,29,22.4
BMI,남,50~54세,30,22.5
BMI,남,50~54세,31,22.6
BMI,남,50~54세,32,22.8
BMI,남,50~54세,33,22.9
BMI,남,50~54세,34,23
BMI,남,50~54세,35,23.2
BMI,남,50~54세,36,23.3
BMI,남,50~54세,37,23.5
BMI,남,50~54세,38,23.6
BMI,남,50~54세,39,23.7
BMI,남,50~54세,40,23.9
BMI,남,50~54세,41,24
BMI,남,50~54세,42,24.1
BMI,남,50~54세,43,24.3
BMI,남,50~54세,44,24.4
BMI,남,50~54세,45,24.6
BMI,남,50~54세,46,24.7
BMI,남,50~54세,47,24.8
BMI,남,50~54세,48,25
BMI,남,50~54세,49,25.1
BMI,남,50~54세,50,25.2
BMI,남,50~54세,51,25.3
BMI,남,50~54세,52,25.4
BMI,남,50~54세,53,25.6
BMI,남,50~54세,54,25.7
BMI,남,50~54세,55,25.8
BMI,남,50~54세,56,25.9
BMI,남,50~54세,57,26
BMI,남,50~54세,58,26.1
BMI,남,50~54세,59,26.2
BMI,남,50~54세,60,26.3
BMI,남,50~54세,61,26.5
BMI,남,50~54세,62,26.6
BMI,남,50~54세,63,26.7
BMI,남,50~54세,64,26.8
BMI,남,50~54세,65,26.9
BMI,남,50~54세,66,27
BMI,남,50~54세,67,27.1
BMI,남,50~54세,68,27.3
BMI,남,50~54세,69,27.4
BMI,남,50~54세,70,27.5
BMI,남,50~54세,71,27.6
BMI,남,50~54세,72,27.7
BMI,남,50~54세,73,27.8
BMI,남,50~54세,74,27.9
BMI,남,50~54세,75,28.1
BMI,남,50~54세,76,28.2
BMI,남,50~54세,77,28.3
BMI,남,50~54세,78,28.4
BMI,남,50~54세,79,28.5
BMI,남,50~54세,80,28.6
BMI,남,50~54세,81,28.7
BMI,남,50~54세,82,28.9
BMI,남,50~54세,83,29
BMI,남,50~54세,84,29.1
BMI,남,50~54세,85,29.2
BMI,남,50~54세,86,29.3
BMI,남,50~54세,87,29.4
BMI,남,50~54세,88,29.5
BMI,남,50~54세,89,29.7
BMI,남,50~54세,90,29.8
BMI,남,50~54세,91,29.9
BMI,남,50~54세,92,30
BMI,남,50~54세,93,31.3
BMI,남,50~54세,94,32.6
BMI,남,50~54세,95,33.8
BMI,남,50~54세,96,35.1
BMI,남,50~54세,97,36.3
BMI,남,50~54세,98,37.6
BMI,남,50~54세,99,38.9
BMI,남,50~54세,100,50
BMI,여,50~54세,1,15
BMI,여,50~54세,2,15.9
BMI,여,50~54세,3,16.9
BMI,여,50~54세,4,17.9
BMI,여,50~54세,5,18.5
BMI,여,50~54세,6,18.6
BMI,여,50~54세,7,18.7
BMI,여,50~54세,8,18.8
BMI,여,50~54세,9,18.9
BMI,여,50~54세,10,19
BMI,여,50~54세,11,19.1
BMI,여,50~54세,12,19.2
BMI,여,50~54세,13,19.3
BMI,여,50~54세,14,19.4
BMI,여,50~54세,15,19.5
BMI,여,50~54세,16,19.6
BMI,여,50~54세,17,19.7
BMI,여,50~54세,18,19.8
BMI,여,50~54세,19,19.9
BMI,여,50~54세,20,20
BMI,여,50~54세,21,20.1
BMI,여,50~54세,22,20.2
BMI,여,50~54세,23,20.3
BMI,여,50~54세,24,20.4
BMI,여,50~54세,25,20.5
BMI,여,50~54세,26,20.5
BMI,여,50~54세,27,20.6
BMI,여,50~54세,28,20.7
BMI,여,50~54세,29,20.8
BMI,여,50~54세,30,20.9
BMI,여,50~54세,31,21
BMI,여,50~54세,32,21.1
BMI,여,50~54세,33,21.2
BMI,여,50~54세,34,21.3
BMI,여,50~54세,35,21.4
BMI,여,50~54세,36,21.5
BMI,여,50~54세,37,21.6
BMI,여,50~54세,38,21.7
BMI,여,50~54세,39,21.8
BMI,여,50~54세,40,21.9
BMI,여,50~54세,41,22
BMI,여,50~54세,42,22.1
BMI,여,50~54세,43,22.2
BMI,여,50~54세,44,22.3
BMI,여,50~54세,45,22.4
BMI,여,50~54세,46,22.5
BMI,여,50~54세,47,22.6
BMI,여,50~54세,48,22.7
BMI,여,50~54세,49,22.8
BMI,여,50~54세,50,22.9
BMI,여,50~54세,51,22.9
BMI,여,50~54세,52,23
BMI,여,50~54세,53,23.1
BMI,여,50~54세,54,23.2
BMI,여,50~54세,55,23.3
BMI,여,50~54세,56,23.4
BMI,여,50~54세,57,23.5
BMI,여,50~54세,58,23.6
BMI,여,50~54세,59,23.7
BMI,여,50~54세,60,23.8
BMI,여,50~54세,61,23.9
BMI,여,50~54세,62,24
BMI,여,50~54세,63,24.1
BMI,여,50~54세,64,24.2
BMI,여,50~54세,65,24.3
BMI,여,50~54세,66,24.4
BMI,여,50~54세,67,24.5
BMI,여,50~54세,68,24.6
BMI,여,50~54세,69,24.7
BMI,여,50~54세,70,24.8
BMI,여,50~54세,71,24.9
BMI,여,50~54세,72,25
BMI,여,50~54세,73,25.1
BMI,여,50~54세,74,25.4
BMI,여,50~54세,75,25.6
BMI,여,50~54세,76,25.8
BMI,여,50~54세,77,26
BMI,여,50~54세,78,26.3
BMI,여,50~54세,79,26.5
BMI,여,50~54세,80,26.7
BMI,여,50~54세,81,26.9
BMI,여,50~54세,82,27.2
BMI,여,50~54세,83,27.4
BMI,여,50~54세,84,27.6
BMI,여,50~54세,85,27.8
BMI,여,50~54세,86,28.1
BMI,여,50~54세,87,28.3
BMI,여,50~54세,88,28.5
BMI,여,50~54세,89,28.7
BMI,여,50~54세,90,29
BMI,여,50~54세,91,29.2
BMI,여,50~54세,92,29.4
BMI,여,50~54세,93,29.6
BMI,여,50~54세,94,29.9
BMI,여,50~54세,95,30.7
BMI,여,50~54세,96,32.6
BMI,여,50~54세,97,34.5
BMI,여,50~54세,98,36.4
BMI,여,50~54세,99,38.3
BMI,여,50~54세,100,50
BMI,남,55~59세,1,18.1
BMI,남,55~59세,2,18.6
BMI,남,55~59세,3,18.7
BMI,남,55~59세,4,18.9
BMI,남,55~59세,5,19
BMI,남,55~59세,6,19.1
BMI,남,55~59세,7,19.3
BMI,남,55~59세,8,19.4
BMI,남,55~59세,9,19.5
BMI,남,55~59세,10,19.6
BMI,남,55~59세,11,19.8
BMI,남,55~59세,12,19.9
BMI,남,55~59세,13,20
BMI,남,55~59세,14,20.2
BMI,남,55~59세,15,20.3
BMI,남,55~59세,16,20.4
BMI,남,55~59세,17,20.6
BMI,남,55~59세,18,20.7
BMI,남,55~59세,19,20.8
BMI,남,55~59세,20,20.9
BMI,남,55~59세,21,21.1
BMI,남,55~59세,22,21.2
BMI,남,55~59세,23,21.3
BMI,남,55~59세,24,21.5
BMI,남,55~59세,25,21.6
BMI,남,55~59세,26,21.7
BMI,남,55~59세,27,21.8
BMI,남,55~59세,28,22
BMI,남,55~59세,29,22.1
BMI,남,55~59세,30,22.2
BMI,남,55~59세,31,22.4
BMI,남,55~59세,32,22.5
BMI,남,55~59세,33,22.6
BMI,남,55~59세,34,22.7
BMI,남,55~59세,35,22.9
BMI,남,55~59세,36,23
BMI,남,55~59세,37,23.1
BMI,남,55~59세,38,23.3
BMI,남,55~59세,39,23.4
BMI,남,55~59세,40,23.5
BMI,남,55~59세,41,23.6
BMI,남,55~59세,42,23.8
BMI,남,55~59세,43,23.9
BMI,남,55~59세,44,24
BMI,남,55~59세,45,24.2
BMI,남,55~59세,46,24.3
BMI,남,55~59세,47,24.4
BMI,남,55~59세,48,24.5
BMI,남,55~59세,49,24.7
BMI,남,55~59세,50,24.8
BMI,남,55~59세,51,24.9
BMI,남,55~59세,52,25.1
BMI,남,55~59세,53,25.2
BMI,남,55~59세,54,25.3
BMI,남,55~59세,55,25.4
BMI,남,55~59세,56,25.5
BMI,남,55~59세,57,25.6
BMI,남,55~59세,58,25.8
BMI,남,55~59세,59,25.9
BMI,남,55~59세,60,26
BMI,남,55~59세,61,26.1
BMI,남,55~59세,62,26.2
BMI,남,55~59세,63,26.3
BMI,남,55~59세,64,26.5
BMI,남,55~59세,65,26.6
BMI,남,55~59세,66,26.7
BMI,남,55~59세,67,26.8
BMI,남,55~59세,68,26.9
BMI,남,55~59세,69,27.1
BMI,남,55~59세,70,27.2
BMI,남,55~59세,71,27.3
BMI,남,55~59세,72,27.4
BMI,남,55~59세,73,27.5
BMI,남,55~59세,74,27.6
BMI,남,55~59세,75,27.8
BMI,남,55~59세,76,27.9
BMI,남,55~59세,77,28
BMI,남,55~59세,78,28.1
BMI,남,55~59세,79,28.2
BMI,남,55~59세,80,28.3
BMI,남,55~59세,81,28.5
BMI,남,55~59세,82,28.6
BMI,남,55~59세,83,28.7
BMI,남,55~59세,84,28.8
BMI,남,55~59세,85,28.9
BMI,남,55~59세,86,29
BMI,남,55~59세,87,29.2
BMI,남,55~59세,88,29.3
BMI,남,55~59세,89,29.4
BMI,남,55~59세,90,29.5
BMI,남,55~59세,91,29.6
BMI,남,55~59세,92,29.8
BMI,남,55~59세,93,29.9
BMI,남,55~59세,94,30
BMI,남,55~59세,95,31.5
BMI,남,55~59세,96,33.2
BMI,남,55~59세,97,35
BMI,남,55~59세,98,36.7
BMI,남,55~59세,99,38.4
BMI,남,55~59세,100,50
BMI,여,55~59세,1,15.4
BMI,여,55~59세,2,16.8
BMI,여,55~59세,3,18.2
BMI,여,55~59세,4,18.6
BMI,여,55~59세,5,18.7
BMI,여,55~59세,6,18.8
BMI,여,55~59세,7,18.9
BMI,여,55~59세,8,19
BMI,여,55~59세,9,19.1
BMI,여,55~59세,10,19.2
BMI,여,55~59세,11,19.3
BMI,여,55~59세,12,19.4
BMI,여,55~59세,13,19.5
BMI,여,55~59세,14,19.6
BMI,여,55~59세,15,19.7
BMI,여,55~59세,16,19.8
BMI,여,55~59세,17,19.9
BMI,여,55~59세,18,20
BMI,여,55~59세,19,20.1
BMI,여,55~59세,20,20.2
BMI,여,55~59세,21,20.3
BMI,여,55~59세,22,20.3
BMI,여,55~59세,23,20.4
BMI,여,55~59세,24,20.5
BMI,여,55~59세,25,20.6
BMI,여,55~59세,26,20.7
BMI,여,55~59세,27,20.8
BMI,여,55~59세,28,20.9
BMI,여,55~59세,29,21
BMI,여,55~59세,30,21.1
BMI,여,55~59세,31,21.2
BMI,여,55~59세,32,21.3
BMI,여,55~59세,33,21.4
BMI,여,55~59세,34,21.5
BMI,여,55~59세,35,21.6
BMI,여,55~59세,36,21.7
BMI,여,55~59세,37,21.8
BMI,여,55~59세,38,21.9
BMI,여,55~59세,39,22
BMI,여,55~59세,40,22.1
BMI,여,55~59세,41,22.2
BMI,여,55~59세,42,22.3
BMI,여,55~59세,43,22.4
BMI,여,55~59세,44,22.5
BMI,여,55~59세,45,22.6
BMI,여,55~59세,46,22.7
BMI,여,55~59세,47,22.8
BMI,여,55~59세,48,22.9
BMI,여,55~59세,49,23
BMI,여,55~59세,50,23.1
BMI,여,55~59세,51,23.2
BMI,여,55~59세,52,23.3
BMI,여,55~59세,53,23.4
BMI,여,55~59세,54,23.5
BMI,여,55~59세,55,23.6
BMI,여,55~59세,56,23.7
BMI,여,55~59세,57,23.8
BMI,여,55~59세,58,23.9
BMI,여,55~59세,59,24
BMI,여,55~59세,60,24.1
BMI,여,55~59세,61,24.2
BMI,여,55~59세,62,24.3
BMI,여,55~59세,63,24.4
BMI,여,55~59세,64,24.5
BMI,여,55~59세,65,24.6
BMI,여,55~59세,66,24.7
BMI,여,55~59세,67,24.8
BMI,여,55~59세,68,24.9
BMI,여,55~59세,69,25
BMI,여,55~59세,70,25.1
BMI,여,55~59세,71,25.3
BMI,여,55~59세,72,25.5
BMI,여,55~59세,73,25.7
BMI,여,55~59세,74,25.9
BMI,여,55~59세,75,26.1
BMI,여,55~59세,76,26.3
BMI,여,55~59세,77,26.5
BMI,여,55~59세,78,26.7
BMI,여,55~59세,79,26.9
BMI,여,55~59세,80,27.1
BMI,여,55~59세,81,27.3
BMI,여,55~59세,82,27.5
BMI,여,55~59세,83,27.7
BMI,여,55~59세,84,27.9
BMI,여,55~59세,85,28.1
BMI,여,55~59세,86,28.3
BMI,여,55~59세,87,28.5
BMI,여,55~59세,88,28.7
BMI,여,55~59세,89,28.8
BMI,여,55~59세,90,29
BMI,여,55~59세,91,29.2
BMI,여,55~59세,92,29.4
BMI,여,55~59세,93,29.6
BMI,여,55~59세,94,29.8
BMI,여,55~59세,95,30.1
BMI,여,55~59세,96,32.1
BMI,여,55~59세,97,34.1
BMI,여,55~59세,98,36.2
BMI,여,55~59세,99,38.2
BMI,여,55~59세,100,50
BMI,남,60~64세,1,17.5
BMI,남,60~64세,2,18.6
BMI,남,60~64세,3,18.7
BMI,남,60~64세,4,18.8
BMI,남,60~64세,5,18.9
BMI,남,60~64세,6,19.1
BMI,남,60~64세,7,19.2
BMI,남,60~64세,8,19.3
BMI,남,60~64세,9,19.4
BMI,남,60~64세,10,19.5
BMI,남,60~64세,11,19.7
BMI,남,60~64세,12,19.8
BMI,남,60~64세,13,19.9
BMI,남,60~64세,14,20
BMI,남,60~64세,15,20.1
BMI,남,60~64세,16,20.3
BMI,남,60~64세,17,20.4
BMI,남,60~64세,18,20.5
BMI,남,60~64세,19,20.6
BMI,남,60~64세,20,20.7
BMI,남,60~64세,21,20.9
BMI,남,60~64세,22,21
BMI,남,60~64세,23,21.1
BMI,남,60~64세,24,21.2
BMI,남,60~64세,25,21.3
BMI,남,60~64세,26,21.5
BMI,남,60~64세,27,21.6
BMI,남,60~64세,28,21.7
BMI,남,60~64세,29,21.8
BMI,남,60~64세,30,21.9
BMI,남,60~64세,31,22.1
BMI,남,60~64세,32,22.2
BMI,남,60~64세,33,22.3
BMI,남,60~64세,34,22.4
BMI,남,60~64세,35,22.5
BMI,남,60~64세,36,22.7
BMI,남,60~64세,37,22.8
BMI,남,60~64세,38,22.9
BMI,남,60~64세,39,23
BMI,남,60~64세,40,23.1
BMI,남,60~64세,41,23.2
BMI,남,60~64세,42,23.4
BMI,남,60~64세,43,23.5
BMI,남,60~64세,44,23.6
BMI,남,60~64세,45,23.7
BMI,남,60~64세,46,23.8
BMI,남,60~64세,47,24
BMI,남,60~64세,48,24.1
BMI,남,60~64세,49,24.2
BMI,남,60~64세,50,24.3
BMI,남,60~64세,51,24.4
BMI,남,60~64세,52,24.6
BMI,남,60~64세,53,24.7
BMI,남,60~64세,54,24.8
BMI,남,60~64세,55,24.9
BMI,남,60~64세,56,25
BMI,남,60~64세,57,25.2
BMI,남,60~64세,58,25.3
BMI,남,60~64세,59,25.4
BMI,남,60~64세,60,25.5
BMI,남,60~64세,61,25.7
BMI,남,60~64세,62,25.8
BMI,남,60~64세,63,25.9
BMI,남,60~64세,64,26
BMI,남,60~64세,65,26.2
BMI,남,60~64세,66,26.3
BMI,남,60~64세,67,26.4
BMI,남,60~64세,68,26.5
BMI,남,60~64세,69,26.7
BMI,남,60~64세,70,26.8
BMI,남,60~64세,71,26.9
BMI,남,60~64세,72,27
BMI,남,60~64세,73,27.2
BMI,남,60~64세,74,27.3
BMI,남,60~64세,75,27.4
BMI,남,60~64세,76,27.5
BMI,남,60~64세,77,27.7
BMI,남,60~64세,78,27.8
BMI,남,60~64세,79,27.9
BMI,남,60~64세,80,28
BMI,남,60~64세,81,28.2
BMI,남,60~64세,82,28.3
BMI,남,60~64세,83,28.4
BMI,남,60~64세,84,28.5
BMI,남,60~64세,85,28.7
BMI,남,60~64세,86,28.8
BMI,남,60~64세,87,28.9
BMI,남,60~64세,88,29
BMI,남,60~64세,89,29.2
BMI,남,60~64세,90,29.3
BMI,남,60~64세,91,29.4
BMI,남,60~64세,92,29.5
BMI,남,60~64세,93,29.7
BMI,남,60~64세,94,29.8
BMI,남,60~64세,95,29.9
BMI,남,60~64세,96,30.8
BMI,남,60~64세,97,33.1
BMI,남,60~64세,98,35.4
BMI,남,60~64세,99,37.7
BMI,남,60~64세,100,50
BMI,여,60~64세,1,15.6
BMI,여,60~64세,2,17.2
BMI,여,60~64세,3,18.5
BMI,여,60~64세,4,18.6
BMI,여,60~64세,5,18.7
BMI,여,60~64세,6,18.8
BMI,여,60~64세,7,18.9
BMI,여,60~64세,8,19
BMI,여,60~64세,9,19.1
BMI,여,60~64세,10,19.2
BMI,여,60~64세,11,19.3
BMI,여,60~64세,12,19.4
BMI,여,60~64세,13,19.5
BMI,여,60~64세,14,19.6
BMI,여,60~64세,15,19.7
BMI,여,60~64세,16,19.8
BMI,여,60~64세,17,19.9
BMI,여,60~64세,18,20
BMI,여,60~64세,19,20.1
BMI,여,60~64세,20,20.2
BMI,여,60~64세,21,20.3
BMI,여,60~64세,22,20.4
BMI,여,60~64세,23,20.5
BMI,여,60~64세,24,20.6
BMI,여,60~64세,25,20.7
BMI,여,60~64세,26,20.8
BMI,여,60~64세,27,20.9
BMI,여,60~64세,28,21
BMI,여,60~64세,29,21.1
BMI,여,60~64세,30,21.2
BMI,여,60~64세,31,21.3
BMI,여,60~64세,32,21.4
BMI,여,60~64세,33,21.5
BMI,여,60~64세,34,21.6
BMI,여,60~64세,35,21.7
BMI,여,60~64세,36,21.8
BMI,여,60~64세,37,21.9
BMI,여,60~64세,38,22
BMI,여,60~64세,39,22.1
BMI,여,60~64세,40,22.2
BMI,여,60~64세,41,22.3
BMI,여,60~64세,42,22.4
BMI,여,60~64세,43,22.5
BMI,여,60~64세,44,22.6
BMI,여,60~64세,45,22.7
BMI,여,60~64세,46,22.8
BMI,여,60~64세,47,22.9
BMI,여,60~64세,48,23
BMI,여,60~64세,49,23.1
BMI,여,60~64세,50,23.2
BMI,여,60~64세,51,23.3
BMI,여,60~64세,52,23.4
BMI,여,60~64세,53,23.5
BMI,여,60~64세,54,23.6
BMI,여,60~64세,55,23.7
BMI,여,60~64세,56,23.8
BMI,여,60~64세,57,23.9
BMI,여,60~64세,58,24
BMI,여,60~64세,59,24.1
BMI,여,60~64세,60,24.2
BMI,여,60~64세,61,24.3
BMI,여,60~64세,62,24.4
BMI,여,60~64세,63,24.5
BMI,여,60~64세,64,24.6
BMI,여,60~64세,65,24.7
BMI,여,60~64세,66,24.8
BMI,여,60~64세,67,24.9
BMI,여,60~64세,68,25.1
BMI,여,60~64세,69,25.3
BMI,여,60~64세,70,25.4
BMI,여,60~64세,71,25.6
BMI,여,60~64세,72,25.8
BMI,여,60~64세,73,26
BMI,여,60~64세,74,26.2
BMI,여,60~64세,75,26.4
BMI,여,60~64세,76,26.5
BMI,여,60~64세,77,26.7
BMI,여,60~64세,78,26.9
BMI,여,60~64세,79,27.1
BMI,여,60~64세,80,27.3
BMI,여,60~64세,81,27.4
BMI,여,60~64세,82,27.6
BMI,여,60~64세,83,27.8
BMI,여,60~64세,84,28
BMI,여,60~64세,85,28.2
BMI,여,60~64세,86,28.3
BMI,여,60~64세,87,28.5
BMI,여,60~64세,88,28.7
BMI,여,60~64세,89,28.9
BMI,여,60~64세,90,29.1
BMI,여,60~64세,91,29.2
BMI,여,60~64세,92,29.4
BMI,여,60~64세,93,29.6
BMI,여,60~64세,94,29.8
BMI,여,60~64세,95,30
BMI,여,60~64세,96,31.6
BMI,여,60~64세,97,33.8
BMI,여,60~64세,98,35.9
BMI,여,60~64세,99,38
BMI,여,60~64세,100,50
BMI,남,65~69세,1,17
BMI,남,65~69세,2,18.6
BMI,남,65~69세,3,18.7
BMI,남,65~69세,4,18.8
BMI,남,65~69세,5,18.9
BMI,남,65~69세,6,19
BMI,남,65~69세,7,19.1
BMI,남,65~69세,8,19.3
BMI,남,65~69세,9,19.4
BMI,남,65~69세,10,19.5
BMI,남,65~69세,11,19.6
BMI,남,65~69세,12,19.7
BMI,남,65~69세,13,19.8
BMI,남,65~69세,14,19.9
BMI,남,65~69세,15,20.1
BMI,남,65~69세,16,20.2
BMI,남,65~69세,17,20.3
BMI,남,65~69세,18,20.4
BMI,남,65~69세,19,20.5
BMI,남,65~69세,20,20.6
BMI,남,65~69세,21,20.8
BMI,남,65~69세,22,20.9
BMI,남,65~69세,23,21
BMI,남,65~69세,24,21.1
BMI,남,65~69세,25,21.2
BMI,남,65~69세,26,21.3
BMI,남,65~69세,27,21.5
BMI,남,65~69세,28,21.6
BMI,남,65~69세,29,21.7
BMI,남,65~69세,30,21.8
BMI,남,65~69세,31,21.9
BMI,남,65~69세,32,22
BMI,남,65~69세,33,22.2
BMI,남,65~69세,34,22.3
BMI,남,65~69세,35,22.4
BMI,남,65~69세,36,22.5
BMI,남,65~69세,37,22.6
BMI,남,65~69세,38,22.7
BMI,남,65~69세,39,22.9
BMI,남,65~69세,40,23
BMI,남,65~69세,41,23.1
BMI,남,65~69세,42,23.2
BMI,남,65~69세,43,23.3
BMI,남,65~69세,44,23.4
BMI,남,65~69세,45,23.6
BMI,남,65~69세,46,23.7
BMI,남,65~69세,47,23.8
BMI,남,65~69세,48,23.9
BMI,남,65~69세,49,24
BMI,남,65~69세,50,24.1
BMI,남,65~69세,51,24.2
BMI,남,65~69세,52,24.4
BMI,남,65~69세,53,24.5
BMI,남,65~69세,54,24.6
BMI,남,65~69세,55,24.7
BMI,남,65~69세,56,24.8
BMI,남,65~69세,57,24.9
BMI,남,65~69세,58,25.1
BMI,남,65~69세,59,25.2
BMI,남,65~69세,60,25.3
BMI,남,65~69세,61,25.5
BMI,남,65~69세,62,25.6
BMI,남,65~69세,63,25.7
BMI,남,65~69세,64,25.8
BMI,남,65~69세,65,26
BMI,남,65~69세,66,26.1
BMI,남,65~69세,67,26.2
BMI,남,65~69세,68,26.4
BMI,남,65~69세,69,26.5
BMI,남,65~69세,70,26.6
BMI,남,65~69세,71,26.7
BMI,남,65~69세,72,26.9
BMI,남,65~69세,73,27
BMI,남,65~69세,74,27.1
BMI,남,65~69세,75,27.3
BMI,남,65~69세,76,27.4
BMI,남,65~69세,77,27.5
BMI,남,65~69세,78,27.6
BMI,남,65~69세,79,27.8
BMI,남,65~69세,80,27.9
BMI,남,65~69세,81,28
BMI,남,65~69세,82,28.2
BMI,남,65~69세,83,28.3
BMI,남,65~69세,84,28.4
BMI,남,65~69세,85,28.5
BMI,남,65~69세,86,28.7
BMI,남,65~69세,87,28.8
BMI,남,65~69세,88,28.9
BMI,남,65~69세,89,29.1
BMI,남,65~69세,90,29.2
BMI,남,65~69세,91,29.3
BMI,남,65~69세,92,29.5
BMI,남,65~69세,93,29.6
BMI,남,65~69세,94,29.7
BMI,남,65~69세,95,29.8
BMI,남,65~69세,96,30
BMI,남,65~69세,97,32
BMI,남,65~69세,98,34.7
BMI,남,65~69세,99,37.4
BMI,남,65~69세,100,50
BMI,여,65~69세,1,15.8
BMI,여,65~69세,2,17.5
BMI,여,65~69세,3,18.5
BMI,여,65~69세,4,18.7
BMI,여,65~69세,5,18.8
BMI,여,65~69세,6,18.9
BMI,여,65~69세,7,19
BMI,여,65~69세,8,19.1
BMI,여,65~69세,9,19.2
BMI,여,65~69세,10,19.3
BMI,여,65~69세,11,19.4
BMI,여,65~69세,12,19.5
BMI,여,65~69세,13,19.6
BMI,여,65~69세,14,19.7
BMI,여,65~69세,15,19.8
BMI,여,65~69세,16,19.9
BMI,여,65~69세,17,20
BMI,여,65~69세,18,20.1
BMI,여,65~69세,19,20.2
BMI,여,65~69세,20,20.3
BMI,여,65~69세,21,20.4
BMI,여,65~69세,22,20.6
BMI,여,65~69세,23,20.7
BMI,여,65~69세,24,20.8
BMI,여,65~69세,25,20.9
BMI,여,65~69세,26,21
BMI,여,65~69세,27,21.1
BMI,여,65~69세,28,21.2
BMI,여,65~69세,29,21.3
BMI,여,65~69세,30,21.4
BMI,여,65~69세,31,21.5
BMI,여,65~69세,32,21.6
BMI,여,65~69세,33,21.7
BMI,여,65~69세,34,21.8
BMI,여,65~69세,35,21.9
BMI,여,65~69세,36,22
BMI,여,65~69세,37,22.1
BMI,여,65~69세,38,22.2
BMI,여,65~69세,39,22.3
BMI,여,65~69세,40,22.5
BMI,여,65~69세,41,22.6
BMI,여,65~69세,42,22.7
BMI,여,65~69세,43,22.8
BMI,여,65~69세,44,22.9
BMI,여,65~69세,45,23
BMI,여,65~69세,46,23.1
BMI,여,65~69세,47,23.2
BMI,여,65~69세,48,23.3
BMI,여,65~69세,49,23.4
BMI,여,65~69세,50,23.5
BMI,여,65~69세,51,23.6
BMI,여,65~69세,52,23.7
BMI,여,65~69세,53,23.8
BMI,여,65~69세,54,23.9
BMI,여,65~69세,55,24
BMI,여,65~69세,56,24.1
BMI,여,65~69세,57,24.2
BMI,여,65~69세,58,24.4
BMI,여,65~69세,59,24.5
BMI,여,65~69세,60,24.6
BMI,여,65~69세,61,24.7
BMI,여,65~69세,62,24.8
BMI,여,65~69세,63,24.9
BMI,여,65~69세,64,25
BMI,여,65~69세,65,25.1
BMI,여,65~69세,66,25.3
BMI,여,65~69세,67,25.5
BMI,여,65~69세,68,25.6
BMI,여,65~69세,69,25.8
BMI,여,65~69세,70,26
BMI,여,65~69세,71,26.1
BMI,여,65~69세,72,26.3
BMI,여,65~69세,73,26.4
BMI,여,65~69세,74,26.6
BMI,여,65~69세,75,26.8
BMI,여,65~69세,76,26.9
BMI,여,65~69세,77,27.1
BMI,여,65~69세,78,27.3
BMI,여,65~69세,79,27.4
BMI,여,65~69세,80,27.6
BMI,여,65~69세,81,27.7
BMI,여,65~69세,82,27.9
BMI,여,65~69세,83,28.1
BMI,여,65~69세,84,28.2
BMI,여,65~69세,85,28.4
BMI,여,65~69세,86,28.6
BMI,여,65~69세,87,28.7
BMI,여,65~69세,88,28.9
BMI,여,65~69세,89,29
BMI,여,65~69세,90,29.2
BMI,여,65~69세,91,29.4
BMI,여,65~69세,92,29.5
BMI,여,65~69세,93,29.7
BMI,여,65~69세,94,29.8
BMI,여,65~69세,95,30.1
BMI,여,65~69세,96,32.1
BMI,여,65~69세,97,34.1
BMI,여,65~69세,98,36.1
BMI,여,65~69세,99,38.1
BMI,여,65~69세,100,50
BMI,남,70~74세,1,16.4
BMI,남,70~74세,2,18.5
BMI,남,70~74세,3,18.6
BMI,남,70~74세,4,18.7
BMI,남,70~74세,5,18.8
BMI,남,70~74세,6,19
BMI,남,70~74세,7,19.1
BMI,남,70~74세,8,19.2
BMI,남,70~74세,9,19.3
BMI,남,70~74세,10,19.4
BMI,남,70~74세,11,19.5
BMI,남,70~74세,12,19.6
BMI,남,70~74세,13,19.7
BMI,남,70~74세,14,19.9
BMI,남,70~74세,15,20
BMI,남,70~74세,16,20.1
BMI,남,70~74세,17,20.2
BMI,남,70~74세,18,20.3
BMI,남,70~74세,19,20.4
BMI,남,70~74세,20,20.5
BMI,남,70~74세,21,20.6
BMI,남,70~74세,22,20.8
BMI,남,70~74세,23,20.9
BMI,남,70~74세,24,21
BMI,남,70~74세,25,21.1
BMI,남,70~74세,26,21.2
BMI,남,70~74세,27,21.3
BMI,남,70~74세,28,21.4
BMI,남,70~74세,29,21.6
BMI,남,70~74세,30,21.7
BMI,남,70~74세,31,21.8
BMI,남,70~74세,32,21.9
BMI,남,70~74세,33,22
BMI,남,70~74세,34,22.1
BMI,남,70~74세,35,22.2
BMI,남,70~74세,36,22.3
BMI,남,70~74세,37,22.5
BMI,남,70~74세,38,22.6
BMI,남,70~74세,39,22.7
BMI,남,70~74세,40,22.8
BMI,남,70~74세,41,22.9
BMI,남,70~74세,42,23
BMI,남,70~74세,43,23.1
BMI,남,70~74세,44,23.2
BMI,남,70~74세,45,23.4
BMI,남,70~74세,46,23.5
BMI,남,70~74세,47,23.6
BMI,남,70~74세,48,23.7
BMI,남,70~74세,49,23.8
BMI,남,70~74세,50,23.9
BMI,남,70~74세,51,24
BMI,남,70~74세,52,24.1
BMI,남,70~74세,53,24.3
BMI,남,70~74세,54,24.4
BMI,남,70~74세,55,24.5
BMI,남,70~74세,56,24.6
BMI,남,70~74세,57,24.7
BMI,남,70~74세,58,24.8
BMI,남,70~74세,59,24.9
BMI,남,70~74세,60,25
BMI,남,70~74세,61,25.2
BMI,남,70~74세,62,25.3
BMI,남,70~74세,63,25.5
BMI,남,70~74세,64,25.6
BMI,남,70~74세,65,25.7
BMI,남,70~74세,66,25.9
BMI,남,70~74세,67,26
BMI,남,70~74세,68,26.1
BMI,남,70~74세,69,26.3
BMI,남,70~74세,70,26.4
BMI,남,70~74세,71,26.5
BMI,남,70~74세,72,26.7
BMI,남,70~74세,73,26.8
BMI,남,70~74세,74,26.9
BMI,남,70~74세,75,27.1
BMI,남,70~74세,76,27.2
BMI,남,70~74세,77,27.3
BMI,남,70~74세,78,27.5
BMI,남,70~74세,79,27.6
BMI,남,70~74세,80,27.7
BMI,남,70~74세,81,27.9
BMI,남,70~74세,82,28
BMI,남,70~74세,83,28.1
BMI,남,70~74세,84,28.3
BMI,남,70~74세,85,28.4
BMI,남,70~74세,86,28.6
BMI,남,70~74세,87,28.7
BMI,남,70~74세,88,28.8
BMI,남,70~74세,89,29
BMI,남,70~74세,90,29.1
BMI,남,70~74세,91,29.2
BMI,남,70~74세,92,29.4
BMI,남,70~74세,93,29.5
BMI,남,70~74세,94,29.6
BMI,남,70~74세,95,29.8
BMI,남,70~74세,96,29.9
BMI,남,70~74세,97,30.8
BMI,남,70~74세,98,33.9
BMI,남,70~74세,99,37
BMI,남,70~74세,100,50
BMI,여,70~74세,1,15.9
BMI,여,70~74세,2,17.8
BMI,여,70~74세,3,18.6
BMI,여,70~74세,4,18.7
BMI,여,70~74세,5,18.8
BMI,여,70~74세,6,18.9
BMI,여,70~74세,7,19
BMI,여,70~74세,8,19.1
BMI,여,70~74세,9,19.2
BMI,여,70~74세,10,19.4
BMI,여,70~74세,11,19.5
BMI,여,70~74세,12,19.6
BMI,여,70~74세,13,19.7
BMI,여,70~74세,14,19.8
BMI,여,70~74세,15,19.9
BMI,여,70~74세,16,20
BMI,여,70~74세,17,20.2
BMI,여,70~74세,18,20.3
BMI,여,70~74세,19,20.4
BMI,여,70~74세,20,20.5
BMI,여,70~74세,21,20.6
BMI,여,70~74세,22,20.7
BMI,여,70~74세,23,20.8
BMI,여,70~74세,24,20.9
BMI,여,70~74세,25,21.1
BMI,여,70~74세,26,21.2
BMI,여,70~74세,27,21.3
BMI,여,70~74세,28,21.4
BMI,여,70~74세,29,21.5
BMI,여,70~74세,30,21.6
BMI,여,70~74세,31,21.7
BMI,여,70~74세,32,21.8
BMI,여,70~74세,33,22
BMI,여,70~74세,34,22.1
BMI,여,70~74세,35,22.2
BMI,여,70~74세,36,22.3
BMI,여,70~74세,37,22.4
BMI,여,70~74세,38,22.5
BMI,여,70~74세,39,22.6
BMI,여,70~74세,40,22.7
BMI,여,70~74세,41,22.9
BMI,여,70~74세,42,23
BMI,여,70~74세,43,23.1
BMI,여,70~74세,44,23.2
BMI,여,70~74세,45,23.3
BMI,여,70~74세,46,23.4
BMI,여,70~74세,47,23.5
BMI,여,70~74세,48,23.7
BMI,여,70~74세,49,23.8
BMI,여,70~74세,50,23.9
BMI,여,70~74세,51,24
BMI,여,70~74세,52,24.1
BMI,여,70~74세,53,24.2
BMI,여,70~74세,54,24.3
BMI,여,70~74세,55,24.4
BMI,여,70~74세,56,24.6
BMI,여,70~74세,57,24.7
BMI,여,70~74세,58,24.8
BMI,여,70~74세,59,24.9
BMI,여,70~74세,60,25
BMI,여,70~74세,61,25.2
BMI,여,70~74세,62,25.3
BMI,여,70~74세,63,25.4
BMI,여,70~74세,64,25.6
BMI,여,70~74세,65,25.7
BMI,여,70~74세,66,25.9
BMI,여,70~74세,67,26
BMI,여,70~74세,68,26.2
BMI,여,70~74세,69,26.3
BMI,여,70~74세,70,26.5
BMI,여,70~74세,71,26.6
BMI,여,70~74세,72,26.8
BMI,여,70~74세,73,26.9
BMI,여,70~74세,74,27.1
BMI,여,70~74세,75,27.2
BMI,여,70~74세,76,27.3
BMI,여,70~74세,77,27.5
BMI,여,70~74세,78,27.6
BMI,여,70~74세,79,27.8
BMI,여,70~74세,80,27.9
BMI,여,70~74세,81,28.1
BMI,여,70~74세,82,28.2
BMI,여,70~74세,83,28.4
BMI,여,70~74세,84,28.5
BMI,여,70~74세,85,28.7
BMI,여,70~74세,86,28.8
BMI,여,70~74세,87,29
BMI,여,70~74세,88,29.1
BMI,여,70~74세,89,29.2
BMI,여,70~74세,90,29.4
BMI,여,70~74세,91,29.5
BMI,여,70~74세,92,29.7
BMI,여,70~74세,93,29.8
BMI,여,70~74세,94,30
BMI,여,70~74세,95,31.5
BMI,여,70~74세,96,33.2
BMI,여,70~74세,97,34.9
BMI,여,70~74세,98,36.7
BMI,여,70~74세,99,38.4
BMI,여,70~74세,100,50
BMI,남,75~79세,1,15.8
BMI,남,75~79세,2,17.6
BMI,남,75~79세,3,18.6
BMI,남,75~79세,4,18.7
BMI,남,75~79세,5,18.8
BMI,남,75~79세,6,18.9
BMI,남,75~79세,7,19
BMI,남,75~79세,8,19.1
BMI,남,75~79세,9,19.2
BMI,남,75~79세,10,19.3
BMI,남,75~79세,11,19.4
BMI,남,75~79세,12,19.5
BMI,남,75~79세,13,19.6
BMI,남,75~79세,14,19.7
BMI,남,75~79세,15,19.9
BMI,남,75~79세,16,20
BMI,남,75~79세,17,20.1
BMI,남,75~79세,18,20.2
BMI,남,75~79세,19,20.3
BMI,남,75~79세,20,20.4
BMI,남,75~79세,21,20.5
BMI,남,75~79세,22,20.6
BMI,남,75~79세,23,20.7
BMI,남,75~79세,24,20.8
BMI,남,75~79세,25,20.9
BMI,남,75~79세,26,21.1
BMI,남,75~79세,27,21.2
BMI,남,75~79세,28,21.3
BMI,남,75~79세,29,21.4
BMI,남,75~79세,30,21.5
BMI,남,75~79세,31,21.6
BMI,남,75~79세,32,21.7
BMI,남,75~79세,33,21.8
BMI,남,75~79세,34,21.9
BMI,남,75~79세,35,22
BMI,남,75~79세,36,22.1
BMI,남,75~79세,37,22.3
BMI,남,75~79세,38,22.4
BMI,남,75~79세,39,22.5
BMI,남,75~79세,40,22.6
BMI,남,75~79세,41,22.7
BMI,남,75~79세,42,22.8
BMI,남,75~79세,43,22.9
BMI,남,75~79세,44,23
BMI,남,75~79세,45,23.1
BMI,남,75~79세,46,23.2
BMI,남,75~79세,47,23.3
BMI,남,75~79세,48,23.4
BMI,남,75~79세,49,23.6
BMI,남,75~79세,50,23.7
BMI,남,75~79세,51,23.8
BMI,남,75~79세,52,23.9
BMI,남,75~79세,53,24
BMI,남,75~79세,54,24.1
BMI,남,75~79세,55,24.2
BMI,남,75~79세,56,24.3
BMI,남,75~79세,57,24.4
BMI,남,75~79세,58,24.5
BMI,남,75~79세,59,24.6
BMI,남,75~79세,60,24.8
BMI,남,75~79세,61,24.9
BMI,남,75~79세,62,25
BMI,남,75~79세,63,25.1
BMI,남,75~79세,64,25.2
BMI,남,75~79세,65,25.4
BMI,남,75~79세,66,25.5
BMI,남,75~79세,67,25.7
BMI,남,75~79세,68,25.8
BMI,남,75~79세,69,26
BMI,남,75~79세,70,26.1
BMI,남,75~79세,71,26.2
BMI,남,75~79세,72,26.4
BMI,남,75~79세,73,26.5
BMI,남,75~79세,74,26.7
BMI,남,75~79세,75,26.8
BMI,남,75~79세,76,27
BMI,남,75~79세,77,27.1
BMI,남,75~79세,78,27.3
BMI,남,75~79세,79,27.4
BMI,남,75~79세,80,27.5
BMI,남,75~79세,81,27.7
BMI,남,75~79세,82,27.8
BMI,남,75~79세,83,28
BMI,남,75~79세,84,28.1
BMI,남,75~79세,85,28.3
BMI,남,75~79세,86,28.4
BMI,남,75~79세,87,28.5
BMI,남,75~79세,88,28.7
BMI,남,75~79세,89,28.8
BMI,남,75~79세,90,29
BMI,남,75~79세,91,29.1
BMI,남,75~79세,92,29.3
BMI,남,75~79세,93,29.4
BMI,남,75~79세,94,29.5
BMI,남,75~79세,95,29.7
BMI,남,75~79세,96,29.8
BMI,남,75~79세,97,30
BMI,남,75~79세,98,32.9
BMI,남,75~79세,99,36.5
BMI,남,75~79세,100,50
BMI,여,75~79세,1,15.7
BMI,여,75~79세,2,17.4
BMI,여,75~79세,3,18.5
BMI,여,75~79세,4,18.7
BMI,여,75~79세,5,18.8
BMI,여,75~79세,6,18.9
BMI,여,75~79세,7,19
BMI,여,75~79세,8,19.1
BMI,여,75~79세,9,19.2
BMI,여,75~79세,10,19.4
BMI,여,75~79세,11,19.5
BMI,여,75~79세,12,19.6
BMI,여,75~79세,13,19.7
BMI,여,75~79세,14,19.8
BMI,여,75~79세,15,19.9
BMI,여,75~79세,16,20.1
BMI,여,75~79세,17,20.2
BMI,여,75~79세,18,20.3
BMI,여,75~79세,19,20.4
BMI,여,75~79세,20,20.5
BMI,여,75~79세,21,20.6
BMI,여,75~79세,22,20.7
BMI,여,75~79세,23,20.9
BMI,여,75~79세,24,21
BMI,여,75~79세,25,21.1
BMI,여,75~79세,26,21.2
BMI,여,75~79세,27,21.3
BMI,여,75~79세,28,21.4
BMI,여,75~79세,29,21.6
BMI,여,75~79세,30,21.7
BMI,여,75~79세,31,21.8
BMI,여,75~79세,32,21.9
BMI,여,75~79세,33,22
BMI,여,75~79세,34,22.1
BMI,여,75~79세,35,22.3
BMI,여,75~79세,36,22.4
BMI,여,75~79세,37,22.5
BMI,여,75~79세,38,22.6
BMI,여,75~79세,39,22.7
BMI,여,75~79세,40,22.8
BMI,여,75~79세,41,23
BMI,여,75~79세,42,23.1
BMI,여,75~79세,43,23.2
BMI,여,75~79세,44,23.3
BMI,여,75~79세,45,23.4
BMI,여,75~79세,46,23.5
BMI,여,75~79세,47,23.7
BMI,여,75~79세,48,23.8
BMI,여,75~79세,49,23.9
BMI,여,75~79세,50,24
BMI,여,75~79세,51,24.1
BMI,여,75~79세,52,24.2
BMI,여,75~79세,53,24.4
BMI,여,75~79세,54,24.5
BMI,여,75~79세,55,24.6
BMI,여,75~79세,56,24.7
BMI,여,75~79세,57,24.8
BMI,여,75~79세,58,24.9
BMI,여,75~79세,59,25.1
BMI,여,75~79세,60,25.2
BMI,여,75~79세,61,25.3
BMI,여,75~79세,62,25.5
BMI,여,75~79세,63,25.6
BMI,여,75~79세,64,25.8
BMI,여,75~79세,65,25.9
BMI,여,75~79세,66,26.1
BMI,여,75~79세,67,26.2
BMI,여,75~79세,68,26.3
BMI,여,75~79세,69,26.5
BMI,여,75~79세,70,26.6
BMI,여,75~79세,71,26.8
BMI,여,75~79세,72,26.9
BMI,여,75~79세,73,27
BMI,여,75~79세,74,27.2
BMI,여,75~79세,75,27.3
BMI,여,75~79세,76,27.5
BMI,여,75~79세,77,27.6
BMI,여,75~79세,78,27.7
BMI,여,75~79세,79,27.9
BMI,여,75~79세,80,28
BMI,여,75~79세,81,28.2
BMI,여,75~79세,82,28.3
BMI,여,75~79세,83,28.4
BMI,여,75~79세,84,28.6
BMI,여,75~79세,85,28.7
BMI,여,75~79세,86,28.9
BMI,여,75~79세,87,29
BMI,여,75~79세,88,29.1
BMI,여,75~79세,89,29.3
BMI,여,75~79세,90,29.4
BMI,여,75~79세,91,29.6
BMI,여,75~79세,92,29.7
BMI,여,75~79세,93,29.9
BMI,여,75~79세,94,30
BMI,여,75~79세,95,31.6
BMI,여,75~79세,96,33.3
BMI,여,75~79세,97,35
BMI,여,75~79세,98,36.7
BMI,여,75~79세,99,38.4
BMI,여,75~79세,100,50
BMI,남,80~84세,1,15.2
BMI,남,80~84세,2,16.5
BMI,남,80~84세,3,17.7
BMI,남,80~84세,4,18.5
BMI,남,80~84세,5,18.6
BMI,남,80~84세,6,18.7
BMI,남,80~84세,7,18.9
BMI,남,80~84세,8,19
BMI,남,80~84세,9,19.1
BMI,남,80~84세,10,19.2
BMI,남,80~84세,11,19.3
BMI,남,80~84세,12,19.4
BMI,남,80~84세,13,19.5
BMI,남,80~84세,14,19.6
BMI,남,80~84세,15,19.7
BMI,남,80~84세,16,19.8
BMI,남,80~84세,17,19.9
BMI,남,80~84세,18,20
BMI,남,80~84세,19,20.1
BMI,남,80~84세,20,20.2
BMI,남,80~84세,21,20.3
BMI,남,80~84세,22,20.4
BMI,남,80~84세,23,20.5
BMI,남,80~84세,24,20.6
BMI,남,80~84세,25,20.7
BMI,남,80~84세,26,20.8
BMI,남,80~84세,27,20.9
BMI,남,80~84세,28,21
BMI,남,80~84세,29,21.1
BMI,남,80~84세,30,21.2
BMI,남,80~84세,31,21.3
BMI,남,80~84세,32,21.4
BMI,남,80~84세,33,21.5
BMI,남,80~84세,34,21.7
BMI,남,80~84세,35,21.8
BMI,남,80~84세,36,21.9
BMI,남,80~84세,37,22
BMI,남,80~84세,38,22.1
BMI,남,80~84세,39,22.2
BMI,남,80~84세,40,22.3
BMI,남,80~84세,41,22.4
BMI,남,80~84세,42,22.5
BMI,남,80~84세,43,22.6
BMI,남,80~84세,44,22.7
BMI,남,80~84세,45,22.8
BMI,남,80~84세,46,22.9
BMI,남,80~84세,47,23
BMI,남,80~84세,48,23.1
BMI,남,80~84세,49,23.2
BMI,남,80~84세,50,23.3
BMI,남,80~84세,51,23.4
BMI,남,80~84세,52,23.5
BMI,남,80~84세,53,23.6
BMI,남,80~84세,54,23.7
BMI,남,80~84세,55,23.8
BMI,남,80~84세,56,23.9
BMI,남,80~84세,57,24
BMI,남,80~84세,58,24.1
BMI,남,80~84세,59,24.2
BMI,남,80~84세,60,24.3
BMI,남,80~84세,61,24.5
BMI,남,80~84세,62,24.6
BMI,남,80~84세,63,24.7
BMI,남,80~84세,64,24.8
BMI,남,80~84세,65,24.9
BMI,남,80~84세,66,25
BMI,남,80~84세,67,25.1
BMI,남,80~84세,68,25.3
BMI,남,80~84세,69,25.4
BMI,남,80~84세,70,25.6
BMI,남,80~84세,71,25.8
BMI,남,80~84세,72,25.9
BMI,남,80~84세,73,26.1
BMI,남,80~84세,74,26.2
BMI,남,80~84세,75,26.4
BMI,남,80~84세,76,26.6
BMI,남,80~84세,77,26.7
BMI,남,80~84세,78,26.9
BMI,남,80~84세,79,27
BMI,남,80~84세,80,27.2
BMI,남,80~84세,81,27.3
BMI,남,80~84세,82,27.5
BMI,남,80~84세,83,27.7
BMI,남,80~84세,84,27.8
BMI,남,80~84세,85,28
BMI,남,80~84세,86,28.1
BMI,남,80~84세,87,28.3
BMI,남,80~84세,88,28.5
BMI,남,80~84세,89,28.6
BMI,남,80~84세,90,28.8
BMI,남,80~84세,91,28.9
BMI,남,80~84세,92,29.1
BMI,남,80~84세,93,29.3
BMI,남,80~84세,94,29.4
BMI,남,80~84세,95,29.6
BMI,남,80~84세,96,29.7
BMI,남,80~84세,97,29.9
BMI,남,80~84세,98,31.6
BMI,남,80~84세,99,35.8
BMI,남,80~84세,100,50
BMI,여,80~84세,1,15.3
BMI,여,80~84세,2,16.6
BMI,여,80~84세,3,17.8
BMI,여,80~84세,4,18.6
BMI,여,80~84세,5,18.7
BMI,여,80~84세,6,18.8
BMI,여,80~84세,7,18.9
BMI,여,80~84세,8,19
BMI,여,80~84세,9,19.1
BMI,여,80~84세,10,19.3
BMI,여,80~84세,11,19.4
BMI,여,80~84세,12,19.5
BMI,여,80~84세,13,19.6
BMI,여,80~84세,14,19.7
BMI,여,80~84세,15,19.8
BMI,여,80~84세,16,19.9
BMI,여,80~84세,17,20.1
BMI,여,80~84세,18,20.2
BMI,여,80~84세,19,20.3
BMI,여,80~84세,20,20.4
BMI,여,80~84세,21,20.5
BMI,여,80~84세,22,20.6
BMI,여,80~84세,23,20.8
BMI,여,80~84세,24,20.9
BMI,여,80~84세,25,21
BMI,여,80~84세,26,21.1
BMI,여,80~84세,27,21.2
BMI,여,80~84세,28,21.3
BMI,여,80~84세,29,21.5
BMI,여,80~84세,30,21.6
BMI,여,80~84세,31,21.7
BMI,여,80~84세,32,21.8
BMI,여,80~84세,33,21.9
BMI,여,80~84세,34,22
BMI,여,80~84세,35,22.2
BMI,여,80~84세,36,22.3
BMI,여,80~84세,37,22.4
BMI,여,80~84세,38,22.5
BMI,여,80~84세,39,22.6
BMI,여,80~84세,40,22.7
BMI,여,80~84세,41,22.9
BMI,여,80~84세,42,23
BMI,여,80~84세,43,23.1
BMI,여,80~84세,44,23.2
BMI,여,80~84세,45,23.3
BMI,여,80~84세,46,23.4
BMI,여,80~84세,47,23.5
BMI,여,80~84세,48,23.7
BMI,여,80~84세,49,23.8
BMI,여,80~84세,50,23.9
BMI,여,80~84세,51,24
BMI,여,80~84세,52,24.1
BMI,여,80~84세,53,24.2
BMI,여,80~84세,54,24.4
BMI,여,80~84세,55,24.5
BMI,여,80~84세,56,24.6
BMI,여,80~84세,57,24.7
BMI,여,80~84세,58,24.8
BMI,여,80~84세,59,24.9
BMI,여,80~84세,60,25.1
BMI,여,80~84세,61,25.2
BMI,여,80~84세,62,25.4
BMI,여,80~84세,63,25.5
BMI,여,80~84세,64,25.6
BMI,여,80~84세,65,25.8
BMI,여,80~84세,66,25.9
BMI,여,80~84세,67,26.1
BMI,여,80~84세,68,26.2
BMI,여,80~84세,69,26.4
BMI,여,80~84세,70,26.5
BMI,여,80~84세,71,26.6
BMI,여,80~84세,72,26.8
BMI,여,80~84세,73,26.9
BMI,여,80~84세,74,27.1
BMI,여,80~84세,75,27.2
BMI,여,80~84세,76,27.4
BMI,여,80~84세,77,27.5
BMI,여,80~84세,78,27.6
BMI,여,80~84세,79,27.8
BMI,여,80~84세,80,27.9
BMI,여,80~84세,81,28.1
BMI,여,80~84세,82,28.2
BMI,여,80~84세,83,28.4
BMI,여,80~84세,84,28.5
BMI,여,80~84세,85,28.7
BMI,여,80~84세,86,28.8
BMI,여,80~84세,87,28.9
BMI,여,80~84세,88,29.1
BMI,여,80~84세,89,29.2
BMI,여,80~84세,90,29.4
BMI,여,80~84세,91,29.5
BMI,여,80~84세,92,29.7
BMI,여,80~84세,93,29.8
BMI,여,80~84세,94,29.9
BMI,여,80~84세,95,31.1
BMI,여,80~84세,96,32.9
BMI,여,80~84세,97,34.7
BMI,여,80~84세,98,36.5
BMI,여,80~84세,99,38.3
BMI,여,80~84세,100,50
BMI,남,85세이상,1,14.7
BMI,남,85세이상,2,15.5
BMI,남,85세이상,3,16.2
BMI,남,85세이상,4,17
BMI,남,85세이상,5,17.7
BMI,남,85세이상,6,18.5
BMI,남,85세이상,7,18.6
BMI,남,85세이상,8,18.7
BMI,남,85세이상,9,18.8
BMI,남,85세이상,10,18.9
BMI,남,85세이상,11,19
BMI,남,85세이상,12,19.1
BMI,남,85세이상,13,19.2
BMI,남,85세이상,14,19.3
BMI,남,85세이상,15,19.4
BMI,남,85세이상,16,19.5
BMI,남,85세이상,17,19.6
BMI,남,85세이상,18,19.7
BMI,남,85세이상,19,19.8
BMI,남,85세이상,20,19.9
BMI,남,85세이상,21,20
BMI,남,85세이상,22,20.1
BMI,남,85세이상,23,20.2
BMI,남,85세이상,24,20.3
BMI,남,85세이상,25,20.3
BMI,남,85세이상,26,20.4
BMI,남,85세이상,27,20.5
BMI,남,85세이상,28,20.6
BMI,남,85세이상,29,20.7
BMI,남,85세이상,30,20.8
BMI,남,85세이상,31,20.9
BMI,남,85세이상,32,21
BMI,남,85세이상,33,21.1
BMI,남,85세이상,34,21.2
BMI,남,85세이상,35,21.3
BMI,남,85세이상,36,21.4
BMI,남,85세이상,37,21.5
BMI,남,85세이상,38,21.6
BMI,남,85세이상,39,21.7
BMI,남,85세이상,40,21.8
BMI,남,85세이상,41,21.9
BMI,남,85세이상,42,22
BMI,남,85세이상,43,22.1
BMI,남,85세이상,44,22.2
BMI,남,85세이상,45,22.3
BMI,남,85세이상,46,22.4
BMI,남,85세이상,47,22.5
BMI,남,85세이상,48,22.6
BMI,남,85세이상,49,22.7
BMI,남,85세이상,50,22.8
BMI,남,85세이상,51,22.9
BMI,남,85세이상,52,23
BMI,남,85세이상,53,23.1
BMI,남,85세이상,54,23.2
BMI,남,85세이상,55,23.3
BMI,남,85세이상,56,23.4
BMI,남,85세이상,57,23.5
BMI,남,85세이상,58,23.6
BMI,남,85세이상,59,23.7
BMI,남,85세이상,60,23.8
BMI,남,85세이상,61,23.9
BMI,남,85세이상,62,24
BMI,남,85세이상,63,24
BMI,남,85세이상,64,24.1
BMI,남,85세이상,65,24.2
BMI,남,85세이상,66,24.3
BMI,남,85세이상,67,24.4
BMI,남,85세이상,68,24.5
BMI,남,85세이상,69,24.6
BMI,남,85세이상,70,24.7
BMI,남,85세이상,71,24.8
BMI,남,85세이상,72,24.9
BMI,남,85세이상,73,25
BMI,남,85세이상,74,25.2
BMI,남,85세이상,75,25.4
BMI,남,85세이상,76,25.6
BMI,남,85세이상,77,25.8
BMI,남,85세이상,78,26
BMI,남,85세이상,79,26.2
BMI,남,85세이상,80,26.4
BMI,남,85세이상,81,26.6
BMI,남,85세이상,82,26.8
BMI,남,85세이상,83,27
BMI,남,85세이상,84,27.2
BMI,남,85세이상,85,27.4
BMI,남,85세이상,86,27.6
BMI,남,85세이상,87,27.8
BMI,남,85세이상,88,28
BMI,남,85세이상,89,28.2
BMI,남,85세이상,90,28.4
BMI,남,85세이상,91,28.6
BMI,남,85세이상,92,28.7
BMI,남,85세이상,93,28.9
BMI,남,85세이상,94,29.1
BMI,남,85세이상,95,29.3
BMI,남,85세이상,96,29.5
BMI,남,85세이상,97,29.7
BMI,남,85세이상,98,29.9
BMI,남,85세이상,99,33.7
BMI,남,85세이상,100,50
BMI,여,85세이상,1,14.5
BMI,여,85세이상,2,15
BMI,여,85세이상,3,15.5
BMI,여,85세이상,4,15.9
BMI,여,85세이상,5,16.4
BMI,여,85세이상,6,16.9
BMI,여,85세이상,7,17.4
BMI,여,85세이상,8,17.9
BMI,여,85세이상,9,18.4
BMI,여,85세이상,10,18.6
BMI,여,85세이상,11,18.7
BMI,여,85세이상,12,18.8
BMI,여,85세이상,13,18.9
BMI,여,85세이상,14,19
BMI,여,85세이상,15,19.1
BMI,여,85세이상,16,19.2
BMI,여,85세이상,17,19.3
BMI,여,85세이상,18,19.4
BMI,여,85세이상,19,19.6
BMI,여,85세이상,20,19.7
BMI,여,85세이상,21,19.8
BMI,여,85세이상,22,19.9
BMI,여,85세이상,23,20
BMI,여,85세이상,24,20.1
BMI,여,85세이상,25,20.2
BMI,여,85세이상,26,20.3
BMI,여,85세이상,27,20.4
BMI,여,85세이상,28,20.5
BMI,여,85세이상,29,20.6
BMI,여,85세이상,30,20.8
BMI,여,85세이상,31,20.9
BMI,여,85세이상,32,21
BMI,여,85세이상,33,21.1
BMI,여,85세이상,34,21.2
BMI,여,85세이상,35,21.3
BMI,여,85세이상,36,21.4
BMI,여,85세이상,37,21.5
BMI,여,85세이상,38,21.6
BMI,여,85세이상,39,21.7
BMI,여,85세이상,40,21.8
BMI,여,85세이상,41,21.9
BMI,여,85세이상,42,22.1
BMI,여,85세이상,43,22.2
BMI,여,85세이상,44,22.3
BMI,여,85세이상,45,22.4
BMI,여,85세이상,46,22.5
BMI,여,85세이상,47,22.6
BMI,여,85세이상,48,22.7
BMI,여,85세이상,49,22.8
BMI,여,85세이상,50,22.9
BMI,여,85세이상,51,23
BMI,여,85세이상,52,23.1
BMI,여,85세이상,53,23.3
BMI,여,85세이상,54,23.4
BMI,여,85세이상,55,23.5
BMI,여,85세이상,56,23.6
BMI,여,85세이상,57,23.7
BMI,여,85세이상,58,23.8
BMI,여,85세이상,59,23.9
BMI,여,85세이상,60,24
BMI,여,85세이상,61,24.1
BMI,여,85세이상,62,24.2
BMI,여,85세이상,63,24.3
BMI,여,85세이상,64,24.5
BMI,여,85세이상,65,24.6
BMI,여,85세이상,66,24.7
BMI,여,85세이상,67,24.8
BMI,여,85세이상,68,24.9
BMI,여,85세이상,69,25
BMI,여,85세이상,70,25.2
BMI,여,85세이상,71,25.4
BMI,여,85세이상,72,25.6
BMI,여,85세이상,73,25.7
BMI,여,85세이상,74,25.9
BMI,여,85세이상,75,26.1
BMI,여,85세이상,76,26.3
BMI,여,85세이상,77,26.5
BMI,여,85세이상,78,26.7
BMI,여,85세이상,79,26.9
BMI,여,85세이상,80,27
BMI,여,85세이상,81,27.2
BMI,여,85세이상,82,27.4
BMI,여,85세이상,83,27.6
BMI,여,85세이상,84,27.8
BMI,여,85세이상,85,28
BMI,여,85세이상,86,28.2
BMI,여,85세이상,87,28.4
BMI,여,85세이상,88,28.5
BMI,여,85세이상,89,28.7
BMI,여,85세이상,90,28.9
BMI,여,85세이상,91,29.1
BMI,여,85세이상,92,29.3
BMI,여,85세이상,93,29.5
BMI,여,85세이상,94,29.7
BMI,여,85세이상,95,29.8
BMI,여,85세이상,96,30.5
BMI,여,85세이상,97,32.9
BMI,여,85세이상,98,35.3
BMI,여,85세이상,99,37.7
BMI,여,85세이상,100,50
허리둘레,남,19세이하,1,55.5
허리둘레,남,19세이하,2,56.1
허리둘레,남,19세이하,3,56.6
허리둘레,남,19세이하,4,57.1
허리둘레,남,19세이하,5,57.6
허리둘레,남,19세이하,6,58.2
허리둘레,남,19세이하,7,58.7
허리둘레,남,19세이하,8,59.2
허리둘레,남,19세이하,9,59.8
허리둘레,남,19세이하,10,60.3
허리둘레,남,19세이하,11,60.8
허리둘레,남,19세이하,12,61.3
허리둘레,남,19세이하,13,61.9
허리둘레,남,19세이하,14,62.4
허리둘레,남,19세이하,15,62.9
허리둘레,남,19세이하,16,63.5
허리둘레,남,19세이하,17,64
허리둘레,남,19세이하,18,64.5
허리둘레,남,19세이하,19,65
허리둘레,남,19세이하,20,65.6
허리둘레,남,19세이하,21,66.1
허리둘레,남,19세이하,22,66.6
허리둘레,남,19세이하,23,67.2
허리둘레,남,19세이하,24,67.7
허리둘레,남,19세이하,25,68.2
허리둘레,남,19세이하,26,68.8
허리둘레,남,19세이하,27,69.3
허리둘레,남,19세이하,28,69.8
허리둘레,남,19세이하,29,70.3
허리둘레,남,19세이하,30,70.9
허리둘레,남,19세이하,31,71.4
허리둘레,남,19세이하,32,71.9
허리둘레,남,19세이하,33,72.5
허리둘레,남,19세이하,34,73
허리둘레,남,19세이하,35,73.5
허리둘레,남,19세이하,36,74
허리둘레,남,19세이하,37,74.6
허리둘레,남,19세이하,38,75.1
허리둘레,남,19세이하,39,75.4
허리둘레,남,19세이하,40,75.7
허리둘레,남,19세이하,41,76.1
허리둘레,남,19세이하,42,76.4
허리둘레,남,19세이하,43,76.7
허리둘레,남,19세이하,44,77.1
허리둘레,남,19세이하,45,77.4
허리둘레,남,19세이하,46,77.7
허리둘레,남,19세이하,47,78.1
허리둘레,남,19세이하,48,78.4
허리둘레,남,19세이하,49,78.7
허리둘레,남,19세이하,50,79.1
허리둘레,남,19세이하,51,79.4
허리둘레,남,19세이하,52,79.8
허리둘레,남,19세이하,53,80.1
허리둘레,남,19세이하,54,80.4
허리둘레,남,19세이하,55,80.8
허리둘레,남,19세이하,56,81.1
허리둘레,남,19세이하,57,81.4
허리둘레,남,19세이하,58,81.8
허리둘레,남,19세이하,59,82.1
허리둘레,남,19세이하,60,82.4
허리둘레,남,19세이하,61,82.8
허리둘레,남,19세이하,62,83.1
허리둘레,남,19세이하,63,83.4
허리둘레,남,19세이하,64,83.8
허리둘레,남,19세이하,65,84.1
허리둘레,남,19세이하,66,84.4
허리둘레,남,19세이하,67,84.8
허리둘레,남,19세이하,68,85.1
허리둘레,남,19세이하,69,85.6
허리둘레,남,19세이하,70,86.1
허리둘레,남,19세이하,71,86.6
허리둘레,남,19세이하,72,87.1
허리둘레,남,19세이하,73,87.6
허리둘레,남,19세이하,74,88.1
허리둘레,남,19세이하,75,88.6
허리둘레,남,19세이하,76,89
허리둘레,남,19세이하,77,89.5
허리둘레,남,19세이하,78,90
허리둘레,남,19세이하,79,90.7
허리둘레,남,19세이하,80,91.4
허리둘레,남,19세이하,81,92.1
허리둘레,남,19세이하,82,92.8
허리둘레,남,19세이하,83,93.5
허리둘레,남,19세이하,84,94.1
허리둘레,남,19세이하,85,94.8
허리둘레,남,19세이하,86,95.7
허리둘레,남,19세이하,87,96.6
허리둘레,남,19세이하,88,97.5
허리둘레,남,19세이하,89,98.4
허리둘레,남,19세이하,90,99.3
허리둘레,남,19세이하,91,100.3
허리둘레,남,19세이하,92,101.6
허리둘레,남,19세이하,93,102.9
허리둘레,남,19세이하,94,104.2
허리둘레,남,19세이하,95,105.9
허리둘레,남,19세이하,96,108.1
허리둘레,남,19세이하,97,110.8
허리둘레,남,19세이하,98,115.6
허리둘레,남,19세이하,99,120.3
허리둘레,남,19세이하,100,125
허리둘레,여,19세이하,1,55.3
허리둘레,여,19세이하,2,55.6
허리둘레,여,19세이하,3,55.8
허리둘레,여,19세이하,4,56.1
허리둘레,여,19세이하,5,56.4
허리둘레,여,19세이하,6,56.7
허리둘레,여,19세이하,7,56.9
허리둘레,여,19세이하,8,57.2
허리둘레,여,19세이하,9,57.5
허리둘레,여,19세이하,10,57.8
허리둘레,여,19세이하,11,58
허리둘레,여,19세이하,12,58.3
허리둘레,여,19세이하,13,58.6
허리둘레,여,19세이하,14,58.9
허리둘레,여,19세이하,15,59.1
허리둘레,여,19세이하,16,59.4
허리둘레,여,19세이하,17,59.7
허리둘레,여,19세이하,18,60
허리둘레,여,19세이하,19,60.3
허리둘레,여,19세이하,20,60.5
허리둘레,여,19세이하,21,60.8
허리둘레,여,19세이하,22,61.1
허리둘레,여,19세이하,23,61.4
허리둘레,여,19세이하,24,61.6
허리둘레,여,19세이하,25,61.9
허리둘레,여,19세이하,26,62.2
허리둘레,여,19세이하,27,62.5
허리둘레,여,19세이하,28,62.7
허리둘레,여,19세이하,29,63
허리둘레,여,19세이하,30,63.3
허리둘레,여,19세이하,31,63.6
허리둘레,여,19세이하,32,63.8
허리둘레,여,19세이하,33,64.1
허리둘레,여,19세이하,34,64.4
허리둘레,여,19세이하,35,64.7
허리둘레,여,19세이하,36,64.9
허리둘레,여,19세이하,37,65.2
허리둘레,여,19세이하,38,65.5
허리둘레,여,19세이하,39,65.8
허리둘레,여,19세이하,40,66.1
허리둘레,여,19세이하,41,66.3
허리둘레,여,19세이하,42,66.6
허리둘레,여,19세이하,43,66.9
허리둘레,여,19세이하,44,67.2
허리둘레,여,19세이하,45,67.4
허리둘레,여,19세이하,46,67.7
허리둘레,여,19세이하,47,68
허리둘레,여,19세이하,48,68.3
허리둘레,여,19세이하,49,68.5
허리둘레,여,19세이하,50,68.8
허리둘레,여,19세이하,51,69.1
허리둘레,여,19세이하,52,69.4
허리둘레,여,19세이하,53,69.6
허리둘레,여,19세이하,54,69.9
허리둘레,여,19세이하,55,70.2
허리둘레,여,19세이하,56,70.5
허리둘레,여,19세이하,57,70.8
허리둘레,여,19세이하,58,71
허리둘레,여,19세이하,59,71.3
허리둘레,여,19세이하,60,71.6
허리둘레,여,19세이하,61,71.9
허리둘레,여,19세이하,62,72.1
허리둘레,여,19세이하,63,72.4
허리둘레,여,19세이하,64,72.7
허리둘레,여,19세이하,65,73
허리둘레,여,19세이하,66,73.2
허리둘레,여,19세이하,67,73.5
허리둘레,여,19세이하,68,73.8
허리둘레,여,19세이하,69,74.1
허리둘레,여,19세이하,70,74.3
허리둘레,여,19세이하,71,74.6
허리둘레,여,19세이하,72,74.9
허리둘레,여,19세이하,73,75.3
허리둘레,여,19세이하,74,75.8
허리둘레,여,19세이하,75,76.2
허리둘레,여,19세이하,76,76.7
허리둘레,여,19세이하,77,77.2
허리둘레,여,19세이하,78,77.6
허리둘레,여,19세이하,79,78.1
허리둘레,여,19세이하,80,78.6
허리둘레,여,19세이하,81,79
허리둘레,여,19세이하,82,79.5
허리둘레,여,19세이하,83,80
허리둘레,여,19세이하,84,80.7
허리둘레,여,19세이하,85,81.4
허리둘레,여,19세이하,86,82.2
허리둘레,여,19세이하,87,82.9
허리둘레,여,19세이하,88,83.6
허리둘레,여,19세이하,89,84.4
허리둘레,여,19세이하,90,85.2
허리둘레,여,19세이하,91,86.3
허리둘레,여,19세이하,92,87.4
허리둘레,여,19세이하,93,88.6
허리둘레,여,19세이하,94,89.7
허리둘레,여,19세이하,95,91.6
허리둘레,여,19세이하,96,93.7
허리둘레,여,19세이하,97,96.3
허리둘레,여,19세이하,98,99.8
허리둘레,여,19세이하,99,105.3
허리둘레,여,19세이하,100,125
허리둘레,남,20~24세,1,55.6
허리둘레,남,20~24세,2,56.3
허리둘레,남,20~24세,3,56.9
허리둘레,남,20~24세,4,57.6
허리둘레,남,20~24세,5,58.2
허리둘레,남,20~24세,6,58.9
허리둘레,남,20~24세,7,59.5
허리둘레,남,20~24세,8,60.2
허리둘레,남,20~24세,9,60.8
허리둘레,남,20~24세,10,61.5
허리둘레,남,20~24세,11,62.1
허리둘레,남,20~24세,12,62.7
허리둘레,남,20~24세,13,63.4
허리둘레,남,20~24세,14,64
허리둘레,남,20~24세,15,64.7
허리둘레,남,20~24세,16,65.3
허리둘레,남,20~24세,17,66
허리둘레,남,20~24세,18,66.6
허리둘레,남,20~24세,19,67.3
허리둘레,남,20~24세,20,67.9
허리둘레,남,20~24세,21,68.6
허리둘레,남,20~24세,22,69.2
허리둘레,남,20~24세,23,69.9
허리둘레,남,20~24세,24,70.5
허리둘레,남,20~24세,25,71.1
허리둘레,남,20~24세,26,71.8
허리둘레,남,20~24세,27,72.4
허리둘레,남,20~24세,28,73.1
허리둘레,남,20~24세,29,73.7
허리둘레,남,20~24세,30,74.4
허리둘레,남,20~24세,31,75
허리둘레,남,20~24세,32,75.3
허리둘레,남,20~24세,33,75.6
허리둘레,남,20~24세,34,75.9
허리둘레,남,20~24세,35,76.2
허리둘레,남,20~24세,36,76.4
허리둘레,남,20~24세,37,76.7
허리둘레,남,20~24세,38,77
허리둘레,남,20~24세,39,77.3
허리둘레,남,20~24세,40,77.6
허리둘레,남,20~24세,41,77.9
허리둘레,남,20~24세,42,78.2
허리둘레,남,20~24세,43,78.5
허리둘레,남,20~24세,44,78.8
허리둘레,남,20~24세,45,79
허리둘레,남,20~24세,46,79.3
허리둘레,남,20~24세,47,79.6
허리둘레,남,20~24세,48,79.9
허리둘레,남,20~24세,49,80.2
허리둘레,남,20~24세,50,80.5
허리둘레,남,20~24세,51,80.7
허리둘레,남,20~24세,52,81
허리둘레,남,20~24세,53,81.3
허리둘레,남,20~24세,54,81.6
허리둘레,남,20~24세,55,81.8
허리둘레,남,20~24세,56,82.1
허리둘레,남,20~24세,57,82.4
허리둘레,남,20~24세,58,82.7
허리둘레,남,20~24세,59,83
허리둘레,남,20~24세,60,83.2
허리둘레,남,20~24세,61,83.5
허리둘레,남,20~24세,62,83.8
허리둘레,남,20~24세,63,84.1
허리둘레,남,20~24세,64,84.3
허리둘레,남,20~24세,65,84.6
허리둘레,남,20~24세,66,84.9
허리둘레,남,20~24세,67,85.2
허리둘레,남,20~24세,68,85.6
허리둘레,남,20~24세,69,86
허리둘레,남,20~24세,70,86.4
허리둘레,남,20~24세,71,86.8
허리둘레,남,20~24세,72,87.2
허리둘레,남,20~24세,73,87.6
허리둘레,남,20~24세,74,88
허리둘레,남,20~24세,75,88.4
허리둘레,남,20~24세,76,88.8
허리둘레,남,20~24세,77,89.2
허리둘레,남,20~24세,78,89.6
허리둘레,남,20~24세,79,90
허리둘레,남,20~24세,80,90.6
허리둘레,남,20~24세,81,91.2
허리둘레,남,20~24세,82,91.8
허리둘레,남,20~24세,83,92.4
허리둘레,남,20~24세,84,93.1
허리둘레,남,20~24세,85,93.7
허리둘레,남,20~24세,86,94.3
허리둘레,남,20~24세,87,94.9
허리둘레,남,20~24세,88,95.9
허리둘레,남,20~24세,89,96.8
허리둘레,남,20~24세,90,97.8
허리둘레,남,20~24세,91,98.8
허리둘레,남,20~24세,92,99.7
허리둘레,남,20~24세,93,101.1
허리둘레,남,20~24세,94,102.6
허리둘레,남,20~24세,95,104.2
허리둘레,남,20~24세,96,106.2
허리둘레,남,20~24세,97,108.8
허리둘레,남,20~24세,98,113.1
허리둘레,남,20~24세,99,119.1
허리둘레,남,20~24세,100,125
허리둘레,여,20~24세,1,55.3
허리둘레,여,20~24세,2,55.5
허리둘레,여,20~24세,3,55.8
허리둘레,여,20~24세,4,56
허리둘레,여,20~24세,5,56.3
허리둘레,여,20~24세,6,56.6
허리둘레,여,20~24세,7,56.8
허리둘레,여,20~24세,8,57.1
허리둘레,여,20~24세,9,57.3
허리둘레,여,20~24세,10,57.6
허리둘레,여,20~24세,11,57.9
허리둘레,여,20~24세,12,58.1
허리둘레,여,20~24세,13,58.4
허리둘레,여,20~24세,14,58.6
허리둘레,여,20~24세,15,58.9
허리둘레,여,20~24세,16,59.2
허리둘레,여,20~24세,17,59.4
허리둘레,여,20~24세,18,59.7
허리둘레,여,20~24세,19,59.9
허리둘레,여,20~24세,20,60.2
허리둘레,여,20~24세,21,60.5
허리둘레,여,20~24세,22,60.7
허리둘레,여,20~24세,23,61
허리둘레,여,20~24세,24,61.3
허리둘레,여,20~24세,25,61.5
허리둘레,여,20~24세,26,61.8
허리둘레,여,20~24세,27,62
허리둘레,여,20~24세,28,62.3
허리둘레,여,20~24세,29,62.6
허리둘레,여,20~24세,30,62.8
허리둘레,여,20~24세,31,63.1
허리둘레,여,20~24세,32,63.3
허리둘레,여,20~24세,33,63.6
허리둘레,여,20~24세,34,63.9
허리둘레,여,20~24세,35,64.1
허리둘레,여,20~24세,36,64.4
허리둘레,여,20~24세,37,64.6
허리둘레,여,20~24세,38,64.9
허리둘레,여,20~24세,39,65.2
허리둘레,여,20~24세,40,65.4
허리둘레,여,20~24세,41,65.7
허리둘레,여,20~24세,42,65.9
허리둘레,여,20~24세,43,66.2
허리둘레,여,20~24세,44,66.5
허리둘레,여,20~24세,45,66.7
허리둘레,여,20~24세,46,67
허리둘레,여,20~24세,47,67.2
허리둘레,여,20~24세,48,67.5
허리둘레,여,20~24세,49,67.8
허리둘레,여,20~24세,50,68
허리둘레,여,20~24세,51,68.3
허리둘레,여,20~24세,52,68.5
허리둘레,여,20~24세,53,68.8
허리둘레,여,20~24세,54,69.1
허리둘레,여,20~24세,55,69.3
허리둘레,여,20~24세,56,69.6
허리둘레,여,20~24세,57,69.8
허리둘레,여,20~24세,58,70.1
허리둘레,여,20~24세,59,70.4
허리둘레,여,20~24세,60,70.6
허리둘레,여,20~24세,61,70.9
허리둘레,여,20~24세,62,71.2
허리둘레,여,20~24세,63,71.4
허리둘레,여,20~24세,64,71.7
허리둘레,여,20~24세,65,71.9
허리둘레,여,20~24세,66,72.2
허리둘레,여,20~24세,67,72.5
허리둘레,여,20~24세,68,72.7
허리둘레,여,20~24세,69,73
허리둘레,여,20~24세,70,73.2
허리둘레,여,20~24세,71,73.5
허리둘레,여,20~24세,72,73.8
허리둘레,여,20~24세,73,74
허리둘레,여,20~24세,74,74.3
허리둘레,여,20~24세,75,74.5
허리둘레,여,20~24세,76,74.8
허리둘레,여,20~24세,77,75.1
허리둘레,여,20~24세,78,75.7
허리둘레,여,20~24세,79,76.2
허리둘레,여,20~24세,80,76.8
허리둘레,여,20~24세,81,77.4
허리둘레,여,20~24세,82,77.9
허리둘레,여,20~24세,83,78.5
허리둘레,여,20~24세,84,79
허리둘레,여,20~24세,85,79.6
허리둘레,여,20~24세,86,80.2
허리둘레,여,20~24세,87,81
허리둘레,여,20~24세,88,81.8
허리둘레,여,20~24세,89,82.7
허리둘레,여,20~24세,90,83.5
허리둘레,여,20~24세,91,84.3
허리둘레,여,20~24세,92,85.2
허리둘레,여,20~24세,93,86.6
허리둘레,여,20~24세,94,88
허리둘레,여,20~24세,95,89.5
허리둘레,여,20~24세,96,91.6
허리둘레,여,20~24세,97,94
허리둘레,여,20~24세,98,97.4
허리둘레,여,20~24세,99,102.9
허리둘레,여,20~24세,100,125
허리둘레,남,25~29세,1,56
허리둘레,남,25~29세,2,57.1
허리둘레,남,25~29세,3,58.1
허리둘레,남,25~29세,4,59.1
허리둘레,남,25~29세,5,60.2
허리둘레,남,25~29세,6,61.2
허리둘레,남,25~29세,7,62.3
허리둘레,남,25~29세,8,63.3
허리둘레,남,25~29세,9,64.3
허리둘레,남,25~29세,10,65.4
허리둘레,남,25~29세,11,66.4
허리둘레,남,25~29세,12,67.4
허리둘레,남,25~29세,13,68.5
허리둘레,남,25~29세,14,69.5
허리둘레,남,25~29세,15,70.6
허리둘레,남,25~29세,16,71.6
허리둘레,남,25~29세,17,72.6
허리둘레,남,25~29세,18,73.7
허리둘레,남,25~29세,19,74.7
허리둘레,남,25~29세,20,75.2
허리둘레,남,25~29세,21,75.5
허리둘레,남,25~29세,22,75.8
허리둘레,남,25~29세,23,76.1
허리둘레,남,25~29세,24,76.4
허리둘레,남,25~29세,25,76.7
허리둘레,남,25~29세,26,77
허리둘레,남,25~29세,27,77.3
허리둘레,남,25~29세,28,77.5
허리둘레,남,25~29세,29,77.8
허리둘레,남,25~29세,30,78.1
허리둘레,남,25~29세,31,78.4
허리둘레,남,25~29세,32,78.7
허리둘레,남,25~29세,33,79
허리둘레,남,25~29세,34,79.3
허리둘레,남,25~29세,35,79.6
허리둘레,남,25~29세,36,79.9
허리둘레,남,25~29세,37,80.1
허리둘레,남,25~29세,38,80.4
허리둘레,남,25~29세,39,80.6
허리둘레,남,25~29세,40,80.8
허리둘레,남,25~29세,41,81.1
허리둘레,남,25~29세,42,81.3
허리둘레,남,25~29세,43,81.5
허리둘레,남,25~29세,44,81.8
허리둘레,남,25~29세,45,82
허리둘레,남,25~29세,46,82.2
허리둘레,남,25~29세,47,82.5
허리둘레,남,25~29세,48,82.7
허리둘레,남,25~29세,49,82.9
허리둘레,남,25~29세,50,83.2
허리둘레,남,25~29세,51,83.4
허리둘레,남,25~29세,52,83.6
허리둘레,남,25~29세,53,83.9
허리둘레,남,25~29세,54,84.1
허리둘레,남,25~29세,55,84.3
허리둘레,남,25~29세,56,84.6
허리둘레,남,25~29세,57,84.8
허리둘레,남,25~29세,58,85
허리둘레,남,25~29세,59,85.3
허리둘레,남,25~29세,60,85.6
허리둘레,남,25~29세,61,85.9
허리둘레,남,25~29세,62,86.2
허리둘레,남,25~29세,63,86.5
허리둘레,남,25~29세,64,86.8
허리둘레,남,25~29세,65,87.1
허리둘레,남,25~29세,66,87.4
허리둘레,남,25~29세,67,87.7
허리둘레,남,25~29세,68,88
허리둘레,남,25~29세,69,88.3
허리둘레,남,25~29세,70,88.6
허리둘레,남,25~29세,71,88.9
허리둘레,남,25~29세,72,89.3
허리둘레,남,25~29세,73,89.6
허리둘레,남,25~29세,74,89.9
허리둘레,남,25~29세,75,90.2
허리둘레,남,25~29세,76,90.7
허리둘레,남,25~29세,77,91.2
허리둘레,남,25~29세,78,91.7
허리둘레,남,25~29세,79,92.1
허리둘레,남,25~29세,80,92.6
허리둘레,남,25~29세,81,93.1
허리둘레,남,25~29세,82,93.6
허리둘레,남,25~29세,83,94
허리둘레,남,25~29세,84,94.5
허리둘레,남,25~29세,85,95
허리둘레,남,25~29세,86,95.7
허리둘레,남,25~29세,87,96.5
허리둘레,남,25~29세,88,97.3
허리둘레,남,25~29세,89,98
허리둘레,남,25~29세,90,98.8
허리둘레,남,25~29세,91,99.6
허리둘레,남,25~29세,92,100.6
허리둘레,남,25~29세,93,101.9
허리둘레,남,25~29세,94,103.2
허리둘레,남,25~29세,95,104.5
허리둘레,남,25~29세,96,106.5
허리둘레,남,25~29세,97,108.8
허리둘레,남,25~29세,98,113
허리둘레,남,25~29세,99,119
허리둘레,남,25~29세,100,125
허리둘레,여,25~29세,1,55.3
허리둘레,여,25~29세,2,55.5
허리둘레,여,25~29세,3,55.8
허리둘레,여,25~29세,4,56.1
허리둘레,여,25~29세,5,56.3
허리둘레,여,25~29세,6,56.6
허리둘레,여,25~29세,7,56.9
허리둘레,여,25~29세,8,57.1
허리둘레,여,25~29세,9,57.4
허리둘레,여,25~29세,10,57.7
허리둘레,여,25~29세,11,57.9
허리둘레,여,25~29세,12,58.2
허리둘레,여,25~29세,13,58.5
허리둘레,여,25~29세,14,58.7
허리둘레,여,25~29세,15,59
허리둘레,여,25~29세,16,59.3
허리둘레,여,25~29세,17,59.5
허리둘레,여,25~29세,18,59.8
허리둘레,여,25~29세,19,60.1
허리둘레,여,25~29세,20,60.3
허리둘레,여,25~29세,21,60.6
허리둘레,여,25~29세,22,60.9
허리둘레,여,25~29세,23,61.1
허리둘레,여,25~29세,24,61.4
허리둘레,여,25~29세,25,61.7
허리둘레,여,25~29세,26,61.9
허리둘레,여,25~29세,27,62.2
허리둘레,여,25~29세,28,62.5
허리둘레,여,25~29세,29,62.8
허리둘레,여,25~29세,30,63
허리둘레,여,25~29세,31,63.3
허리둘레,여,25~29세,32,63.6
허리둘레,여,25~29세,33,63.8
허리둘레,여,25~29세,34,64.1
허리둘레,여,25~29세,35,64.4
허리둘레,여,25~29세,36,64.6
허리둘레,여,25~29세,37,64.9
허리둘레,여,25~29세,38,65.2
허리둘레,여,25~29세,39,65.4
허리둘레,여,25~29세,40,65.7
허리둘레,여,25~29세,41,66
허리둘레,여,25~29세,42,66.2
허리둘레,여,25~29세,43,66.5
허리둘레,여,25~29세,44,66.8
허리둘레,여,25~29세,45,67
허리둘레,여,25~29세,46,67.3
허리둘레,여,25~29세,47,67.6
허리둘레,여,25~29세,48,67.8
허리둘레,여,25~29세,49,68.1
허리둘레,여,25~29세,50,68.4
허리둘레,여,25~29세,51,68.6
허리둘레,여,25~29세,52,68.9
허리둘레,여,25~29세,53,69.2
허리둘레,여,25~29세,54,69.4
허리둘레,여,25~29세,55,69.7
허리둘레,여,25~29세,56,70
허리둘레,여,25~29세,57,70.2
허리둘레,여,25~29세,58,70.5
허리둘레,여,25~29세,59,70.8
허리둘레,여,25~29세,60,71
허리둘레,여,25~29세,61,71.3
허리둘레,여,25~29세,62,71.6
허리둘레,여,25~29세,63,71.8
허리둘레,여,25~29세,64,72.1
허리둘레,여,25~29세,65,72.4
허리둘레,여,25~29세,66,72.6
허리둘레,여,25~29세,67,72.9
허리둘레,여,25~29세,68,73.2
허리둘레,여,25~29세,69,73.4
허리둘레,여,25~29세,70,73.7
허리둘레,여,25~29세,71,74
허리둘레,여,25~29세,72,74.2
허리둘레,여,25~29세,73,74.5
허리둘레,여,25~29세,74,74.8
허리둘레,여,25~29세,75,75.1
허리둘레,여,25~29세,76,75.6
허리둘레,여,25~29세,77,76.2
허리둘레,여,25~29세,78,76.7
허리둘레,여,25~29세,79,77.2
허리둘레,여,25~29세,80,77.8
허리둘레,여,25~29세,81,78.3
허리둘레,여,25~29세,82,78.8
허리둘레,여,25~29세,83,79.4
허리둘레,여,25~29세,84,79.9
허리둘레,여,25~29세,85,80.6
허리둘레,여,25~29세,86,81.3
허리둘레,여,25~29세,87,82.1
허리둘레,여,25~29세,88,82.9
허리둘레,여,25~29세,89,83.6
허리둘레,여,25~29세,90,84.4
허리둘레,여,25~29세,91,85.2
허리둘레,여,25~29세,92,86.5
허리둘레,여,25~29세,93,87.8
허리둘레,여,25~29세,94,89.2
허리둘레,여,25~29세,95,90.8
허리둘레,여,25~29세,96,92.9
허리둘레,여,25~29세,97,95.2
허리둘레,여,25~29세,98,98.8
허리둘레,여,25~29세,99,104.3
허리둘레,여,25~29세,100,125
허리둘레,남,30~34세,1,56.6
허리둘레,남,30~34세,2,58.3
허리둘레,남,30~34세,3,59.9
허리둘레,남,30~34세,4,61.6
허리둘레,남,30~34세,5,63.2
허리둘레,남,30~34세,6,64.9
허리둘레,남,30~34세,7,66.5
허리둘레,남,30~34세,8,68.2
허리둘레,남,30~34세,9,69.8
허리둘레,남,30~34세,10,71.5
허리둘레,남,30~34세,11,73.1
허리둘레,남,30~34세,12,74.8
허리둘레,남,30~34세,13,75.3
허리둘레,남,30~34세,14,75.7
허리둘레,남,30~34세,15,76
허리둘레,남,30~34세,16,76.4
허리둘레,남,30~34세,17,76.7
허리둘레,남,30~34세,18,77.1
허리둘레,남,30~34세,19,77.4
허리둘레,남,30~34세,20,77.8
허리둘레,남,30~34세,21,78.1
허리둘레,남,30~34세,22,78.5
허리둘레,남,30~34세,23,78.8
허리둘레,남,30~34세,24,79.2
허리둘레,남,30~34세,25,79.5
허리둘레,남,30~34세,26,79.9
허리둘레,남,30~34세,27,80.2
허리둘레,남,30~34세,28,80.4
허리둘레,남,30~34세,29,80.6
허리둘레,남,30~34세,30,80.8
허리둘레,남,30~34세,31,81.1
허리둘레,남,30~34세,32,81.3
허리둘레,남,30~34세,33,81.5
허리둘레,남,30~34세,34,81.8
허리둘레,남,30~34세,35,82
허리둘레,남,30~34세,36,82.2
허리둘레,남,30~34세,37,82.5
허리둘레,남,30~34세,38,82.7
허리둘레,남,30~34세,39,82.9
허리둘레,남,30~34세,40,83.1
허리둘레,남,30~34세,41,83.4
허리둘레,남,30~34세,42,83.6
허리둘레,남,30~34세,43,83.8
허리둘레,남,30~34세,44,84.1
허리둘레,남,30~34세,45,84.3
허리둘레,남,30~34세,46,84.5
허리둘레,남,30~34세,47,84.7
허리둘레,남,30~34세,48,85
허리둘레,남,30~34세,49,85.2
허리둘레,남,30~34세,50,85.5
허리둘레,남,30~34세,51,85.7
허리둘레,남,30~34세,52,86
허리둘레,남,30~34세,53,86.3
허리둘레,남,30~34세,54,86.5
허리둘레,남,30~34세,55,86.8
허리둘레,남,30~34세,56,87
허리둘레,남,30~34세,57,87.3
허리둘레,남,30~34세,58,87.5
허리둘레,남,30~34세,59,87.8
허리둘레,남,30~34세,60,88
허리둘레,남,30~34세,61,88.3
허리둘레,남,30~34세,62,88.6
허리둘레,남,30~34세,63,88.8
허리둘레,남,30~34세,64,89.1
허리둘레,남,30~34세,65,89.3
허리둘레,남,30~34세,66,89.6
허리둘레,남,30~34세,67,89.8
허리둘레,남,30~34세,68,90.1
허리둘레,남,30~34세,69,90.5
허리둘레,남,30~34세,70,90.9
허리둘레,남,30~34세,71,91.2
허리둘레,남,30~34세,72,91.6
허리둘레,남,30~34세,73,92
허리둘레,남,30~34세,74,92.3
허리둘레,남,30~34세,75,92.7
허리둘레,남,30~34세,76,93.1
허리둘레,남,30~34세,77,93.5
허리둘레,남,30~34세,78,93.8
허리둘레,남,30~34세,79,94.2
허리둘레,남,30~34세,80,94.6
허리둘레,남,30~34세,81,94.9
허리둘레,남,30~34세,82,95.5
허리둘레,남,30~34세,83,96.1
허리둘레,남,30~34세,84,96.7
허리둘레,남,30~34세,85,97.3
허리둘레,남,30~34세,86,97.9
허리둘레,남,30~34세,87,98.5
허리둘레,남,30~34세,88,99.1
허리둘레,남,30~34세,89,99.7
허리둘레,남,30~34세,90,100.4
허리둘레,남,30~34세,91,101.5
허리둘레,남,30~34세,92,102.5
허리둘레,남,30~34세,93,103.6
허리둘레,남,30~34세,94,104.6
허리둘레,남,30~34세,95,106.1
허리둘레,남,30~34세,96,108
허리둘레,남,30~34세,97,109.9
허리둘레,남,30~34세,98,114.9
허리둘레,남,30~34세,99,119.9
허리둘레,남,30~34세,100,125
허리둘레,여,30~34세,1,55.3
허리둘레,여,30~34세,2,55.6
허리둘레,여,30~34세,3,55.9
허리둘레,여,30~34세,4,56.2
허리둘레,여,30~34세,5,56.5
허리둘레,여,30~34세,6,56.8
허리둘레,여,30~34세,7,57.1
허리둘레,여,30~34세,8,57.4
허리둘레,여,30~34세,9,57.6
허리둘레,여,30~34세,10,57.9
허리둘레,여,30~34세,11,58.2
허리둘레,여,30~34세,12,58.5
허리둘레,여,30~34세,13,58.8
허리둘레,여,30~34세,14,59.1
허리둘레,여,30~34세,15,59.4
허리둘레,여,30~34세,16,59.7
허리둘레,여,30~34세,17,60
허리둘레,여,30~34세,18,60.3
허리둘레,여,30~34세,19,60.6
허리둘레,여,30~34세,20,60.9
허리둘레,여,30~34세,21,61.2
허리둘레,여,30~34세,22,61.5
허리둘레,여,30~34세,23,61.8
허리둘레,여,30~34세,24,62.1
허리둘레,여,30~34세,25,62.4
허리둘레,여,30~34세,26,62.6
허리둘레,여,30~34세,27,62.9
허리둘레,여,30~34세,28,63.2
허리둘레,여,30~34세,29,63.5
허리둘레,여,30~34세,30,63.8
허리둘레,여,30~34세,31,64.1
허리둘레,여,30~34세,32,64.4
허리둘레,여,30~34세,33,64.7
허리둘레,여,30~34세,34,65
허리둘레,여,30~34세,35,65.3
허리둘레,여,30~34세,36,65.6
허리둘레,여,30~34세,37,65.9
허리둘레,여,30~34세,38,66.2
허리둘레,여,30~34세,39,66.5
허리둘레,여,30~34세,40,66.8
허리둘레,여,30~34세,41,67.1
허리둘레,여,30~34세,42,67.3
허리둘레,여,30~34세,43,67.6
허리둘레,여,30~34세,44,67.9
허리둘레,여,30~34세,45,68.2
허리둘레,여,30~34세,46,68.5
허리둘레,여,30~34세,47,68.8
허리둘레,여,30~34세,48,69.1
허리둘레,여,30~34세,49,69.4
허리둘레,여,30~34세,50,69.7
허리둘레,여,30~34세,51,70
허리둘레,여,30~34세,52,70.3
허리둘레,여,30~34세,53,70.6
허리둘레,여,30~34세,54,70.9
허리둘레,여,30~34세,55,71.2
허리둘레,여,30~34세,56,71.5
허리둘레,여,30~34세,57,71.8
허리둘레,여,30~34세,58,72.1
허리둘레,여,30~34세,59,72.3
허리둘레,여,30~34세,60,72.6
허리둘레,여,30~34세,61,72.9
허리둘레,여,30~34세,62,73.2
허리둘레,여,30~34세,63,73.5
허리둘레,여,30~34세,64,73.8
허리둘레,여,30~34세,65,74.1
허리둘레,여,30~34세,66,74.4
허리둘레,여,30~34세,67,74.7
허리둘레,여,30~34세,68,75
허리둘레,여,30~34세,69,75.4
허리둘레,여,30~34세,70,75.9
허리둘레,여,30~34세,71,76.3
허리둘레,여,30~34세,72,76.8
허리둘레,여,30~34세,73,77.2
허리둘레,여,30~34세,74,77.6
허리둘레,여,30~34세,75,78.1
허리둘레,여,30~34세,76,78.5
허리둘레,여,30~34세,77,79
허리둘레,여,30~34세,78,79.4
허리둘레,여,30~34세,79,79.9
허리둘레,여,30~34세,80,80.4
허리둘레,여,30~34세,81,81
허리둘레,여,30~34세,82,81.6
허리둘레,여,30~34세,83,82.1
허리둘레,여,30~34세,84,82.7
허리둘레,여,30~34세,85,83.3
허리둘레,여,30~34세,86,83.9
허리둘레,여,30~34세,87,84.5
허리둘레,여,30~34세,88,85.1
허리둘레,여,30~34세,89,86.1
허리둘레,여,30~34세,90,87.1
허리둘레,여,30~34세,91,88.1
허리둘레,여,30~34세,92,89.1
허리둘레,여,30~34세,93,90.1
허리둘레,여,30~34세,94,91.8
허리둘레,여,30~34세,95,93.4
허리둘레,여,30~34세,96,95.1
허리둘레,여,30~34세,97,97.8
허리둘레,여,30~34세,98,100.8
허리둘레,여,30~34세,99,106.3
허리둘레,여,30~34세,100,125
허리둘레,남,35~39세,1,57.4
허리둘레,남,35~39세,2,59.7
허리둘레,남,35~39세,3,62.1
허리둘레,남,35~39세,4,64.4
허리둘레,남,35~39세,5,66.8
허리둘레,남,35~39세,6,69.2
허리둘레,남,35~39세,7,71.5
허리둘레,남,35~39세,8,73.9
허리둘레,남,35~39세,9,75.2
허리둘레,남,35~39세,10,75.7
허리둘레,남,35~39세,11,76.1
허리둘레,남,35~39세,12,76.5
허리둘레,남,35~39세,13,77
허리둘레,남,35~39세,14,77.4
허리둘레,남,35~39세,15,77.9
허리둘레,남,35~39세,16,78.3
허리둘레,남,35~39세,17,78.7
허리둘레,남,35~39세,18,79.2
허리둘레,남,35~39세,19,79.6
허리둘레,남,35~39세,20,80
허리둘레,남,35~39세,21,80.3
허리둘레,남,35~39세,22,80.5
허리둘레,남,35~39세,23,80.8
허리둘레,남,35~39세,24,81
허리둘레,남,35~39세,25,81.3
허리둘레,남,35~39세,26,81.5
허리둘레,남,35~39세,27,81.7
허리둘레,남,35~39세,28,82
허리둘레,남,35~39세,29,82.2
허리둘레,남,35~39세,30,82.5
허리둘레,남,35~39세,31,82.7
허리둘레,남,35~39세,32,83
허리둘레,남,35~39세,33,83.2
허리둘레,남,35~39세,34,83.4
허리둘레,남,35~39세,35,83.7
허리둘레,남,35~39세,36,83.9
허리둘레,남,35~39세,37,84.2
허리둘레,남,35~39세,38,84.4
허리둘레,남,35~39세,39,84.7
허리둘레,남,35~39세,40,84.9
허리둘레,남,35~39세,41,85.1
허리둘레,남,35~39세,42,85.4
허리둘레,남,35~39세,43,85.6
허리둘레,남,35~39세,44,85.8
허리둘레,남,35~39세,45,86.1
허리둘레,남,35~39세,46,86.3
허리둘레,남,35~39세,47,86.6
허리둘레,남,35~39세,48,86.8
허리둘레,남,35~39세,49,87
허리둘레,남,35~39세,50,87.3
허리둘레,남,35~39세,51,87.5
허리둘레,남,35~39세,52,87.7
허리둘레,남,35~39세,53,88
허리둘레,남,35~39세,54,88.2
허리둘레,남,35~39세,55,88.4
허리둘레,남,35~39세,56,88.7
허리둘레,남,35~39세,57,88.9
허리둘레,남,35~39세,58,89.1
허리둘레,남,35~39세,59,89.4
허리둘레,남,35~39세,60,89.6
허리둘레,남,35~39세,61,89.8
허리둘레,남,35~39세,62,90.1
허리둘레,남,35~39세,63,90.4
허리둘레,남,35~39세,64,90.7
허리둘레,남,35~39세,65,91
허리둘레,남,35~39세,66,91.4
허리둘레,남,35~39세,67,91.7
허리둘레,남,35~39세,68,92
허리둘레,남,35~39세,69,92.3
허리둘레,남,35~39세,70,92.6
허리둘레,남,35~39세,71,92.9
허리둘레,남,35~39세,72,93.2
허리둘레,남,35~39세,73,93.5
허리둘레,남,35~39세,74,93.9
허리둘레,남,35~39세,75,94.2
허리둘레,남,35~39세,76,94.5
허리둘레,남,35~39세,77,94.8
허리둘레,남,35~39세,78,95.2
허리둘레,남,35~39세,79,95.7
허리둘레,남,35~39세,80,96.1
허리둘레,남,35~39세,81,96.6
허리둘레,남,35~39세,82,97.1
허리둘레,남,35~39세,83,97.6
허리둘레,남,35~39세,84,98.1
허리둘레,남,35~39세,85,98.6
허리둘레,남,35~39세,86,99.1
허리둘레,남,35~39세,87,99.6
허리둘레,남,35~39세,88,100.1
허리둘레,남,35~39세,89,100.9
허리둘레,남,35~39세,90,101.8
허리둘레,남,35~39세,91,102.7
허리둘레,남,35~39세,92,103.5
허리둘레,남,35~39세,93,104.4
허리둘레,남,35~39세,94,105.4
허리둘레,남,35~39세,95,107.1
허리둘레,남,35~39세,96,108.7
허리둘레,남,35~39세,97,111
허리둘레,남,35~39세,98,115.6
허리둘레,남,35~39세,99,120.3
허리둘레,남,35~39세,100,125
허리둘레,여,35~39세,1,55.3
허리둘레,여,35~39세,2,55.7
허리둘레,여,35~39세,3,56
허리둘레,여,35~39세,4,56.3
허리둘레,여,35~39세,5,56.6
허리둘레,여,35~39세,6,57
허리둘레,여,35~39세,7,57.3
허리둘레,여,35~39세,8,57.6
허리둘레,여,35~39세,9,57.9
허리둘레,여,35~39세,10,58.3
허리둘레,여,35~39세,11,58.6
허리둘레,여,35~39세,12,58.9
허리둘레,여,35~39세,13,59.2
허리둘레,여,35~39세,14,59.6
허리둘레,여,35~39세,15,59.9
허리둘레,여,35~39세,16,60.2
허리둘레,여,35~39세,17,60.6
허리둘레,여,35~39세,18,60.9
허리둘레,여,35~39세,19,61.2
허리둘레,여,35~39세,20,61.5
허리둘레,여,35~39세,21,61.9
허리둘레,여,35~39세,22,62.2
허리둘레,여,35~39세,23,62.5
허리둘레,여,35~39세,24,62.8
허리둘레,여,35~39세,25,63.2
허리둘레,여,35~39세,26,63.5
허리둘레,여,35~39세,27,63.8
허리둘레,여,35~39세,28,64.1
허리둘레,여,35~39세,29,64.5
허리둘레,여,35~39세,30,64.8
허리둘레,여,35~39세,31,65.1
허리둘레,여,35~39세,32,65.4
허리둘레,여,35~39세,33,65.8
허리둘레,여,35~39세,34,66.1
허리둘레,여,35~39세,35,66.4
허리둘레,여,35~39세,36,66.8
허리둘레,여,35~39세,37,67.1
허리둘레,여,35~39세,38,67.4
허리둘레,여,35~39세,39,67.7
허리둘레,여,35~39세,40,68.1
허리둘레,여,35~39세,41,68.4
허리둘레,여,35~39세,42,68.7
허리둘레,여,35~39세,43,69
허리둘레,여,35~39세,44,69.4
허리둘레,여,35~39세,45,69.7
허리둘레,여,35~39세,46,70
허리둘레,여,35~39세,47,70.3
허리둘레,여,35~39세,48,70.7
허리둘레,여,35~39세,49,71
허리둘레,여,35~39세,50,71.3
허리둘레,여,35~39세,51,71.7
허리둘레,여,35~39세,52,72
허리둘레,여,35~39세,53,72.3
허리둘레,여,35~39세,54,72.6
허리둘레,여,35~39세,55,73
허리둘레,여,35~39세,56,73.3
허리둘레,여,35~39세,57,73.6
허리둘레,여,35~39세,58,73.9
허리둘레,여,35~39세,59,74.3
허리둘레,여,35~39세,60,74.6
허리둘레,여,35~39세,61,74.9
허리둘레,여,35~39세,62,75.3
허리둘레,여,35~39세,63,75.7
허리둘레,여,35~39세,64,76.1
허리둘레,여,35~39세,65,76.4
허리둘레,여,35~39세,66,76.8
허리둘레,여,35~39세,67,77.2
허리둘레,여,35~39세,68,77.6
허리둘레,여,35~39세,69,78
허리둘레,여,35~39세,70,78.3
허리둘레,여,35~39세,71,78.7
허리둘레,여,35~39세,72,79.1
허리둘레,여,35~39세,73,79.5
허리둘레,여,35~39세,74,79.9
허리둘레,여,35~39세,75,80.3
허리둘레,여,35~39세,76,80.8
허리둘레,여,35~39세,77,81.3
허리둘레,여,35~39세,78,81.8
허리둘레,여,35~39세,79,82.2
허리둘레,여,35~39세,80,82.7
허리둘레,여,35~39세,81,83.2
허리둘레,여,35~39세,82,83.7
허리둘레,여,35~39세,83,84.1
허리둘레,여,35~39세,84,84.6
허리둘레,여,35~39세,85,85.1
허리둘레,여,35~39세,86,85.9
허리둘레,여,35~39세,87,86.7
허리둘레,여,35~39세,88,87.5
허리둘레,여,35~39세,89,88.2
허리둘레,여,35~39세,90,89
허리둘레,여,35~39세,91,89.8
허리둘레,여,35~39세,92,90.9
허리둘레,여,35~39세,93,92.2
허리둘레,여,35~39세,94,93.5
허리둘레,여,35~39세,95,94.8
허리둘레,여,35~39세,96,96.9
허리둘레,여,35~39세,97,99
허리둘레,여,35~39세,98,102.3
허리둘레,여,35~39세,99,107.5
허리둘레,여,35~39세,100,125
허리둘레,남,40~44세,1,57.6
허리둘레,남,40~44세,2,60.2
허리둘레,남,40~44세,3,62.8
허리둘레,남,40~44세,4,65.4
허리둘레,남,40~44세,5,68
허리둘레,남,40~44세,6,70.6
허리둘레,남,40~44세,7,73.2
허리둘레,남,40~44세,8,75.2
허리둘레,남,40~44세,9,75.6
허리둘레,남,40~44세,10,76.1
허리둘레,남,40~44세,11,76.6
허리둘레,남,40~44세,12,77
허리둘레,남,40~44세,13,77.5
허리둘레,남,40~44세,14,78
허리둘레,남,40~44세,15,78.4
허리둘레,남,40~44세,16,78.9
허리둘레,남,40~44세,17,79.4
허리둘레,남,40~44세,18,79.9
허리둘레,남,40~44세,19,80.2
허리둘레,남,40~44세,20,80.4
허리둘레,남,40~44세,21,80.6
허리둘레,남,40~44세,22,80.9
허리둘레,남,40~44세,23,81.1
허리둘레,남,40~44세,24,81.4
허리둘레,남,40~44세,25,81.6
허리둘레,남,40~44세,26,81.9
허리둘레,남,40~44세,27,82.1
허리둘레,남,40~44세,28,82.3
허리둘레,남,40~44세,29,82.6
허리둘레,남,40~44세,30,82.8
허리둘레,남,40~44세,31,83.1
허리둘레,남,40~44세,32,83.3
허리둘레,남,40~44세,33,83.5
허리둘레,남,40~44세,34,83.8
허리둘레,남,40~44세,35,84
허리둘레,남,40~44세,36,84.3
허리둘레,남,40~44세,37,84.5
허리둘레,남,40~44세,38,84.7
허리둘레,남,40~44세,39,85
허리둘레,남,40~44세,40,85.2
허리둘레,남,40~44세,41,85.4
허리둘레,남,40~44세,42,85.6
허리둘레,남,40~44세,43,85.9
허리둘레,남,40~44세,44,86.1
허리둘레,남,40~44세,45,86.3
허리둘레,남,40~44세,46,86.5
허리둘레,남,40~44세,47,86.7
허리둘레,남,40~44세,48,87
허리둘레,남,40~44세,49,87.2
허리둘레,남,40~44세,50,87.4
허리둘레,남,40~44세,51,87.6
허리둘레,남,40~44세,52,87.9
허리둘레,남,40~44세,53,88.1
허리둘레,남,40~44세,54,88.3
허리둘레,남,40~44세,55,88.5
허리둘레,남,40~44세,56,88.7
허리둘레,남,40~44세,57,89
허리둘레,남,40~44세,58,89.2
허리둘레,남,40~44세,59,89.4
허리둘레,남,40~44세,60,89.6
허리둘레,남,40~44세,61,89.8
허리둘레,남,40~44세,62,90.1
허리둘레,남,40~44세,63,90.4
허리둘레,남,40~44세,64,90.7
허리둘레,남,40~44세,65,91
허리둘레,남,40~44세,66,91.3
허리둘레,남,40~44세,67,91.6
허리둘레,남,40~44세,68,91.8
허리둘레,남,40~44세,69,92.1
허리둘레,남,40~44세,70,92.4
허리둘레,남,40~44세,71,92.7
허리둘레,남,40~44세,72,93
허리둘레,남,40~44세,73,93.3
허리둘레,남,40~44세,74,93.6
허리둘레,남,40~44세,75,93.9
허리둘레,남,40~44세,76,94.2
허리둘레,남,40~44세,77,94.5
허리둘레,남,40~44세,78,94.8
허리둘레,남,40~44세,79,95.1
허리둘레,남,40~44세,80,95.6
허리둘레,남,40~44세,81,96
허리둘레,남,40~44세,82,96.5
허리둘레,남,40~44세,83,97
허리둘레,남,40~44세,84,97.5
허리둘레,남,40~44세,85,98
허리둘레,남,40~44세,86,98.4
허리둘레,남,40~44세,87,98.9
허리둘레,남,40~44세,88,99.4
허리둘레,남,40~44세,89,99.9
허리둘레,남,40~44세,90,100.6
허리둘레,남,40~44세,91,101.5
허리둘레,남,40~44세,92,102.4
허리둘레,남,40~44세,93,103.3
허리둘레,남,40~44세,94,104.2
허리둘레,남,40~44세,95,105.2
허리둘레,남,40~44세,96,107
허리둘레,남,40~44세,97,108.9
허리둘레,남,40~44세,98,112.4
허리둘레,남,40~44세,99,118.7
허리둘레,남,40~44세,100,125
허리둘레,여,40~44세,1,55.3
허리둘레,여,40~44세,2,55.7
허리둘레,여,40~44세,3,56
허리둘레,여,40~44세,4,56.4
허리둘레,여,40~44세,5,56.7
허리둘레,여,40~44세,6,57
허리둘레,여,40~44세,7,57.4
허리둘레,여,40~44세,8,57.7
허리둘레,여,40~44세,9,58.1
허리둘레,여,40~44세,10,58.4
허리둘레,여,40~44세,11,58.7
허리둘레,여,40~44세,12,59.1
허리둘레,여,40~44세,13,59.4
허리둘레,여,40~44세,14,59.8
허리둘레,여,40~44세,15,60.1
허리둘레,여,40~44세,16,60.4
허리둘레,여,40~44세,17,60.8
허리둘레,여,40~44세,18,61.1
허리둘레,여,40~44세,19,61.5
허리둘레,여,40~44세,20,61.8
허리둘레,여,40~44세,21,62.1
허리둘레,여,40~44세,22,62.5
허리둘레,여,40~44세,23,62.8
허리둘레,여,40~44세,24,63.1
허리둘레,여,40~44세,25,63.5
허리둘레,여,40~44세,26,63.8
허리둘레,여,40~44세,27,64.2
허리둘레,여,40~44세,28,64.5
허리둘레,여,40~44세,29,64.8
허리둘레,여,40~44세,30,65.2
허리둘레,여,40~44세,31,65.5
허리둘레,여,40~44세,32,65.9
허리둘레,여,40~44세,33,66.2
허리둘레,여,40~44세,34,66.5
허리둘레,여,40~44세,35,66.9
허리둘레,여,40~44세,36,67.2
허리둘레,여,40~44세,37,67.6
허리둘레,여,40~44세,38,67.9
허리둘레,여,40~44세,39,68.2
허리둘레,여,40~44세,40,68.6
허리둘레,여,40~44세,41,68.9
허리둘레,여,40~44세,42,69.3
허리둘레,여,40~44세,43,69.6
허리둘레,여,40~44세,44,69.9
허리둘레,여,40~44세,45,70.3
허리둘레,여,40~44세,46,70.6
허리둘레,여,40~44세,47,71
허리둘레,여,40~44세,48,71.3
허리둘레,여,40~44세,49,71.6
허리둘레,여,40~44세,50,72
허리둘레,여,40~44세,51,72.3
허리둘레,여,40~44세,52,72.7
허리둘레,여,40~44세,53,73
허리둘레,여,40~44세,54,73.3
허리둘레,여,40~44세,55,73.7
허리둘레,여,40~44세,56,74
허리둘레,여,40~44세,57,74.4
허리둘레,여,40~44세,58,74.7
허리둘레,여,40~44세,59,75
허리둘레,여,40~44세,60,75.4
허리둘레,여,40~44세,61,75.7
허리둘레,여,40~44세,62,76.1
허리둘레,여,40~44세,63,76.4
허리둘레,여,40~44세,64,76.8
허리둘레,여,40~44세,65,77.1
허리둘레,여,40~44세,66,77.5
허리둘레,여,40~44세,67,77.8
허리둘레,여,40~44세,68,78.2
허리둘레,여,40~44세,69,78.5
허리둘레,여,40~44세,70,78.9
허리둘레,여,40~44세,71,79.2
허리둘레,여,40~44세,72,79.6
허리둘레,여,40~44세,73,80
허리둘레,여,40~44세,74,80.4
허리둘레,여,40~44세,75,80.8
허리둘레,여,40~44세,76,81.2
허리둘레,여,40~44세,77,81.7
허리둘레,여,40~44세,78,82.1
허리둘레,여,40~44세,79,82.5
허리둘레,여,40~44세,80,83
허리둘레,여,40~44세,81,83.4
허리둘레,여,40~44세,82,83.8
허리둘레,여,40~44세,83,84.3
허리둘레,여,40~44세,84,84.7
허리둘레,여,40~44세,85,85.2
허리둘레,여,40~44세,86,85.9
허리둘레,여,40~44세,87,86.7
허리둘레,여,40~44세,88,87.4
허리둘레,여,40~44세,89,88.1
허리둘레,여,40~44세,90,88.9
허리둘레,여,40~44세,91,89.6
허리둘레,여,40~44세,92,90.6
허리둘레,여,40~44세,93,91.8
허리둘레,여,40~44세,94,93.1
허리둘레,여,40~44세,95,94.3
허리둘레,여,40~44세,96,96
허리둘레,여,40~44세,97,98.3
허리둘레,여,40~44세,98,101
허리둘레,여,40~44세,99,105.6
허리둘레,여,40~44세,100,125
허리둘레,남,45~49세,1,57.5
허리둘레,남,45~49세,2,60
허리둘레,남,45~49세,3,62.5
허리둘레,남,45~49세,4,65
허리둘레,남,45~49세,5,67.6
허리둘레,남,45~49세,6,70.1
허리둘레,남,45~49세,7,72.6
허리둘레,남,45~49세,8,75
허리둘레,남,45~49세,9,75.5
허리둘레,남,45~49세,10,75.9
허리둘레,남,45~49세,11,76.4
허리둘레,남,45~49세,12,76.8
허리둘레,남,45~49세,13,77.3
허리둘레,남,45~49세,14,77.7
허리둘레,남,45~49세,15,78.2
허리둘레,남,45~49세,16,78.6
허리둘레,남,45~49세,17,79.1
허리둘레,남,45~49세,18,79.5
허리둘레,남,45~49세,19,79.9
허리둘레,남,45~49세,20,80.2
허리둘레,남,45~49세,21,80.4
허리둘레,남,45~49세,22,80.7
허리둘레,남,45~49세,23,80.9
허리둘레,남,45~49세,24,81.1
허리둘레,남,45~49세,25,81.3
허리둘레,남,45~49세,26,81.6
허리둘레,남,45~49세,27,81.8
허리둘레,남,45~49세,28,82
허리둘레,남,45~49세,29,82.3
허리둘레,남,45~49세,30,82.5
허리둘레,남,45~49세,31,82.7
허리둘레,남,45~49세,32,82.9
허리둘레,남,45~49세,33,83.2
허리둘레,남,45~49세,34,83.4
허리둘레,남,45~49세,35,83.6
허리둘레,남,45~49세,36,83.9
허리둘레,남,45~49세,37,84.1
허리둘레,남,45~49세,38,84.3
허리둘레,남,45~49세,39,84.5
허리둘레,남,45~49세,40,84.8
허리둘레,남,45~49세,41,85
허리둘레,남,45~49세,42,85.2
허리둘레,남,45~49세,43,85.4
허리둘레,남,45~49세,44,85.6
허리둘레,남,45~49세,45,85.8
허리둘레,남,45~49세,46,86.1
허리둘레,남,45~49세,47,86.3
허리둘레,남,45~49세,48,86.5
허리둘레,남,45~49세,49,86.7
허리둘레,남,45~49세,50,86.9
허리둘레,남,45~49세,51,87.1
허리둘레,남,45~49세,52,87.3
허리둘레,남,45~49세,53,87.5
허리둘레,남,45~49세,54,87.8
허리둘레,남,45~49세,55,88
허리둘레,남,45~49세,56,88.2
허리둘레,남,45~49세,57,88.4
허리둘레,남,45~49세,58,88.6
허리둘레,남,45~49세,59,88.8
허리둘레,남,45~49세,60,89
허리둘레,남,45~49세,61,89.2
허리둘레,남,45~49세,62,89.4
허리둘레,남,45~49세,63,89.7
허리둘레,남,45~49세,64,89.9
허리둘레,남,45~49세,65,90.1
허리둘레,남,45~49세,66,90.4
허리둘레,남,45~49세,67,90.7
허리둘레,남,45~49세,68,91
허리둘레,남,45~49세,69,91.3
허리둘레,남,45~49세,70,91.6
허리둘레,남,45~49세,71,91.9
허리둘레,남,45~49세,72,92.2
허리둘레,남,45~49세,73,92.4
허리둘레,남,45~49세,74,92.7
허리둘레,남,45~49세,75,93
허리둘레,남,45~49세,76,93.3
허리둘레,남,45~49세,77,93.6
허리둘레,남,45~49세,78,93.9
허리둘레,남,45~49세,79,94.2
허리둘레,남,45~49세,80,94.5
허리둘레,남,45~49세,81,94.8
허리둘레,남,45~49세,82,95.1
허리둘레,남,45~49세,83,95.6
허리둘레,남,45~49세,84,96.1
허리둘레,남,45~49세,85,96.6
허리둘레,남,45~49세,86,97.2
허리둘레,남,45~49세,87,97.7
허리둘레,남,45~49세,88,98.2
허리둘레,남,45~49세,89,98.7
허리둘레,남,45~49세,90,99.2
허리둘레,남,45~49세,91,99.7
허리둘레,남,45~49세,92,100.4
허리둘레,남,45~49세,93,101.5
허리둘레,남,45~49세,94,102.5
허리둘레,남,45~49세,95,103.6
허리둘레,남,45~49세,96,104.7
허리둘레,남,45~49세,97,106.6
허리둘레,남,45~49세,98,109
허리둘레,남,45~49세,99,115.6
허리둘레,남,45~49세,100,125
허리둘레,여,45~49세,1,55.4
허리둘레,여,45~49세,2,55.7
허리둘레,여,45~49세,3,56.1
허리둘레,여,45~49세,4,56.4
허리둘레,여,45~49세,5,56.8
허리둘레,여,45~49세,6,57.1
허리둘레,여,45~49세,7,57.5
허리둘레,여,45~49세,8,57.9
허리둘레,여,45~49세,9,58.2
허리둘레,여,45~49세,10,58.6
허리둘레,여,45~49세,11,58.9
허리둘레,여,45~49세,12,59.3
허리둘레,여,45~49세,13,59.6
허리둘레,여,45~49세,14,60
허리둘레,여,45~49세,15,60.4
허리둘레,여,45~49세,16,60.7
허리둘레,여,45~49세,17,61.1
허리둘레,여,45~49세,18,61.4
허리둘레,여,45~49세,19,61.8
허리둘레,여,45~49세,20,62.1
허리둘레,여,45~49세,21,62.5
허리둘레,여,45~49세,22,62.9
허리둘레,여,45~49세,23,63.2
허리둘레,여,45~49세,24,63.6
허리둘레,여,45~49세,25,63.9
허리둘레,여,45~49세,26,64.3
허리둘레,여,45~49세,27,64.6
허리둘레,여,45~49세,28,65
허리둘레,여,45~49세,29,65.4
허리둘레,여,45~49세,30,65.7
허리둘레,여,45~49세,31,66.1
허리둘레,여,45~49세,32,66.4
허리둘레,여,45~49세,33,66.8
허리둘레,여,45~49세,34,67.1
허리둘레,여,45~49세,35,67.5
허리둘레,여,45~49세,36,67.8
허리둘레,여,45~49세,37,68.2
허리둘레,여,45~49세,38,68.6
허리둘레,여,45~49세,39,68.9
허리둘레,여,45~49세,40,69.3
허리둘레,여,45~49세,41,69.6
허리둘레,여,45~49세,42,70
허리둘레,여,45~49세,43,70.3
허리둘레,여,45~49세,44,70.7
허리둘레,여,45~49세,45,71.1
허리둘레,여,45~49세,46,71.4
허리둘레,여,45~49세,47,71.8
허리둘레,여,45~49세,48,72.1
허리둘레,여,45~49세,49,72.5
허리둘레,여,45~49세,50,72.8
허리둘레,여,45~49세,51,73.2
허리둘레,여,45~49세,52,73.6
허리둘레,여,45~49세,53,73.9
허리둘레,여,45~49세,54,74.3
허리둘레,여,45~49세,55,74.6
허리둘레,여,45~49세,56,75
허리둘레,여,45~49세,57,75.3
허리둘레,여,45~49세,58,75.6
허리둘레,여,45~49세,59,76
허리둘레,여,45~49세,60,76.3
허리둘레,여,45~49세,61,76.6
허리둘레,여,45~49세,62,76.9
허리둘레,여,45~49세,63,77.2
허리둘레,여,45~49세,64,77.6
허리둘레,여,45~49세,65,77.9
허리둘레,여,45~49세,66,78.2
허리둘레,여,45~49세,67,78.5
허리둘레,여,45~49세,68,78.9
허리둘레,여,45~49세,69,79.2
허리둘레,여,45~49세,70,79.5
허리둘레,여,45~49세,71,79.8
허리둘레,여,45~49세,72,80.2
허리둘레,여,45~49세,73,80.6
허리둘레,여,45~49세,74,81
허리둘레,여,45~49세,75,81.4
허리둘레,여,45~49세,76,81.7
허리둘레,여,45~49세,77,82.1
허리둘레,여,45~49세,78,82.5
허리둘레,여,45~49세,79,82.9
허리둘레,여,45~49세,80,83.3
허리둘레,여,45~49세,81,83.7
허리둘레,여,45~49세,82,84.1
허리둘레,여,45~49세,83,84.5
허리둘레,여,45~49세,84,84.9
허리둘레,여,45~49세,85,85.4
허리둘레,여,45~49세,86,86.1
허리둘레,여,45~49세,87,86.7
허리둘레,여,45~49세,88,87.4
허리둘레,여,45~49세,89,88.1
허리둘레,여,45~49세,90,88.7
허리둘레,여,45~49세,91,89.4
허리둘레,여,45~49세,92,90.1
허리둘레,여,45~49세,93,91.4
허리둘레,여,45~49세,94,92.6
허리둘레,여,45~49세,95,93.8
허리둘레,여,45~49세,96,95.1
허리둘레,여,45~49세,97,97.5
허리둘레,여,45~49세,98,99.8
허리둘레,여,45~49세,99,104.3
허리둘레,여,45~49세,100,125
허리둘레,남,50~54세,1,57.4
허리둘레,남,50~54세,2,59.7
허리둘레,남,50~54세,3,62.1
허리둘레,남,50~54세,4,64.4
허리둘레,남,50~54세,5,66.8
허리둘레,남,50~54세,6,69.2
허리둘레,남,50~54세,7,71.5
허리둘레,남,50~54세,8,73.9
허리둘레,남,50~54세,9,75.2
허리둘레,남,50~54세,10,75.7
허리둘레,남,50~54세,11,76.1
허리둘레,남,50~54세,12,76.5
허리둘레,남,50~54세,13,77
허리둘레,남,50~54세,14,77.4
허리둘레,남,50~54세,15,77.8
허리둘레,남,50~54세,16,78.2
허리둘레,남,50~54세,17,78.7
허리둘레,남,50~54세,18,79.1
허리둘레,남,50~54세,19,79.5
허리둘레,남,50~54세,20,80
허리둘레,남,50~54세,21,80.2
허리둘레,남,50~54세,22,80.4
허리둘레,남,50~54세,23,80.6
허리둘레,남,50~54세,24,80.9
허리둘레,남,50~54세,25,81.1
허리둘레,남,50~54세,26,81.3
허리둘레,남,50~54세,27,81.5
허리둘레,남,50~54세,28,81.7
허리둘레,남,50~54세,29,81.9
허리둘레,남,50~54세,30,82.2
허리둘레,남,50~54세,31,82.4
허리둘레,남,50~54세,32,82.6
허리둘레,남,50~54세,33,82.8
허리둘레,남,50~54세,34,83
허리둘레,남,50~54세,35,83.3
허리둘레,남,50~54세,36,83.5
허리둘레,남,50~54세,37,83.7
허리둘레,남,50~54세,38,83.9
허리둘레,남,50~54세,39,84.1
허리둘레,남,50~54세,40,84.3
허리둘레,남,50~54세,41,84.6
허리둘레,남,50~54세,42,84.8
허리둘레,남,50~54세,43,85
허리둘레,남,50~54세,44,85.2
허리둘레,남,50~54세,45,85.4
허리둘레,남,50~54세,46,85.6
허리둘레,남,50~54세,47,85.8
허리둘레,남,50~54세,48,86
허리둘레,남,50~54세,49,86.2
허리둘레,남,50~54세,50,86.4
허리둘레,남,50~54세,51,86.6
허리둘레,남,50~54세,52,86.8
허리둘레,남,50~54세,53,87
허리둘레,남,50~54세,54,87.3
허리둘레,남,50~54세,55,87.5
허리둘레,남,50~54세,56,87.7
허리둘레,남,50~54세,57,87.9
허리둘레,남,50~54세,58,88.1
허리둘레,남,50~54세,59,88.3
허리둘레,남,50~54세,60,88.5
허리둘레,남,50~54세,61,88.7
허리둘레,남,50~54세,62,88.9
허리둘레,남,50~54세,63,89.1
허리둘레,남,50~54세,64,89.3
허리둘레,남,50~54세,65,89.5
허리둘레,남,50~54세,66,89.7
허리둘레,남,50~54세,67,89.9
허리둘레,남,50~54세,68,90.2
허리둘레,남,50~54세,69,90.5
허리둘레,남,50~54세,70,90.8
허리둘레,남,50~54세,71,91.1
허리둘레,남,50~54세,72,91.4
허리둘레,남,50~54세,73,91.7
허리둘레,남,50~54세,74,91.9
허리둘레,남,50~54세,75,92.2
허리둘레,남,50~54세,76,92.5
허리둘레,남,50~54세,77,92.8
허리둘레,남,50~54세,78,93.1
허리둘레,남,50~54세,79,93.4
허리둘레,남,50~54세,80,93.7
허리둘레,남,50~54세,81,94
허리둘레,남,50~54세,82,94.3
허리둘레,남,50~54세,83,94.6
허리둘레,남,50~54세,84,94.9
허리둘레,남,50~54세,85,95.4
허리둘레,남,50~54세,86,95.9
허리둘레,남,50~54세,87,96.5
허리둘레,남,50~54세,88,97
허리둘레,남,50~54세,89,97.6
허리둘레,남,50~54세,90,98.1
허리둘레,남,50~54세,91,98.7
허리둘레,남,50~54세,92,99.2
허리둘레,남,50~54세,93,99.8
허리둘레,남,50~54세,94,100.8
허리둘레,남,50~54세,95,102
허리둘레,남,50~54세,96,103.3
허리둘레,남,50~54세,97,104.5
허리둘레,남,50~54세,98,106.9
허리둘레,남,50~54세,99,110.6
허리둘레,남,50~54세,100,125
허리둘레,여,50~54세,1,55.4
허리둘레,여,50~54세,2,55.8
허리둘레,여,50~54세,3,56.1
허리둘레,여,50~54세,4,56.5
허리둘레,여,50~54세,5,56.9
허리둘레,여,50~54세,6,57.3
허리둘레,여,50~54세,7,57.7
허리둘레,여,50~54세,8,58
허리둘레,여,50~54세,9,58.4
허리둘레,여,50~54세,10,58.8
허리둘레,여,50~54세,11,59.2
허리둘레,여,50~54세,12,59.5
허리둘레,여,50~54세,13,59.9
허리둘레,여,50~54세,14,60.3
허리둘레,여,50~54세,15,60.7
허리둘레,여,50~54세,16,61.1
허리둘레,여,50~54세,17,61.4
허리둘레,여,50~54세,18,61.8
허리둘레,여,50~54세,19,62.2
허리둘레,여,50~54세,20,62.6
허리둘레,여,50~54세,21,63
허리둘레,여,50~54세,22,63.3
허리둘레,여,50~54세,23,63.7
허리둘레,여,50~54세,24,64.1
허리둘레,여,50~54세,25,64.5
허리둘레,여,50~54세,26,64.9
허리둘레,여,50~54세,27,65.2
허리둘레,여,50~54세,28,65.6
허리둘레,여,50~54세,29,66
허리둘레,여,50~54세,30,66.4
허리둘레,여,50~54세,31,66.7
허리둘레,여,50~54세,32,67.1
허리둘레,여,50~54세,33,67.5
허리둘레,여,50~54세,34,67.9
허리둘레,여,50~54세,35,68.3
허리둘레,여,50~54세,36,68.6
허리둘레,여,50~54세,37,69
허리둘레,여,50~54세,38,69.4
허리둘레,여,50~54세,39,69.8
허리둘레,여,50~54세,40,70.2
허리둘레,여,50~54세,41,70.5
허리둘레,여,50~54세,42,70.9
허리둘레,여,50~54세,43,71.3
허리둘레,여,50~54세,44,71.7
허리둘레,여,50~54세,45,72
허리둘레,여,50~54세,46,72.4
허리둘레,여,50~54세,47,72.8
허리둘레,여,50~54세,48,73.2
허리둘레,여,50~54세,49,73.6
허리둘레,여,50~54세,50,73.9
허리둘레,여,50~54세,51,74.3
허리둘레,여,50~54세,52,74.7
허리둘레,여,50~54세,53,75.1
허리둘레,여,50~54세,54,75.4
허리둘레,여,50~54세,55,75.7
허리둘레,여,50~54세,56,76
허리둘레,여,50~54세,57,76.2
허리둘레,여,50~54세,58,76.5
허리둘레,여,50~54세,59,76.8
허리둘레,여,50~54세,60,77.1
허리둘레,여,50~54세,61,77.4
허리둘레,여,50~54세,62,77.7
허리둘레,여,50~54세,63,78
허리둘레,여,50~54세,64,78.3
허리둘레,여,50~54세,65,78.6
허리둘레,여,50~54세,66,78.9
허리둘레,여,50~54세,67,79.2
허리둘레,여,50~54세,68,79.5
허리둘레,여,50~54세,69,79.8
허리둘레,여,50~54세,70,80.1
허리둘레,여,50~54세,71,80.5
허리둘레,여,50~54세,72,80.8
허리둘레,여,50~54세,73,81.2
허리둘레,여,50~54세,74,81.5
허리둘레,여,50~54세,75,81.9
허리둘레,여,50~54세,76,82.2
허리둘레,여,50~54세,77,82.6
허리둘레,여,50~54세,78,82.9
허리둘레,여,50~54세,79,83.3
허리둘레,여,50~54세,80,83.6
허리둘레,여,50~54세,81,84
허리둘레,여,50~54세,82,84.3
허리둘레,여,50~54세,83,84.7
허리둘레,여,50~54세,84,85.1
허리둘레,여,50~54세,85,85.7
허리둘레,여,50~54세,86,86.3
허리둘레,여,50~54세,87,86.9
허리둘레,여,50~54세,88,87.5
허리둘레,여,50~54세,89,88.1
허리둘레,여,50~54세,90,88.7
허리둘레,여,50~54세,91,89.3
허리둘레,여,50~54세,92,89.9
허리둘레,여,50~54세,93,91.1
허리둘레,여,50~54세,94,92.3
허리둘레,여,50~54세,95,93.4
허리둘레,여,50~54세,96,94.6
허리둘레,여,50~54세,97,96.6
허리둘레,여,50~54세,98,99.1
허리둘레,여,50~54세,99,103.3
허리둘레,여,50~54세,100,125
허리둘레,남,55~59세,1,57.3
허리둘레,남,55~59세,2,59.6
허리둘레,남,55~59세,3,61.8
허리둘레,남,55~59세,4,64.1
허리둘레,남,55~59세,5,66.4
허리둘레,남,55~59세,6,68.7
허리둘레,남,55~59세,7,70.9
허리둘레,남,55~59세,8,73.2
허리둘레,남,55~59세,9,75.1
허리둘레,남,55~59세,10,75.5
허리둘레,남,55~59세,11,75.9
허리둘레,남,55~59세,12,76.4
허리둘레,남,55~59세,13,76.8
허리둘레,남,55~59세,14,77.2
허리둘레,남,55~59세,15,77.6
허리둘레,남,55~59세,16,78
허리둘레,남,55~59세,17,78.5
허리둘레,남,55~59세,18,78.9
허리둘레,남,55~59세,19,79.3
허리둘레,남,55~59세,20,79.7
허리둘레,남,55~59세,21,80.1
허리둘레,남,55~59세,22,80.3
허리둘레,남,55~59세,23,80.5
허리둘레,남,55~59세,24,80.7
허리둘레,남,55~59세,25,80.9
허리둘레,남,55~59세,26,81.1
허리둘레,남,55~59세,27,81.3
허리둘레,남,55~59세,28,81.6
허리둘레,남,55~59세,29,81.8
허리둘레,남,55~59세,30,82
허리둘레,남,55~59세,31,82.2
허리둘레,남,55~59세,32,82.4
허리둘레,남,55~59세,33,82.6
허리둘레,남,55~59세,34,82.8
허리둘레,남,55~59세,35,83
허리둘레,남,55~59세,36,83.3
허리둘레,남,55~59세,37,83.5
허리둘레,남,55~59세,38,83.7
허리둘레,남,55~59세,39,83.9
허리둘레,남,55~59세,40,84.1
허리둘레,남,55~59세,41,84.3
허리둘레,남,55~59세,42,84.5
허리둘레,남,55~59세,43,84.7
허리둘레,남,55~59세,44,85
허리둘레,남,55~59세,45,85.2
허리둘레,남,55~59세,46,85.4
허리둘레,남,55~59세,47,85.6
허리둘레,남,55~59세,48,85.8
허리둘레,남,55~59세,49,86
허리둘레,남,55~59세,50,86.2
허리둘레,남,55~59세,51,86.4
허리둘레,남,55~59세,52,86.6
허리둘레,남,55~59세,53,86.8
허리둘레,남,55~59세,54,87
허리둘레,남,55~59세,55,87.2
허리둘레,남,55~59세,56,87.4
허리둘레,남,55~59세,57,87.6
허리둘레,남,55~59세,58,87.8
허리둘레,남,55~59세,59,88
허리둘레,남,55~59세,60,88.2
허리둘레,남,55~59세,61,88.4
허리둘레,남,55~59세,62,88.6
허리둘레,남,55~59세,63,88.8
허리둘레,남,55~59세,64,89
허리둘레,남,55~59세,65,89.2
허리둘레,남,55~59세,66,89.4
허리둘레,남,55~59세,67,89.6
허리둘레,남,55~59세,68,89.8
허리둘레,남,55~59세,69,90
허리둘레,남,55~59세,70,90.2
허리둘레,남,55~59세,71,90.5
허리둘레,남,55~59세,72,90.8
허리둘레,남,55~59세,73,91.1
허리둘레,남,55~59세,74,91.4
허리둘레,남,55~59세,75,91.7
허리둘레,남,55~59세,76,92
허리둘레,남,55~59세,77,92.3
허리둘레,남,55~59세,78,92.6
허리둘레,남,55~59세,79,92.9
허리둘레,남,55~59세,80,93.2
허리둘레,남,55~59세,81,93.5
허리둘레,남,55~59세,82,93.8
허리둘레,남,55~59세,83,94.1
허리둘레,남,55~59세,84,94.4
허리둘레,남,55~59세,85,94.7
허리둘레,남,55~59세,86,95
허리둘레,남,55~59세,87,95.5
허리둘레,남,55~59세,88,96.1
허리둘레,남,55~59세,89,96.7
허리둘레,남,55~59세,90,97.3
허리둘레,남,55~59세,91,97.9
허리둘레,남,55~59세,92,98.5
허리둘레,남,55~59세,93,99
허리둘레,남,55~59세,94,99.6
허리둘레,남,55~59세,95,100.5
허리둘레,남,55~59세,96,102
허리둘레,남,55~59세,97,103.4
허리둘레,남,55~59세,98,104.9
허리둘레,남,55~59세,99,108.7
허리둘레,남,55~59세,100,125
허리둘레,여,55~59세,1,55.4
허리둘레,여,55~59세,2,55.9
허리둘레,여,55~59세,3,56.3
허리둘레,여,55~59세,4,56.8
허리둘레,여,55~59세,5,57.2
허리둘레,여,55~59세,6,57.7
허리둘레,여,55~59세,7,58.1
허리둘레,여,55~59세,8,58.5
허리둘레,여,55~59세,9,59
허리둘레,여,55~59세,10,59.4
허리둘레,여,55~59세,11,59.9
허리둘레,여,55~59세,12,60.3
허리둘레,여,55~59세,13,60.8
허리둘레,여,55~59세,14,61.2
허리둘레,여,55~59세,15,61.6
허리둘레,여,55~59세,16,62.1
허리둘레,여,55~59세,17,62.5
허리둘레,여,55~59세,18,63
허리둘레,여,55~59세,19,63.4
허리둘레,여,55~59세,20,63.9
허리둘레,여,55~59세,21,64.3
허리둘레,여,55~59세,22,64.7
허리둘레,여,55~59세,23,65.2
허리둘레,여,55~59세,24,65.6
허리둘레,여,55~59세,25,66.1
허리둘레,여,55~59세,26,66.5
허리둘레,여,55~59세,27,67
허리둘레,여,55~59세,28,67.4
허리둘레,여,55~59세,29,67.8
허리둘레,여,55~59세,30,68.3
허리둘레,여,55~59세,31,68.7
허리둘레,여,55~59세,32,69.2
허리둘레,여,55~59세,33,69.6
허리둘레,여,55~59세,34,70.1
허리둘레,여,55~59세,35,70.5
허리둘레,여,55~59세,36,70.9
허리둘레,여,55~59세,37,71.4
허리둘레,여,55~59세,38,71.8
허리둘레,여,55~59세,39,72.3
허리둘레,여,55~59세,40,72.7
허리둘레,여,55~59세,41,73.2
허리둘레,여,55~59세,42,73.6
허리둘레,여,55~59세,43,74.1
허리둘레,여,55~59세,44,74.5
허리둘레,여,55~59세,45,74.9
허리둘레,여,55~59세,46,75.2
허리둘레,여,55~59세,47,75.5
허리둘레,여,55~59세,48,75.8
허리둘레,여,55~59세,49,76
허리둘레,여,55~59세,50,76.3
허리둘레,여,55~59세,51,76.6
허리둘레,여,55~59세,52,76.8
허리둘레,여,55~59세,53,77.1
허리둘레,여,55~59세,54,77.4
허리둘레,여,55~59세,55,77.6
허리둘레,여,55~59세,56,77.9
허리둘레,여,55~59세,57,78.2
허리둘레,여,55~59세,58,78.4
허리둘레,여,55~59세,59,78.7
허리둘레,여,55~59세,60,79
허리둘레,여,55~59세,61,79.2
허리둘레,여,55~59세,62,79.5
허리둘레,여,55~59세,63,79.8
허리둘레,여,55~59세,64,80
허리둘레,여,55~59세,65,80.3
허리둘레,여,55~59세,66,80.6
허리둘레,여,55~59세,67,80.9
허리둘레,여,55~59세,68,81.2
허리둘레,여,55~59세,69,81.5
허리둘레,여,55~59세,70,81.8
허리둘레,여,55~59세,71,82
허리둘레,여,55~59세,72,82.3
허리둘레,여,55~59세,73,82.6
허리둘레,여,55~59세,74,82.9
허리둘레,여,55~59세,75,83.2
허리둘레,여,55~59세,76,83.5
허리둘레,여,55~59세,77,83.8
허리둘레,여,55~59세,78,84.1
허리둘레,여,55~59세,79,84.4
허리둘레,여,55~59세,80,84.7
허리둘레,여,55~59세,81,85
허리둘레,여,55~59세,82,85.4
허리둘레,여,55~59세,83,85.9
허리둘레,여,55~59세,84,86.4
허리둘레,여,55~59세,85,86.9
허리둘레,여,55~59세,86,87.4
허리둘레,여,55~59세,87,87.9
허리둘레,여,55~59세,88,88.4
허리둘레,여,55~59세,89,88.9
허리둘레,여,55~59세,90,89.4
허리둘레,여,55~59세,91,89.9
허리둘레,여,55~59세,92,90.9
허리둘레,여,55~59세,93,91.9
허리둘레,여,55~59세,94,92.9
허리둘레,여,55~59세,95,93.9
허리둘레,여,55~59세,96,94.8
허리둘레,여,55~59세,97,96.9
허리둘레,여,55~59세,98,99
허리둘레,여,55~59세,99,103
허리둘레,여,55~59세,100,125
허리둘레,남,60~64세,1,57.2
허리둘레,남,60~64세,2,59.4
허리둘레,남,60~64세,3,61.6
허리둘레,남,60~64세,4,63.8
허리둘레,남,60~64세,5,66
허리둘레,남,60~64세,6,68.2
허리둘레,남,60~64세,7,70.4
허리둘레,남,60~64세,8,72.6
허리둘레,남,60~64세,9,74.8
허리둘레,남,60~64세,10,75.4
허리둘레,남,60~64세,11,75.8
허리둘레,남,60~64세,12,76.2
허리둘레,남,60~64세,13,76.7
허리둘레,남,60~64세,14,77.1
허리둘레,남,60~64세,15,77.5
허리둘레,남,60~64세,16,77.9
허리둘레,남,60~64세,17,78.4
허리둘레,남,60~64세,18,78.8
허리둘레,남,60~64세,19,79.2
허리둘레,남,60~64세,20,79.6
허리둘레,남,60~64세,21,80
허리둘레,남,60~64세,22,80.2
허리둘레,남,60~64세,23,80.5
허리둘레,남,60~64세,24,80.7
허리둘레,남,60~64세,25,80.9
허리둘레,남,60~64세,26,81.1
허리둘레,남,60~64세,27,81.3
허리둘레,남,60~64세,28,81.5
허리둘레,남,60~64세,29,81.7
허리둘레,남,60~64세,30,81.9
허리둘레,남,60~64세,31,82.1
허리둘레,남,60~64세,32,82.4
허리둘레,남,60~64세,33,82.6
허리둘레,남,60~64세,34,82.8
허리둘레,남,60~64세,35,83
허리둘레,남,60~64세,36,83.2
허리둘레,남,60~64세,37,83.4
허리둘레,남,60~64세,38,83.6
허리둘레,남,60~64세,39,83.8
허리둘레,남,60~64세,40,84
허리둘레,남,60~64세,41,84.3
허리둘레,남,60~64세,42,84.5
허리둘레,남,60~64세,43,84.7
허리둘레,남,60~64세,44,84.9
허리둘레,남,60~64세,45,85.1
허리둘레,남,60~64세,46,85.3
허리둘레,남,60~64세,47,85.5
허리둘레,남,60~64세,48,85.7
허리둘레,남,60~64세,49,85.9
허리둘레,남,60~64세,50,86.1
허리둘레,남,60~64세,51,86.3
허리둘레,남,60~64세,52,86.5
허리둘레,남,60~64세,53,86.7
허리둘레,남,60~64세,54,86.9
허리둘레,남,60~64세,55,87.1
허리둘레,남,60~64세,56,87.3
허리둘레,남,60~64세,57,87.5
허리둘레,남,60~64세,58,87.7
허리둘레,남,60~64세,59,87.9
허리둘레,남,60~64세,60,88.1
허리둘레,남,60~64세,61,88.3
허리둘레,남,60~64세,62,88.5
허리둘레,남,60~64세,63,88.7
허리둘레,남,60~64세,64,88.9
허리둘레,남,60~64세,65,89.1
허리둘레,남,60~64세,66,89.3
허리둘레,남,60~64세,67,89.5
허리둘레,남,60~64세,68,89.7
허리둘레,남,60~64세,69,89.9
허리둘레,남,60~64세,70,90.1
허리둘레,남,60~64세,71,90.4
허리둘레,남,60~64세,72,90.7
허리둘레,남,60~64세,73,91
허리둘레,남,60~64세,74,91.3
허리둘레,남,60~64세,75,91.6
허리둘레,남,60~64세,76,91.8
허리둘레,남,60~64세,77,92.1
허리둘레,남,60~64세,78,92.4
허리둘레,남,60~64세,79,92.7
허리둘레,남,60~64세,80,93
허리둘레,남,60~64세,81,93.3
허리둘레,남,60~64세,82,93.6
허리둘레,남,60~64세,83,93.9
허리둘레,남,60~64세,84,94.2
허리둘레,남,60~64세,85,94.5
허리둘레,남,60~64세,86,94.8
허리둘레,남,60~64세,87,95.1
허리둘레,남,60~64세,88,95.7
허리둘레,남,60~64세,89,96.3
허리둘레,남,60~64세,90,96.9
허리둘레,남,60~64세,91,97.5
허리둘레,남,60~64세,92,98.1
허리둘레,남,60~64세,93,98.7
허리둘레,남,60~64세,94,99.3
허리둘레,남,60~64세,95,99.9
허리둘레,남,60~64세,96,101.3
허리둘레,남,60~64세,97,102.8
허리둘레,남,60~64세,98,104.4
허리둘레,남,60~64세,99,107.7
허리둘레,남,60~64세,100,125
허리둘레,여,60~64세,1,55.5
허리둘레,여,60~64세,2,56
허리둘레,여,60~64세,3,56.5
허리둘레,여,60~64세,4,57.1
허리둘레,여,60~64세,5,57.6
허리둘레,여,60~64세,6,58.1
허리둘레,여,60~64세,7,58.6
허리둘레,여,60~64세,8,59.1
허리둘레,여,60~64세,9,59.6
허리둘레,여,60~64세,10,60.1
허리둘레,여,60~64세,11,60.7
허리둘레,여,60~64세,12,61.2
허리둘레,여,60~64세,13,61.7
허리둘레,여,60~64세,14,62.2
허리둘레,여,60~64세,15,62.7
허리둘레,여,60~64세,16,63.2
허리둘레,여,60~64세,17,63.7
허리둘레,여,60~64세,18,64.3
허리둘레,여,60~64세,19,64.8
허리둘레,여,60~64세,20,65.3
허리둘레,여,60~64세,21,65.8
허리둘레,여,60~64세,22,66.3
허리둘레,여,60~64세,23,66.8
허리둘레,여,60~64세,24,67.3
허리둘레,여,60~64세,25,67.9
허리둘레,여,60~64세,26,68.4
허리둘레,여,60~64세,27,68.9
허리둘레,여,60~64세,28,69.4
허리둘레,여,60~64세,29,69.9
허리둘레,여,60~64세,30,70.4
허리둘레,여,60~64세,31,70.9
허리둘레,여,60~64세,32,71.5
허리둘레,여,60~64세,33,72
허리둘레,여,60~64세,34,72.5
허리둘레,여,60~64세,35,73
허리둘레,여,60~64세,36,73.5
허리둘레,여,60~64세,37,74
허리둘레,여,60~64세,38,74.5
허리둘레,여,60~64세,39,75
허리둘레,여,60~64세,40,75.3
허리둘레,여,60~64세,41,75.5
허리둘레,여,60~64세,42,75.8
허리둘레,여,60~64세,43,76.1
허리둘레,여,60~64세,44,76.3
허리둘레,여,60~64세,45,76.6
허리둘레,여,60~64세,46,76.8
허리둘레,여,60~64세,47,77.1
허리둘레,여,60~64세,48,77.3
허리둘레,여,60~64세,49,77.6
허리둘레,여,60~64세,50,77.8
허리둘레,여,60~64세,51,78.1
허리둘레,여,60~64세,52,78.4
허리둘레,여,60~64세,53,78.6
허리둘레,여,60~64세,54,78.9
허리둘레,여,60~64세,55,79.1
허리둘레,여,60~64세,56,79.4
허리둘레,여,60~64세,57,79.6
허리둘레,여,60~64세,58,79.9
허리둘레,여,60~64세,59,80.1
허리둘레,여,60~64세,60,80.4
허리둘레,여,60~64세,61,80.7
허리둘레,여,60~64세,62,80.9
허리둘레,여,60~64세,63,81.2
허리둘레,여,60~64세,64,81.4
허리둘레,여,60~64세,65,81.7
허리둘레,여,60~64세,66,81.9
허리둘레,여,60~64세,67,82.2
허리둘레,여,60~64세,68,82.4
허리둘레,여,60~64세,69,82.7
허리둘레,여,60~64세,70,83
허리둘레,여,60~64세,71,83.2
허리둘레,여,60~64세,72,83.5
허리둘레,여,60~64세,73,83.7
허리둘레,여,60~64세,74,84
허리둘레,여,60~64세,75,84.2
허리둘레,여,60~64세,76,84.5
허리둘레,여,60~64세,77,84.7
허리둘레,여,60~64세,78,85
허리둘레,여,60~64세,79,85.4
허리둘레,여,60~64세,80,85.8
허리둘레,여,60~64세,81,86.3
허리둘레,여,60~64세,82,86.7
허리둘레,여,60~64세,83,87.1
허리둘레,여,60~64세,84,87.5
허리둘레,여,60~64세,85,87.9
허리둘레,여,60~64세,86,88.4
허리둘레,여,60~64세,87,88.8
허리둘레,여,60~64세,88,89.2
허리둘레,여,60~64세,89,89.6
허리둘레,여,60~64세,90,90.1
허리둘레,여,60~64세,91,91
허리둘레,여,60~64세,92,91.8
허리둘레,여,60~64세,93,92.7
허리둘레,여,60~64세,94,93.5
허리둘레,여,60~64세,95,94.4
허리둘레,여,60~64세,96,95.5
허리둘레,여,60~64세,97,97.4
허리둘레,여,60~64세,98,99.3
허리둘레,여,60~64세,99,103.1
허리둘레,여,60~64세,100,125
허리둘레,남,65~69세,1,57.3
허리둘레,남,65~69세,2,59.5
허리둘레,남,65~69세,3,61.8
허리둘레,남,65~69세,4,64
허리둘레,남,65~69세,5,66.3
허리둘레,남,65~69세,6,68.6
허리둘레,남,65~69세,7,70.8
허리둘레,남,65~69세,8,73.1
허리둘레,남,65~69세,9,75.1
허리둘레,남,65~69세,10,75.5
허리둘레,남,65~69세,11,76
허리둘레,남,65~69세,12,76.4
허리둘레,남,65~69세,13,76.9
허리둘레,남,65~69세,14,77.3
허리둘레,남,65~69세,15,77.8
허리둘레,남,65~69세,16,78.2
허리둘레,남,65~69세,17,78.6
허리둘레,남,65~69세,18,79.1
허리둘레,남,65~69세,19,79.5
허리둘레,남,65~69세,20,80
허리둘레,남,65~69세,21,80.2
허리둘레,남,65~69세,22,80.4
허리둘레,남,65~69세,23,80.6
허리둘레,남,65~69세,24,80.9
허리둘레,남,65~69세,25,81.1
허리둘레,남,65~69세,26,81.3
허리둘레,남,65~69세,27,81.5
허리둘레,남,65~69세,28,81.7
허리둘레,남,65~69세,29,82
허리둘레,남,65~69세,30,82.2
허리둘레,남,65~69세,31,82.4
허리둘레,남,65~69세,32,82.6
허리둘레,남,65~69세,33,82.8
허리둘레,남,65~69세,34,83
허리둘레,남,65~69세,35,83.3
허리둘레,남,65~69세,36,83.5
허리둘레,남,65~69세,37,83.7
허리둘레,남,65~69세,38,83.9
허리둘레,남,65~69세,39,84.1
허리둘레,남,65~69세,40,84.3
허리둘레,남,65~69세,41,84.6
허리둘레,남,65~69세,42,84.8
허리둘레,남,65~69세,43,85
허리둘레,남,65~69세,44,85.2
허리둘레,남,65~69세,45,85.4
허리둘레,남,65~69세,46,85.6
허리둘레,남,65~69세,47,85.8
허리둘레,남,65~69세,48,86
허리둘레,남,65~69세,49,86.2
허리둘레,남,65~69세,50,86.4
허리둘레,남,65~69세,51,86.6
허리둘레,남,65~69세,52,86.8
허리둘레,남,65~69세,53,87
허리둘레,남,65~69세,54,87.2
허리둘레,남,65~69세,55,87.4
허리둘레,남,65~69세,56,87.6
허리둘레,남,65~69세,57,87.8
허리둘레,남,65~69세,58,88
허리둘레,남,65~69세,59,88.2
허리둘레,남,65~69세,60,88.4
허리둘레,남,65~69세,61,88.6
허리둘레,남,65~69세,62,88.8
허리둘레,남,65~69세,63,89
허리둘레,남,65~69세,64,89.2
허리둘레,남,65~69세,65,89.4
허리둘레,남,65~69세,66,89.6
허리둘레,남,65~69세,67,89.8
허리둘레,남,65~69세,68,90
허리둘레,남,65~69세,69,90.2
허리둘레,남,65~69세,70,90.5
허리둘레,남,65~69세,71,90.8
허리둘레,남,65~69세,72,91.1
허리둘레,남,65~69세,73,91.4
허리둘레,남,65~69세,74,91.6
허리둘레,남,65~69세,75,91.9
허리둘레,남,65~69세,76,92.2
허리둘레,남,65~69세,77,92.5
허리둘레,남,65~69세,78,92.8
허리둘레,남,65~69세,79,93
허리둘레,남,65~69세,80,93.3
허리둘레,남,65~69세,81,93.6
허리둘레,남,65~69세,82,93.9
허리둘레,남,65~69세,83,94.2
허리둘레,남,65~69세,84,94.4
허리둘레,남,65~69세,85,94.7
허리둘레,남,65~69세,86,95
허리둘레,남,65~69세,87,95.6
허리둘레,남,65~69세,88,96.1
허리둘레,남,65~69세,89,96.7
허리둘레,남,65~69세,90,97.2
허리둘레,남,65~69세,91,97.8
허리둘레,남,65~69세,92,98.4
허리둘레,남,65~69세,93,98.9
허리둘레,남,65~69세,94,99.5
허리둘레,남,65~69세,95,100.1
허리둘레,남,65~69세,96,101.5
허리둘레,남,65~69세,97,103
허리둘레,남,65~69세,98,104.5
허리둘레,남,65~69세,99,107.8
허리둘레,남,65~69세,100,125
허리둘레,여,65~69세,1,55.6
허리둘레,여,65~69세,2,56.2
허리둘레,여,65~69세,3,56.9
허리둘레,여,65~69세,4,57.5
허리둘레,여,65~69세,5,58.1
허리둘레,여,65~69세,6,58.7
허리둘레,여,65~69세,7,59.3
허리둘레,여,65~69세,8,60
허리둘레,여,65~69세,9,60.6
허리둘레,여,65~69세,10,61.2
허리둘레,여,65~69세,11,61.8
허리둘레,여,65~69세,12,62.4
허리둘레,여,65~69세,13,63.1
허리둘레,여,65~69세,14,63.7
허리둘레,여,65~69세,15,64.3
허리둘레,여,65~69세,16,64.9
허리둘레,여,65~69세,17,65.5
허리둘레,여,65~69세,18,66.2
허리둘레,여,65~69세,19,66.8
허리둘레,여,65~69세,20,67.4
허리둘레,여,65~69세,21,68
허리둘레,여,65~69세,22,68.6
허리둘레,여,65~69세,23,69.3
허리둘레,여,65~69세,24,69.9
허리둘레,여,65~69세,25,70.5
허리둘레,여,65~69세,26,71.1
허리둘레,여,65~69세,27,71.7
허리둘레,여,65~69세,28,72.4
허리둘레,여,65~69세,29,73
허리둘레,여,65~69세,30,73.6
허리둘레,여,65~69세,31,74.2
허리둘레,여,65~69세,32,74.8
허리둘레,여,65~69세,33,75.2
허리둘레,여,65~69세,34,75.5
허리둘레,여,65~69세,35,75.7
허리둘레,여,65~69세,36,76
허리둘레,여,65~69세,37,76.2
허리둘레,여,65~69세,38,76.5
허리둘레,여,65~69세,39,76.7
허리둘레,여,65~69세,40,77
허리둘레,여,65~69세,41,77.3
허리둘레,여,65~69세,42,77.5
허리둘레,여,65~69세,43,77.8
허리둘레,여,65~69세,44,78
허리둘레,여,65~69세,45,78.3
허리둘레,여,65~69세,46,78.6
허리둘레,여,65~69세,47,78.8
허리둘레,여,65~69세,48,79.1
허리둘레,여,65~69세,49,79.3
허리둘레,여,65~69세,50,79.6
허리둘레,여,65~69세,51,79.9
허리둘레,여,65~69세,52,80.1
허리둘레,여,65~69세,53,80.3
허리둘레,여,65~69세,54,80.6
허리둘레,여,65~69세,55,80.8
허리둘레,여,65~69세,56,81
허리둘레,여,65~69세,57,81.3
허리둘레,여,65~69세,58,81.5
허리둘레,여,65~69세,59,81.7
허리둘레,여,65~69세,60,81.9
허리둘레,여,65~69세,61,82.2
허리둘레,여,65~69세,62,82.4
허리둘레,여,65~69세,63,82.6
허리둘레,여,65~69세,64,82.9
허리둘레,여,65~69세,65,83.1
허리둘레,여,65~69세,66,83.3
허리둘레,여,65~69세,67,83.6
허리둘레,여,65~69세,68,83.8
허리둘레,여,65~69세,69,84
허리둘레,여,65~69세,70,84.2
허리둘레,여,65~69세,71,84.5
허리둘레,여,65~69세,72,84.7
허리둘레,여,65~69세,73,84.9
허리둘레,여,65~69세,74,85.3
허리둘레,여,65~69세,75,85.6
허리둘레,여,65~69세,76,86
허리둘레,여,65~69세,77,86.3
허리둘레,여,65~69세,78,86.7
허리둘레,여,65~69세,79,87
허리둘레,여,65~69세,80,87.4
허리둘레,여,65~69세,81,87.7
허리둘레,여,65~69세,82,88.1
허리둘레,여,65~69세,83,88.5
허리둘레,여,65~69세,84,88.8
허리둘레,여,65~69세,85,89.2
허리둘레,여,65~69세,86,89.5
허리둘레,여,65~69세,87,89.9
허리둘레,여,65~69세,88,90.4
허리둘레,여,65~69세,89,91.1
허리둘레,여,65~69세,90,91.8
허리둘레,여,65~69세,91,92.5
허리둘레,여,65~69세,92,93.1
허리둘레,여,65~69세,93,93.8
허리둘레,여,65~69세,94,94.5
허리둘레,여,65~69세,95,95.4
허리둘레,여,65~69세,96,96.9
허리둘레,여,65~69세,97,98.4
허리둘레,여,65~69세,98,99.9
허리둘레,여,65~69세,99,103.9
허리둘레,여,65~69세,100,125
허리둘레,남,70~74세,1,57.2
허리둘레,남,70~74세,2,59.5
허리둘레,남,70~74세,3,61.7
허리둘레,남,70~74세,4,63.9
허리둘레,남,70~74세,5,66.1
허리둘레,남,70~74세,6,68.4
허리둘레,남,70~74세,7,70.6
허리둘레,남,70~74세,8,72.8
허리둘레,남,70~74세,9,75
허리둘레,남,70~74세,10,75.5
허리둘레,남,70~74세,11,76
허리둘레,남,70~74세,12,76.4
허리둘레,남,70~74세,13,76.9
허리둘레,남,70~74세,14,77.4
허리둘레,남,70~74세,15,77.9
허리둘레,남,70~74세,16,78.3
허리둘레,남,70~74세,17,78.8
허리둘레,남,70~74세,18,79.3
허리둘레,남,70~74세,19,79.8
허리둘레,남,70~74세,20,80.1
허리둘레,남,70~74세,21,80.3
허리둘레,남,70~74세,22,80.6
허리둘레,남,70~74세,23,80.8
허리둘레,남,70~74세,24,81
허리둘레,남,70~74세,25,81.3
허리둘레,남,70~74세,26,81.5
허리둘레,남,70~74세,27,81.7
허리둘레,남,70~74세,28,81.9
허리둘레,남,70~74세,29,82.2
허리둘레,남,70~74세,30,82.4
허리둘레,남,70~74세,31,82.6
허리둘레,남,70~74세,32,82.8
허리둘레,남,70~74세,33,83.1
허리둘레,남,70~74세,34,83.3
허리둘레,남,70~74세,35,83.5
허리둘레,남,70~74세,36,83.8
허리둘레,남,70~74세,37,84
허리둘레,남,70~74세,38,84.2
허리둘레,남,70~74세,39,84.4
허리둘레,남,70~74세,40,84.7
허리둘레,남,70~74세,41,84.9
허리둘레,남,70~74세,42,85.1
허리둘레,남,70~74세,43,85.3
허리둘레,남,70~74세,44,85.5
허리둘레,남,70~74세,45,85.7
허리둘레,남,70~74세,46,85.9
허리둘레,남,70~74세,47,86.1
허리둘레,남,70~74세,48,86.3
허리둘레,남,70~74세,49,86.5
허리둘레,남,70~74세,50,86.7
허리둘레,남,70~74세,51,86.9
허리둘레,남,70~74세,52,87.1
허리둘레,남,70~74세,53,87.3
허리둘레,남,70~74세,54,87.5
허리둘레,남,70~74세,55,87.7
허리둘레,남,70~74세,56,87.9
허리둘레,남,70~74세,57,88.1
허리둘레,남,70~74세,58,88.3
허리둘레,남,70~74세,59,88.5
허리둘레,남,70~74세,60,88.7
허리둘레,남,70~74세,61,88.9
허리둘레,남,70~74세,62,89.1
허리둘레,남,70~74세,63,89.3
허리둘레,남,70~74세,64,89.5
허리둘레,남,70~74세,65,89.7
허리둘레,남,70~74세,66,89.9
허리둘레,남,70~74세,67,90.2
허리둘레,남,70~74세,68,90.4
허리둘레,남,70~74세,69,90.7
허리둘레,남,70~74세,70,91
허리둘레,남,70~74세,71,91.2
허리둘레,남,70~74세,72,91.5
허리둘레,남,70~74세,73,91.8
허리둘레,남,70~74세,74,92.1
허리둘레,남,70~74세,75,92.3
허리둘레,남,70~74세,76,92.6
허리둘레,남,70~74세,77,92.9
허리둘레,남,70~74세,78,93.1
허리둘레,남,70~74세,79,93.4
허리둘레,남,70~74세,80,93.7
허리둘레,남,70~74세,81,94
허리둘레,남,70~74세,82,94.2
허리둘레,남,70~74세,83,94.5
허리둘레,남,70~74세,84,94.8
허리둘레,남,70~74세,85,95.1
허리둘레,남,70~74세,86,95.6
허리둘레,남,70~74세,87,96.1
허리둘레,남,70~74세,88,96.6
허리둘레,남,70~74세,89,97.2
허리둘레,남,70~74세,90,97.7
허리둘레,남,70~74세,91,98.2
허리둘레,남,70~74세,92,98.7
허리둘레,남,70~74세,93,99.3
허리둘레,남,70~74세,94,99.8
허리둘레,남,70~74세,95,100.8
허리둘레,남,70~74세,96,102.1
허리둘레,남,70~74세,97,103.4
허리둘레,남,70~74세,98,104.8
허리둘레,남,70~74세,99,108.2
허리둘레,남,70~74세,100,125
허리둘레,여,70~74세,1,55.8
허리둘레,여,70~74세,2,56.6
허리둘레,여,70~74세,3,57.4
허리둘레,여,70~74세,4,58.2
허리둘레,여,70~74세,5,58.9
허리둘레,여,70~74세,6,59.7
허리둘레,여,70~74세,7,60.5
허리둘레,여,70~74세,8,61.3
허리둘레,여,70~74세,9,62.1
허리둘레,여,70~74세,10,62.9
허리둘레,여,70~74세,11,63.7
허리둘레,여,70~74세,12,64.5
허리둘레,여,70~74세,13,65.3
허리둘레,여,70~74세,14,66
허리둘레,여,70~74세,15,66.8
허리둘레,여,70~74세,16,67.6
허리둘레,여,70~74세,17,68.4
허리둘레,여,70~74세,18,69.2
허리둘레,여,70~74세,19,70
허리둘레,여,70~74세,20,70.8
허리둘레,여,70~74세,21,71.6
허리둘레,여,70~74세,22,72.4
허리둘레,여,70~74세,23,73.1
허리둘레,여,70~74세,24,73.9
허리둘레,여,70~74세,25,74.7
허리둘레,여,70~74세,26,75.2
허리둘레,여,70~74세,27,75.5
허리둘레,여,70~74세,28,75.7
허리둘레,여,70~74세,29,76
허리둘레,여,70~74세,30,76.3
허리둘레,여,70~74세,31,76.6
허리둘레,여,70~74세,32,76.8
허리둘레,여,70~74세,33,77.1
허리둘레,여,70~74세,34,77.4
허리둘레,여,70~74세,35,77.7
허리둘레,여,70~74세,36,77.9
허리둘레,여,70~74세,37,78.2
허리둘레,여,70~74세,38,78.5
허리둘레,여,70~74세,39,78.8
허리둘레,여,70~74세,40,79
허리둘레,여,70~74세,41,79.3
허리둘레,여,70~74세,42,79.6
허리둘레,여,70~74세,43,79.9
허리둘레,여,70~74세,44,80.1
허리둘레,여,70~74세,45,80.3
허리둘레,여,70~74세,46,80.6
허리둘레,여,70~74세,47,80.8
허리둘레,여,70~74세,48,81
허리둘레,여,70~74세,49,81.2
허리둘레,여,70~74세,50,81.4
허리둘레,여,70~74세,51,81.6
허리둘레,여,70~74세,52,81.9
허리둘레,여,70~74세,53,82.1
허리둘레,여,70~74세,54,82.3
허리둘레,여,70~74세,55,82.5
허리둘레,여,70~74세,56,82.7
허리둘레,여,70~74세,57,82.9
허리둘레,여,70~74세,58,83.2
허리둘레,여,70~74세,59,83.4
허리둘레,여,70~74세,60,83.6
허리둘레,여,70~74세,61,83.8
허리둘레,여,70~74세,62,84
허리둘레,여,70~74세,63,84.2
허리둘레,여,70~74세,64,84.5
허리둘레,여,70~74세,65,84.7
허리둘레,여,70~74세,66,84.9
허리둘레,여,70~74세,67,85.1
허리둘레,여,70~74세,68,85.4
허리둘레,여,70~74세,69,85.7
허리둘레,여,70~74세,70,86
허리둘레,여,70~74세,71,86.3
허리둘레,여,70~74세,72,86.6
허리둘레,여,70~74세,73,86.9
허리둘레,여,70~74세,74,87.2
허리둘레,여,70~74세,75,87.5
허리둘레,여,70~74세,76,87.8
허리둘레,여,70~74세,77,88.1
허리둘레,여,70~74세,78,88.4
허리둘레,여,70~74세,79,88.7
허리둘레,여,70~74세,80,89
허리둘레,여,70~74세,81,89.3
허리둘레,여,70~74세,82,89.6
허리둘레,여,70~74세,83,89.9
허리둘레,여,70~74세,84,90.4
허리둘레,여,70~74세,85,90.9
허리둘레,여,70~74세,86,91.4
허리둘레,여,70~74세,87,91.9
허리둘레,여,70~74세,88,92.5
허리둘레,여,70~74세,89,93
허리둘레,여,70~74세,90,93.5
허리둘레,여,70~74세,91,94
허리둘레,여,70~74세,92,94.5
허리둘레,여,70~74세,93,95.1
허리둘레,여,70~74세,94,96.3
허리둘레,여,70~74세,95,97.4
허리둘레,여,70~74세,96,98.5
허리둘레,여,70~74세,97,99.7
허리둘레,여,70~74세,98,102
허리둘레,여,70~74세,99,104.9
허리둘레,여,70~74세,100,125
허리둘레,남,75~79세,1,57.1
허리둘레,남,75~79세,2,59.2
허리둘레,남,75~79세,3,61.3
허리둘레,남,75~79세,4,63.4
허리둘레,남,75~79세,5,65.5
허리둘레,남,75~79세,6,67.6
허리둘레,남,75~79세,7,69.8
허리둘레,남,75~79세,8,71.9
허리둘레,남,75~79세,9,74
허리둘레,남,75~79세,10,75.3
허리둘레,남,75~79세,11,75.7
허리둘레,남,75~79세,12,76.2
허리둘레,남,75~79세,13,76.7
허리둘레,남,75~79세,14,77.2
허리둘레,남,75~79세,15,77.7
허리둘레,남,75~79세,16,78.2
허리둘레,남,75~79세,17,78.7
허리둘레,남,75~79세,18,79.2
허리둘레,남,75~79세,19,79.7
허리둘레,남,75~79세,20,80.1
허리둘레,남,75~79세,21,80.3
허리둘레,남,75~79세,22,80.6
허리둘레,남,75~79세,23,80.8
허리둘레,남,75~79세,24,81
허리둘레,남,75~79세,25,81.3
허리둘레,남,75~79세,26,81.5
허리둘레,남,75~79세,27,81.8
허리둘레,남,75~79세,28,82
허리둘레,남,75~79세,29,82.2
허리둘레,남,75~79세,30,82.5
허리둘레,남,75~79세,31,82.7
허리둘레,남,75~79세,32,83
허리둘레,남,75~79세,33,83.2
허리둘레,남,75~79세,34,83.4
허리둘레,남,75~79세,35,83.7
허리둘레,남,75~79세,36,83.9
허리둘레,남,75~79세,37,84.2
허리둘레,남,75~79세,38,84.4
허리둘레,남,75~79세,39,84.6
허리둘레,남,75~79세,40,84.9
허리둘레,남,75~79세,41,85.1
허리둘레,남,75~79세,42,85.3
허리둘레,남,75~79세,43,85.5
허리둘레,남,75~79세,44,85.7
허리둘레,남,75~79세,45,85.9
허리둘레,남,75~79세,46,86.1
허리둘레,남,75~79세,47,86.3
허리둘레,남,75~79세,48,86.5
허리둘레,남,75~79세,49,86.7
허리둘레,남,75~79세,50,86.9
허리둘레,남,75~79세,51,87.1
허리둘레,남,75~79세,52,87.4
허리둘레,남,75~79세,53,87.6
허리둘레,남,75~79세,54,87.8
허리둘레,남,75~79세,55,88
허리둘레,남,75~79세,56,88.2
허리둘레,남,75~79세,57,88.4
허리둘레,남,75~79세,58,88.6
허리둘레,남,75~79세,59,88.8
허리둘레,남,75~79세,60,89
허리둘레,남,75~79세,61,89.2
허리둘레,남,75~79세,62,89.4
허리둘레,남,75~79세,63,89.6
허리둘레,남,75~79세,64,89.8
허리둘레,남,75~79세,65,90
허리둘레,남,75~79세,66,90.3
허리둘레,남,75~79세,67,90.6
허리둘레,남,75~79세,68,90.8
허리둘레,남,75~79세,69,91.1
허리둘레,남,75~79세,70,91.4
허리둘레,남,75~79세,71,91.6
허리둘레,남,75~79세,72,91.9
허리둘레,남,75~79세,73,92.2
허리둘레,남,75~79세,74,92.4
허리둘레,남,75~79세,75,92.7
허리둘레,남,75~79세,76,93
허리둘레,남,75~79세,77,93.2
허리둘레,남,75~79세,78,93.5
허리둘레,남,75~79세,79,93.8
허리둘레,남,75~79세,80,94
허리둘레,남,75~79세,81,94.3
허리둘레,남,75~79세,82,94.5
허리둘레,남,75~79세,83,94.8
허리둘레,남,75~79세,84,95.2
허리둘레,남,75~79세,85,95.6
허리둘레,남,75~79세,86,96.1
허리둘레,남,75~79세,87,96.6
허리둘레,남,75~79세,88,97.1
허리둘레,남,75~79세,89,97.6
허리둘레,남,75~79세,90,98.1
허리둘레,남,75~79세,91,98.6
허리둘레,남,75~79세,92,99.1
허리둘레,남,75~79세,93,99.6
허리둘레,남,75~79세,94,100.2
허리둘레,남,75~79세,95,101.4
허리둘레,남,75~79세,96,102.6
허리둘레,남,75~79세,97,103.8
허리둘레,남,75~79세,98,104.9
허리둘레,남,75~79세,99,108.4
허리둘레,남,75~79세,100,125
허리둘레,여,75~79세,1,55.9
허리둘레,여,75~79세,2,56.8
허리둘레,여,75~79세,3,57.8
허리둘레,여,75~79세,4,58.7
허리둘레,여,75~79세,5,59.6
허리둘레,여,75~79세,6,60.5
허리둘레,여,75~79세,7,61.4
허리둘레,여,75~79세,8,62.4
허리둘레,여,75~79세,9,63.3
허리둘레,여,75~79세,10,64.2
허리둘레,여,75~79세,11,65.1
허리둘레,여,75~79세,12,66
허리둘레,여,75~79세,13,67
허리둘레,여,75~79세,14,67.9
허리둘레,여,75~79세,15,68.8
허리둘레,여,75~79세,16,69.7
허리둘레,여,75~79세,17,70.6
허리둘레,여,75~79세,18,71.6
허리둘레,여,75~79세,19,72.5
허리둘레,여,75~79세,20,73.4
허리둘레,여,75~79세,21,74.3
허리둘레,여,75~79세,22,75.1
허리둘레,여,75~79세,23,75.4
허리둘레,여,75~79세,24,75.7
허리둘레,여,75~79세,25,76
허리둘레,여,75~79세,26,76.3
허리둘레,여,75~79세,27,76.6
허리둘레,여,75~79세,28,76.9
허리둘레,여,75~79세,29,77.2
허리둘레,여,75~79세,30,77.5
허리둘레,여,75~79세,31,77.8
허리둘레,여,75~79세,32,78.1
허리둘레,여,75~79세,33,78.4
허리둘레,여,75~79세,34,78.7
허리둘레,여,75~79세,35,79
허리둘레,여,75~79세,36,79.3
허리둘레,여,75~79세,37,79.6
허리둘레,여,75~79세,38,79.9
허리둘레,여,75~79세,39,80.1
허리둘레,여,75~79세,40,80.3
허리둘레,여,75~79세,41,80.5
허리둘레,여,75~79세,42,80.8
허리둘레,여,75~79세,43,81
허리둘레,여,75~79세,44,81.2
허리둘레,여,75~79세,45,81.4
허리둘레,여,75~79세,46,81.6
허리둘레,여,75~79세,47,81.8
허리둘레,여,75~79세,48,82.1
허리둘레,여,75~79세,49,82.3
허리둘레,여,75~79세,50,82.5
허리둘레,여,75~79세,51,82.7
허리둘레,여,75~79세,52,82.9
허리둘레,여,75~79세,53,83.1
허리둘레,여,75~79세,54,83.4
허리둘레,여,75~79세,55,83.6
허리둘레,여,75~79세,56,83.8
허리둘레,여,75~79세,57,84
허리둘레,여,75~79세,58,84.2
허리둘레,여,75~79세,59,84.4
허리둘레,여,75~79세,60,84.7
허리둘레,여,75~79세,61,84.9
허리둘레,여,75~79세,62,85.1
허리둘레,여,75~79세,63,85.4
허리둘레,여,75~79세,64,85.7
허리둘레,여,75~79세,65,85.9
허리둘레,여,75~79세,66,86.2
허리둘레,여,75~79세,67,86.5
허리둘레,여,75~79세,68,86.8
허리둘레,여,75~79세,69,87
허리둘레,여,75~79세,70,87.3
허리둘레,여,75~79세,71,87.6
허리둘레,여,75~79세,72,87.8
허리둘레,여,75~79세,73,88.1
허리둘레,여,75~79세,74,88.4
허리둘레,여,75~79세,75,88.7
허리둘레,여,75~79세,76,88.9
허리둘레,여,75~79세,77,89.2
허리둘레,여,75~79세,78,89.5
허리둘레,여,75~79세,79,89.8
허리둘레,여,75~79세,80,90
허리둘레,여,75~79세,81,90.5
허리둘레,여,75~79세,82,90.9
허리둘레,여,75~79세,83,91.4
허리둘레,여,75~79세,84,91.8
허리둘레,여,75~79세,85,92.2
허리둘레,여,75~79세,86,92.7
허리둘레,여,75~79세,87,93.1
허리둘레,여,75~79세,88,93.6
허리둘레,여,75~79세,89,94
허리둘레,여,75~79세,90,94.4
허리둘레,여,75~79세,91,94.9
허리둘레,여,75~79세,92,95.7
허리둘레,여,75~79세,93,96.6
허리둘레,여,75~79세,94,97.5
허리둘레,여,75~79세,95,98.4
허리둘레,여,75~79세,96,99.3
허리둘레,여,75~79세,97,100.7
허리둘레,여,75~79세,98,103
허리둘레,여,75~79세,99,105.8
허리둘레,여,75~79세,100,125
허리둘레,남,80~84세,1,56.8
허리둘레,남,80~84세,2,58.7
허리둘레,남,80~84세,3,60.5
허리둘레,남,80~84세,4,62.4
허리둘레,남,80~84세,5,64.2
허리둘레,남,80~84세,6,66.1
허리둘레,남,80~84세,7,67.9
허리둘레,남,80~84세,8,69.7
허리둘레,남,80~84세,9,71.6
허리둘레,남,80~84세,10,73.4
허리둘레,남,80~84세,11,75.1
허리둘레,남,80~84세,12,75.6
허리둘레,남,80~84세,13,76
허리둘레,남,80~84세,14,76.5
허리둘레,남,80~84세,15,77
허리둘레,남,80~84세,16,77.5
허리둘레,남,80~84세,17,78
허리둘레,남,80~84세,18,78.5
허리둘레,남,80~84세,19,79
허리둘레,남,80~84세,20,79.5
허리둘레,남,80~84세,21,79.9
허리둘레,남,80~84세,22,80.2
허리둘레,남,80~84세,23,80.5
허리둘레,남,80~84세,24,80.7
허리둘레,남,80~84세,25,81
허리둘레,남,80~84세,26,81.2
허리둘레,남,80~84세,27,81.4
허리둘레,남,80~84세,28,81.7
허리둘레,남,80~84세,29,81.9
허리둘레,남,80~84세,30,82.2
허리둘레,남,80~84세,31,82.4
허리둘레,남,80~84세,32,82.7
허리둘레,남,80~84세,33,82.9
허리둘레,남,80~84세,34,83.2
허리둘레,남,80~84세,35,83.4
허리둘레,남,80~84세,36,83.6
허리둘레,남,80~84세,37,83.9
허리둘레,남,80~84세,38,84.1
허리둘레,남,80~84세,39,84.4
허리둘레,남,80~84세,40,84.6
허리둘레,남,80~84세,41,84.9
허리둘레,남,80~84세,42,85.1
허리둘레,남,80~84세,43,85.3
허리둘레,남,80~84세,44,85.5
허리둘레,남,80~84세,45,85.7
허리둘레,남,80~84세,46,85.9
허리둘레,남,80~84세,47,86.2
허리둘레,남,80~84세,48,86.4
허리둘레,남,80~84세,49,86.6
허리둘레,남,80~84세,50,86.8
허리둘레,남,80~84세,51,87
허리둘레,남,80~84세,52,87.2
허리둘레,남,80~84세,53,87.4
허리둘레,남,80~84세,54,87.6
허리둘레,남,80~84세,55,87.9
허리둘레,남,80~84세,56,88.1
허리둘레,남,80~84세,57,88.3
허리둘레,남,80~84세,58,88.5
허리둘레,남,80~84세,59,88.7
허리둘레,남,80~84세,60,88.9
허리둘레,남,80~84세,61,89.1
허리둘레,남,80~84세,62,89.4
허리둘레,남,80~84세,63,89.6
허리둘레,남,80~84세,64,89.8
허리둘레,남,80~84세,65,90
허리둘레,남,80~84세,66,90.3
허리둘레,남,80~84세,67,90.5
허리둘레,남,80~84세,68,90.8
허리둘레,남,80~84세,69,91.1
허리둘레,남,80~84세,70,91.3
허리둘레,남,80~84세,71,91.6
허리둘레,남,80~84세,72,91.9
허리둘레,남,80~84세,73,92.2
허리둘레,남,80~84세,74,92.4
허리둘레,남,80~84세,75,92.7
허리둘레,남,80~84세,76,93
허리둘레,남,80~84세,77,93.2
허리둘레,남,80~84세,78,93.5
허리둘레,남,80~84세,79,93.8
허리둘레,남,80~84세,80,94.1
허리둘레,남,80~84세,81,94.3
허리둘레,남,80~84세,82,94.6
허리둘레,남,80~84세,83,94.9
허리둘레,남,80~84세,84,95.3
허리둘레,남,80~84세,85,95.8
허리둘레,남,80~84세,86,96.2
허리둘레,남,80~84세,87,96.7
허리둘레,남,80~84세,88,97.2
허리둘레,남,80~84세,89,97.7
허리둘레,남,80~84세,90,98.2
허리둘레,남,80~84세,91,98.7
허리둘레,남,80~84세,92,99.2
허리둘레,남,80~84세,93,99.6
허리둘레,남,80~84세,94,100.3
허리둘레,남,80~84세,95,101.5
허리둘레,남,80~84세,96,102.7
허리둘레,남,80~84세,97,103.8
허리둘레,남,80~84세,98,105
허리둘레,남,80~84세,99,108.6
허리둘레,남,80~84세,100,125
허리둘레,여,80~84세,1,56
허리둘레,여,80~84세,2,57
허리둘레,여,80~84세,3,57.9
허리둘레,여,80~84세,4,58.9
허리둘레,여,80~84세,5,59.9
허리둘레,여,80~84세,6,60.9
허리둘레,여,80~84세,7,61.9
허리둘레,여,80~84세,8,62.9
허리둘레,여,80~84세,9,63.8
허리둘레,여,80~84세,10,64.8
허리둘레,여,80~84세,11,65.8
허리둘레,여,80~84세,12,66.8
허리둘레,여,80~84세,13,67.8
허리둘레,여,80~84세,14,68.7
허리둘레,여,80~84세,15,69.7
허리둘레,여,80~84세,16,70.7
허리둘레,여,80~84세,17,71.7
허리둘레,여,80~84세,18,72.7
허리둘레,여,80~84세,19,73.7
허리둘레,여,80~84세,20,74.6
허리둘레,여,80~84세,21,75.2
허리둘레,여,80~84세,22,75.5
허리둘레,여,80~84세,23,75.9
허리둘레,여,80~84세,24,76.2
허리둘레,여,80~84세,25,76.5
허리둘레,여,80~84세,26,76.8
허리둘레,여,80~84세,27,77.2
허리둘레,여,80~84세,28,77.5
허리둘레,여,80~84세,29,77.8
허리둘레,여,80~84세,30,78.2
허리둘레,여,80~84세,31,78.5
허리둘레,여,80~84세,32,78.8
허리둘레,여,80~84세,33,79.1
허리둘레,여,80~84세,34,79.5
허리둘레,여,80~84세,35,79.8
허리둘레,여,80~84세,36,80.1
허리둘레,여,80~84세,37,80.3
허리둘레,여,80~84세,38,80.5
허리둘레,여,80~84세,39,80.7
허리둘레,여,80~84세,40,81
허리둘레,여,80~84세,41,81.2
허리둘레,여,80~84세,42,81.4
허리둘레,여,80~84세,43,81.6
허리둘레,여,80~84세,44,81.8
허리둘레,여,80~84세,45,82
허리둘레,여,80~84세,46,82.3
허리둘레,여,80~84세,47,82.5
허리둘레,여,80~84세,48,82.7
허리둘레,여,80~84세,49,82.9
허리둘레,여,80~84세,50,83.1
허리둘레,여,80~84세,51,83.4
허리둘레,여,80~84세,52,83.6
허리둘레,여,80~84세,53,83.8
허리둘레,여,80~84세,54,84
허리둘레,여,80~84세,55,84.2
허리둘레,여,80~84세,56,84.5
허리둘레,여,80~84세,57,84.7
허리둘레,여,80~84세,58,84.9
허리둘레,여,80~84세,59,85.1
허리둘레,여,80~84세,60,85.4
허리둘레,여,80~84세,61,85.7
허리둘레,여,80~84세,62,85.9
허리둘레,여,80~84세,63,86.2
허리둘레,여,80~84세,64,86.4
허리둘레,여,80~84세,65,86.7
허리둘레,여,80~84세,66,87
허리둘레,여,80~84세,67,87.2
허리둘레,여,80~84세,68,87.5
허리둘레,여,80~84세,69,87.8
허리둘레,여,80~84세,70,88
허리둘레,여,80~84세,71,88.3
허리둘레,여,80~84세,72,88.5
허리둘레,여,80~84세,73,88.8
허리둘레,여,80~84세,74,89.1
허리둘레,여,80~84세,75,89.3
허리둘레,여,80~84세,76,89.6
허리둘레,여,80~84세,77,89.8
허리둘레,여,80~84세,78,90.2
허리둘레,여,80~84세,79,90.6
허리둘레,여,80~84세,80,91
허리둘레,여,80~84세,81,91.3
허리둘레,여,80~84세,82,91.7
허리둘레,여,80~84세,83,92.1
허리둘레,여,80~84세,84,92.5
허리둘레,여,80~84세,85,92.9
허리둘레,여,80~84세,86,93.3
허리둘레,여,80~84세,87,93.7
허리둘레,여,80~84세,88,94.1
허리둘레,여,80~84세,89,94.5
허리둘레,여,80~84세,90,94.9
허리둘레,여,80~84세,91,95.6
허리둘레,여,80~84세,92,96.4
허리둘레,여,80~84세,93,97.2
허리둘레,여,80~84세,94,98
허리둘레,여,80~84세,95,98.8
허리둘레,여,80~84세,96,99.7
허리둘레,여,80~84세,97,101.2
허리둘레,여,80~84세,98,103.3
허리둘레,여,80~84세,99,106.1
허리둘레,여,80~84세,100,125
허리둘레,남,85세이상,1,56.4
허리둘레,남,85세이상,2,57.8
허리둘레,남,85세이상,3,59.2
허리둘레,남,85세이상,4,60.7
허리둘레,남,85세이상,5,62.1
허리둘레,남,85세이상,6,63.5
허리둘레,남,85세이상,7,64.9
허리둘레,남,85세이상,8,66.3
허리둘레,남,85세이상,9,67.7
허리둘레,남,85세이상,10,69.2
허리둘레,남,85세이상,11,70.6
허리둘레,남,85세이상,12,72
허리둘레,남,85세이상,13,73.4
허리둘레,남,85세이상,14,74.8
허리둘레,남,85세이상,15,75.4
허리둘레,남,85세이상,16,75.8
허리둘레,남,85세이상,17,76.2
허리둘레,남,85세이상,18,76.7
허리둘레,남,85세이상,19,77.1
허리둘레,남,85세이상,20,77.5
허리둘레,남,85세이상,21,78
허리둘레,남,85세이상,22,78.4
허리둘레,남,85세이상,23,78.8
허리둘레,남,85세이상,24,79.3
허리둘레,남,85세이상,25,79.7
허리둘레,남,85세이상,26,80.1
허리둘레,남,85세이상,27,80.3
허리둘레,남,85세이상,28,80.6
허리둘레,남,85세이상,29,80.8
허리둘레,남,85세이상,30,81
허리둘레,남,85세이상,31,81.3
허리둘레,남,85세이상,32,81.5
허리둘레,남,85세이상,33,81.8
허리둘레,남,85세이상,34,82
허리둘레,남,85세이상,35,82.2
허리둘레,남,85세이상,36,82.5
허리둘레,남,85세이상,37,82.7
허리둘레,남,85세이상,38,83
허리둘레,남,85세이상,39,83.2
허리둘레,남,85세이상,40,83.4
허리둘레,남,85세이상,41,83.7
허리둘레,남,85세이상,42,83.9
허리둘레,남,85세이상,43,84.2
허리둘레,남,85세이상,44,84.4
허리둘레,남,85세이상,45,84.7
허리둘레,남,85세이상,46,84.9
허리둘레,남,85세이상,47,85.1
허리둘레,남,85세이상,48,85.4
허리둘레,남,85세이상,49,85.6
허리둘레,남,85세이상,50,85.8
허리둘레,남,85세이상,51,86.1
허리둘레,남,85세이상,52,86.3
허리둘레,남,85세이상,53,86.5
허리둘레,남,85세이상,54,86.7
허리둘레,남,85세이상,55,87
허리둘레,남,85세이상,56,87.2
허리둘레,남,85세이상,57,87.4
허리둘레,남,85세이상,58,87.7
허리둘레,남,85세이상,59,87.9
허리둘레,남,85세이상,60,88.1
허리둘레,남,85세이상,61,88.4
허리둘레,남,85세이상,62,88.6
허리둘레,남,85세이상,63,88.8
허리둘레,남,85세이상,64,89
허리둘레,남,85세이상,65,89.3
허리둘레,남,85세이상,66,89.5
허리둘레,남,85세이상,67,89.7
허리둘레,남,85세이상,68,90
허리둘레,남,85세이상,69,90.3
허리둘레,남,85세이상,70,90.6
허리둘레,남,85세이상,71,90.8
허리둘레,남,85세이상,72,91.1
허리둘레,남,85세이상,73,91.4
허리둘레,남,85세이상,74,91.7
허리둘레,남,85세이상,75,92
허리둘레,남,85세이상,76,92.3
허리둘레,남,85세이상,77,92.6
허리둘레,남,85세이상,78,92.9
허리둘레,남,85세이상,79,93.2
허리둘레,남,85세이상,80,93.5
허리둘레,남,85세이상,81,93.8
허리둘레,남,85세이상,82,94.1
허리둘레,남,85세이상,83,94.4
허리둘레,남,85세이상,84,94.7
허리둘레,남,85세이상,85,95
허리둘레,남,85세이상,86,95.6
허리둘레,남,85세이상,87,96.1
허리둘레,남,85세이상,88,96.7
허리둘레,남,85세이상,89,97.2
허리둘레,남,85세이상,90,97.7
허리둘레,남,85세이상,91,98.3
허리둘레,남,85세이상,92,98.8
허리둘레,남,85세이상,93,99.3
허리둘레,남,85세이상,94,99.9
허리둘레,남,85세이상,95,101
허리둘레,남,85세이상,96,102.2
허리둘레,남,85세이상,97,103.5
허리둘레,남,85세이상,98,104.7
허리둘레,남,85세이상,99,108.2
허리둘레,남,85세이상,100,125
허리둘레,여,85세이상,1,55.7
허리둘레,여,85세이상,2,56.5
허리둘레,여,85세이상,3,57.2
허리둘레,여,85세이상,4,58
허리둘레,여,85세이상,5,58.7
허리둘레,여,85세이상,6,59.5
허리둘레,여,85세이상,7,60.2
허리둘레,여,85세이상,8,61
허리둘레,여,85세이상,9,61.7
허리둘레,여,85세이상,10,62.5
허리둘레,여,85세이상,11,63.2
허리둘레,여,85세이상,12,64
허리둘레,여,85세이상,13,64.7
허리둘레,여,85세이상,14,65.5
허리둘레,여,85세이상,15,66.2
허리둘레,여,85세이상,16,66.9
허리둘레,여,85세이상,17,67.7
허리둘레,여,85세이상,18,68.4
허리둘레,여,85세이상,19,69.2
허리둘레,여,85세이상,20,69.9
허리둘레,여,85세이상,21,70.7
허리둘레,여,85세이상,22,71.4
허리둘레,여,85세이상,23,72.2
허리둘레,여,85세이상,24,72.9
허리둘레,여,85세이상,25,73.7
허리둘레,여,85세이상,26,74.4
허리둘레,여,85세이상,27,75.1
허리둘레,여,85세이상,28,75.4
허리둘레,여,85세이상,29,75.7
허리둘레,여,85세이상,30,76
허리둘레,여,85세이상,31,76.4
허리둘레,여,85세이상,32,76.7
허리둘레,여,85세이상,33,77
허리둘레,여,85세이상,34,77.3
허리둘레,여,85세이상,35,77.7
허리둘레,여,85세이상,36,78
허리둘레,여,85세이상,37,78.3
허리둘레,여,85세이상,38,78.6
허리둘레,여,85세이상,39,79
허리둘레,여,85세이상,40,79.3
허리둘레,여,85세이상,41,79.6
허리둘레,여,85세이상,42,79.9
허리둘레,여,85세이상,43,80.2
허리둘레,여,85세이상,44,80.4
허리둘레,여,85세이상,45,80.6
허리둘레,여,85세이상,46,80.9
허리둘레,여,85세이상,47,81.1
허리둘레,여,85세이상,48,81.3
허리둘레,여,85세이상,49,81.6
허리둘레,여,85세이상,50,81.8
허리둘레,여,85세이상,51,82
허리둘레,여,85세이상,52,82.3
허리둘레,여,85세이상,53,82.5
허리둘레,여,85세이상,54,82.7
허리둘레,여,85세이상,55,83
허리둘레,여,85세이상,56,83.2
허리둘레,여,85세이상,57,83.4
허리둘레,여,85세이상,58,83.7
허리둘레,여,85세이상,59,83.9
허리둘레,여,85세이상,60,84.1
허리둘레,여,85세이상,61,84.4
허리둘레,여,85세이상,62,84.6
허리둘레,여,85세이상,63,84.8
허리둘레,여,85세이상,64,85.1
허리둘레,여,85세이상,65,85.4
허리둘레,여,85세이상,66,85.7
허리둘레,여,85세이상,67,86
허리둘레,여,85세이상,68,86.3
허리둘레,여,85세이상,69,86.6
허리둘레,여,85세이상,70,86.9
허리둘레,여,85세이상,71,87.2
허리둘레,여,85세이상,72,87.5
허리둘레,여,85세이상,73,87.8
허리둘레,여,85세이상,74,88.1
허리둘레,여,85세이상,75,88.4
허리둘레,여,85세이상,76,88.7
허리둘레,여,85세이상,77,89
허리둘레,여,85세이상,78,89.3
허리둘레,여,85세이상,79,89.6
허리둘레,여,85세이상,80,89.9
허리둘레,여,85세이상,81,90.3
허리둘레,여,85세이상,82,90.8
허리둘레,여,85세이상,83,91.2
허리둘레,여,85세이상,84,91.7
허리둘레,여,85세이상,85,92.1
허리둘레,여,85세이상,86,92.6
허리둘레,여,85세이상,87,93.1
허리둘레,여,85세이상,88,93.5
허리둘레,여,85세이상,89,94
허리둘레,여,85세이상,90,94.5
허리둘레,여,85세이상,91,94.9
허리둘레,여,85세이상,92,95.8
허리둘레,여,85세이상,93,96.7
허리둘레,여,85세이상,94,97.6
허리둘레,여,85세이상,95,98.5
허리둘레,여,85세이상,96,99.4
허리둘레,여,85세이상,97,100.7
허리둘레,여,85세이상,98,102.9
허리둘레,여,85세이상,99,105.4
허리둘레,여,85세이상,100,125
