항목,단위,성별,연령대,백분위,값,근거
BMI,kg/m²,남,19세이하,1,14.7,통계연보 구간분포 보간
BMI,kg/m²,남,19세이하,2,15.5,통계연보 구간분포 보간
BMI,kg/m²,남,19세이하,3,16.2,통계연보 구간분포 보간
BMI,kg/m²,남,19세이하,4,16.9,통계연보 구간분포 보간
BMI,kg/m²,남,19세이하,5,17.6,통계연보 구간분포 보간
BMI,kg/m²,남,19세이하,6,18.4,통계연보 구간분포 보간
BMI,kg/m²,남,19세이하,7,18.6,통계연보 구간분포 보간
BMI,kg/m²,남,19세이하,8,18.7,통계연보 구간분포 보간
BMI,kg/m²,남,19세이하,9,18.8,통계연보 구간분포 보간
BMI,kg/m²,남,19세이하,10,19,통계연보 구간분포 보간
BMI,kg/m²,남,19세이하,11,19.1,통계연보 구간분포 보간
BMI,kg/m²,남,19세이하,12,19.2,통계연보 구간분포 보간
BMI,kg/m²,남,19세이하,13,19.3,통계연보 구간분포 보간
BMI,kg/m²,남,19세이하,14,19.5,통계연보 구간분포 보간
BMI,kg/m²,남,19세이하,15,19.6,통계연보 구간분포 보간
BMI,kg/m²,남,19세이하,16,19.7,통계연보 구간분포 보간
BMI,kg/m²,남,19세이하,17,19.8,통계연보 구간분포 보간
BMI,kg/m²,남,19세이하,18,19.9,통계연보 구간분포 보간
BMI,kg/m²,남,19세이하,19,20.1,통계연보 구간분포 보간
BMI,kg/m²,남,19세이하,20,20.2,통계연보 구간분포 보간
BMI,kg/m²,남,19세이하,21,20.3,통계연보 구간분포 보간
BMI,kg/m²,남,19세이하,22,20.4,통계연보 구간분포 보간
BMI,kg/m²,남,19세이하,23,20.6,통계연보 구간분포 보간
BMI,kg/m²,남,19세이하,24,20.7,통계연보 구간분포 보간
BMI,kg/m²,남,19세이하,25,20.8,통계연보 구간분포 보간
BMI,kg/m²,남,19세이하,26,20.9,통계연보 구간분포 보간
BMI,kg/m²,남,19세이하,27,21,통계연보 구간분포 보간
BMI,kg/m²,남,19세이하,28,21.2,통계연보 구간분포 보간
BMI,kg/m²,남,19세이하,29,21.3,통계연보 구간분포 보간
BMI,kg/m²,남,19세이하,30,21.4,통계연보 구간분포 보간
BMI,kg/m²,남,19세이하,31,21.5,통계연보 구간분포 보간
BMI,kg/m²,남,19세이하,32,21.7,통계연보 구간분포 보간
BMI,kg/m²,남,19세이하,33,21.8,통계연보 구간분포 보간
BMI,kg/m²,남,19세이하,34,21.9,통계연보 구간분포 보간
BMI,kg/m²,남,19세이하,35,22,통계연보 구간분포 보간
BMI,kg/m²,남,19세이하,36,22.1,통계연보 구간분포 보간
BMI,kg/m²,남,19세이하,37,22.3,통계연보 구간분포 보간
BMI,kg/m²,남,19세이하,38,22.4,통계연보 구간분포 보간
BMI,kg/m²,남,19세이하,39,22.5,통계연보 구간분포 보간
BMI,kg/m²,남,19세이하,40,22.6,통계연보 구간분포 보간
BMI,kg/m²,남,19세이하,41,22.7,통계연보 구간분포 보간
BMI,kg/m²,남,19세이하,42,22.9,통계연보 구간분포 보간
BMI,kg/m²,남,19세이하,43,23,통계연보 구간분포 보간
BMI,kg/m²,남,19세이하,44,23.1,통계연보 구간분포 보간
BMI,kg/m²,남,19세이하,45,23.2,통계연보 구간분포 보간
BMI,kg/m²,남,19세이하,46,23.4,통계연보 구간분포 보간
BMI,kg/m²,남,19세이하,47,23.5,통계연보 구간분포 보간
BMI,kg/m²,남,19세이하,48,23.6,통계연보 구간분포 보간
BMI,kg/m²,남,19세이하,49,23.7,통계연보 구간분포 보간
BMI,kg/m²,남,19세이하,50,23.8,통계연보 구간분포 보간
BMI,kg/m²,남,19세이하,51,24,통계연보 구간분포 보간
BMI,kg/m²,남,19세이하,52,24.1,통계연보 구간분포 보간
BMI,kg/m²,남,19세이하,53,24.2,통계연보 구간분포 보간
BMI,kg/m²,남,19세이하,54,24.3,통계연보 구간분포 보간
BMI,kg/m²,남,19세이하,55,24.5,통계연보 구간분포 보간
BMI,kg/m²,남,19세이하,56,24.6,통계연보 구간분포 보간
BMI,kg/m²,남,19세이하,57,24.7,통계연보 구간분포 보간
BMI,kg/m²,남,19세이하,58,24.8,통계연보 구간분포 보간
BMI,kg/m²,남,19세이하,59,24.9,통계연보 구간분포 보간
BMI,kg/m²,남,19세이하,60,25.1,통계연보 구간분포 보간
BMI,kg/m²,남,19세이하,61,25.3,통계연보 구간분포 보간
BMI,kg/m²,남,19세이하,62,25.5,통계연보 구간분포 보간
BMI,kg/m²,남,19세이하,63,25.7,통계연보 구간분포 보간
BMI,kg/m²,남,19세이하,64,25.9,통계연보 구간분포 보간
BMI,kg/m²,남,19세이하,65,26.1,통계연보 구간분포 보간
BMI,kg/m²,남,19세이하,66,26.3,통계연보 구간분포 보간
BMI,kg/m²,남,19세이하,67,26.5,통계연보 구간분포 보간
BMI,kg/m²,남,19세이하,68,26.7,통계연보 구간분포 보간
BMI,kg/m²,남,19세이하,69,26.9,통계연보 구간분포 보간
BMI,kg/m²,남,19세이하,70,27.1,통계연보 구간분포 보간
BMI,kg/m²,남,19세이하,71,27.3,통계연보 구간분포 보간
BMI,kg/m²,남,19세이하,72,27.5,통계연보 구간분포 보간
BMI,kg/m²,남,19세이하,73,27.7,통계연보 구간분포 보간
BMI,kg/m²,남,19세이하,74,27.8,통계연보 구간분포 보간
BMI,kg/m²,남,19세이하,75,28,통계연보 구간분포 보간
BMI,kg/m²,남,19세이하,76,28.2,통계연보 구간분포 보간
BMI,kg/m²,남,19세이하,77,28.4,통계연보 구간분포 보간
BMI,kg/m²,남,19세이하,78,28.6,통계연보 구간분포 보간
BMI,kg/m²,남,19세이하,79,28.8,통계연보 구간분포 보간
BMI,kg/m²,남,19세이하,80,29,통계연보 구간분포 보간
BMI,kg/m²,남,19세이하,81,29.2,통계연보 구간분포 보간
BMI,kg/m²,남,19세이하,82,29.4,통계연보 구간분포 보간
BMI,kg/m²,남,19세이하,83,29.6,통계연보 구간분포 보간
BMI,kg/m²,남,19세이하,84,29.8,통계연보 구간분포 보간
BMI,kg/m²,남,19세이하,85,30,통계연보 구간분포 보간
BMI,kg/m²,남,19세이하,86,30.7,통계연보 구간분포 보간
BMI,kg/m²,남,19세이하,87,31.4,통계연보 구간분포 보간
BMI,kg/m²,남,19세이하,88,32.2,통계연보 구간분포 보간
BMI,kg/m²,남,19세이하,89,32.9,통계연보 구간분포 보간
BMI,kg/m²,남,19세이하,90,33.6,통계연보 구간분포 보간
BMI,kg/m²,남,19세이하,91,34.3,통계연보 구간분포 보간
BMI,kg/m²,남,19세이하,92,35,통계연보 구간분포 보간
BMI,kg/m²,남,19세이하,93,35.7,통계연보 구간분포 보간
BMI,kg/m²,남,19세이하,94,36.4,통계연보 구간분포 보간
BMI,kg/m²,남,19세이하,95,37.1,통계연보 구간분포 보간
BMI,kg/m²,남,19세이하,96,37.9,통계연보 구간분포 보간
BMI,kg/m²,남,19세이하,97,38.6,통계연보 구간분포 보간
BMI,kg/m²,남,19세이하,98,39.3,통계연보 구간분포 보간
BMI,kg/m²,남,19세이하,99,40,통계연보 구간분포 보간
BMI,kg/m²,남,19세이하,100,50,통계연보 구간분포 보간
BMI,kg/m²,여,19세이하,1,14.4,통계연보 구간분포 보간
BMI,kg/m²,여,19세이하,2,14.7,통계연보 구간분포 보간
BMI,kg/m²,여,19세이하,3,15.1,통계연보 구간분포 보간
BMI,kg/m²,여,19세이하,4,15.5,통계연보 구간분포 보간
BMI,kg/m²,여,19세이하,5,15.9,통계연보 구간분포 보간
BMI,kg/m²,여,19세이하,6,16.2,통계연보 구간분포 보간
BMI,kg/m²,여,19세이하,7,16.6,통계연보 구간분포 보간
BMI,kg/m²,여,19세이하,8,17,통계연보 구간분포 보간
BMI,kg/m²,여,19세이하,9,17.4,통계연보 구간분포 보간
BMI,kg/m²,여,19세이하,10,17.7,통계연보 구간분포 보간
BMI,kg/m²,여,19세이하,11,18.1,통계연보 구간분포 보간
BMI,kg/m²,여,19세이하,12,18.5,통계연보 구간분포 보간
BMI,kg/m²,여,19세이하,13,18.6,통계연보 구간분포 보간
BMI,kg/m²,여,19세이하,14,18.7,통계연보 구간분포 보간
BMI,kg/m²,여,19세이하,15,18.8,통계연보 구간분포 보간
BMI,kg/m²,여,19세이하,16,18.9,통계연보 구간분포 보간
BMI,kg/m²,여,19세이하,17,19,통계연보 구간분포 보간
BMI,kg/m²,여,19세이하,18,19.1,통계연보 구간분포 보간
BMI,kg/m²,여,19세이하,19,19.2,통계연보 구간분포 보간
BMI,kg/m²,여,19세이하,20,19.3,통계연보 구간분포 보간
BMI,kg/m²,여,19세이하,21,19.4,통계연보 구간분포 보간
BMI,kg/m²,여,19세이하,22,19.5,통계연보 구간분포 보간
BMI,kg/m²,여,19세이하,23,19.6,통계연보 구간분포 보간
BMI,kg/m²,여,19세이하,24,19.7,통계연보 구간분포 보간
BMI,kg/m²,여,19세이하,25,19.8,통계연보 구간분포 보간
BMI,kg/m²,여,19세이하,26,19.9,통계연보 구간분포 보간
BMI,kg/m²,여,19세이하,27,20,통계연보 구간분포 보간
BMI,kg/m²,여,19세이하,28,20.1,통계연보 구간분포 보간
BMI,kg/m²,여,19세이하,29,20.2,통계연보 구간분포 보간
BMI,kg/m²,여,19세이하,30,20.3,통계연보 구간분포 보간
BMI,kg/m²,여,19세이하,31,20.4,통계연보 구간분포 보간
BMI,kg/m²,여,19세이하,32,20.5,통계연보 구간분포 보간
BMI,kg/m²,여,19세이하,33,20.6,통계연보 구간분포 보간
BMI,kg/m²,여,19세이하,34,20.8,통계연보 구간분포 보간
BMI,kg/m²,여,19세이하,35,20.9,통계연보 구간분포 보간
BMI,kg/m²,여,19세이하,36,21,통계연보 구간분포 보간
BMI,kg/m²,여,19세이하,37,21.1,통계연보 구간분포 보간
BMI,kg/m²,여,19세이하,38,21.2,통계연보 구간분포 보간
BMI,kg/m²,여,19세이하,39,21.3,통계연보 구간분포 보간
BMI,kg/m²,여,19세이하,40,21.4,통계연보 구간분포 보간
BMI,kg/m²,여,19세이하,41,21.5,통계연보 구간분포 보간
BMI,kg/m²,여,19세이하,42,21.6,통계연보 구간분포 보간
BMI,kg/m²,여,19세이하,43,21.7,통계연보 구간분포 보간
BMI,kg/m²,여,19세이하,44,21.8,통계연보 구간분포 보간
BMI,kg/m²,여,19세이하,45,21.9,통계연보 구간분포 보간
BMI,kg/m²,여,19세이하,46,22,통계연보 구간분포 보간
BMI,kg/m²,여,19세이하,47,22.1,통계연보 구간분포 보간
BMI,kg/m²,여,19세이하,48,22.2,통계연보 구간분포 보간
BMI,kg/m²,여,19세이하,49,22.3,통계연보 구간분포 보간
BMI,kg/m²,여,19세이하,50,22.4,통계연보 구간분포 보간
BMI,kg/m²,여,19세이하,51,22.5,통계연보 구간분포 보간
BMI,kg/m²,여,19세이하,52,22.6,통계연보 구간분포 보간
BMI,kg/m²,여,19세이하,53,22.7,통계연보 구간분포 보간
BMI,kg/m²,여,19세이하,54,22.8,통계연보 구간분포 보간
BMI,kg/m²,여,19세이하,55,22.9,통계연보 구간분포 보간
BMI,kg/m²,여,19세이하,56,23,통계연보 구간분포 보간
BMI,kg/m²,여,19세이하,57,23.1,통계연보 구간분포 보간
BMI,kg/m²,여,19세이하,58,23.2,통계연보 구간분포 보간
BMI,kg/m²,여,19세이하,59,23.3,통계연보 구간분포 보간
BMI,kg/m²,여,19세이하,60,23.4,통계연보 구간분포 보간
BMI,kg/m²,여,19세이하,61,23.5,통계연보 구간분포 보간
BMI,kg/m²,여,19세이하,62,23.6,통계연보 구간분포 보간
BMI,kg/m²,여,19세이하,63,23.7,통계연보 구간분포 보간
BMI,kg/m²,여,19세이하,64,23.8,통계연보 구간분포 보간
BMI,kg/m²,여,19세이하,65,23.9,통계연보 구간분포 보간
BMI,kg/m²,여,19세이하,66,24,통계연보 구간분포 보간
BMI,kg/m²,여,19세이하,67,24.1,통계연보 구간분포 보간
BMI,kg/m²,여,19세이하,68,24.2,통계연보 구간분포 보간
BMI,kg/m²,여,19세이하,69,24.3,통계연보 구간분포 보간
BMI,kg/m²,여,19세이하,70,24.4,통계연보 구간분포 보간
BMI,kg/m²,여,19세이하,71,24.5,통계연보 구간분포 보간
BMI,kg/m²,여,19세이하,72,24.6,통계연보 구간분포 보간
BMI,kg/m²,여,19세이하,73,24.7,통계연보 구간분포 보간
BMI,kg/m²,여,19세이하,74,24.8,통계연보 구간분포 보간
BMI,kg/m²,여,19세이하,75,24.9,통계연보 구간분포 보간
BMI,kg/m²,여,19세이하,76,25.2,통계연보 구간분포 보간
BMI,kg/m²,여,19세이하,77,25.5,통계연보 구간분포 보간
BMI,kg/m²,여,19세이하,78,25.8,통계연보 구간분포 보간
BMI,kg/m²,여,19세이하,79,26.1,통계연보 구간분포 보간
BMI,kg/m²,여,19세이하,80,26.4,통계연보 구간분포 보간
BMI,kg/m²,여,19세이하,81,26.7,통계연보 구간분포 보간
BMI,kg/m²,여,19세이하,82,27.1,통계연보 구간분포 보간
BMI,kg/m²,여,19세이하,83,27.4,통계연보 구간분포 보간
BMI,kg/m²,여,19세이하,84,27.7,통계연보 구간분포 보간
BMI,kg/m²,여,19세이하,85,28,통계연보 구간분포 보간
BMI,kg/m²,여,19세이하,86,28.3,통계연보 구간분포 보간
BMI,kg/m²,여,19세이하,87,28.6,통계연보 구간분포 보간
BMI,kg/m²,여,19세이하,88,29,통계연보 구간분포 보간
BMI,kg/m²,여,19세이하,89,29.3,통계연보 구간분포 보간
BMI,kg/m²,여,19세이하,90,29.6,통계연보 구간분포 보간
BMI,kg/m²,여,19세이하,91,29.9,통계연보 구간분포 보간
BMI,kg/m²,여,19세이하,92,30.9,통계연보 구간분포 보간
BMI,kg/m²,여,19세이하,93,32.1,통계연보 구간분포 보간
BMI,kg/m²,여,19세이하,94,33.4,통계연보 구간분포 보간
BMI,kg/m²,여,19세이하,95,34.6,통계연보 구간분포 보간
BMI,kg/m²,여,19세이하,96,35.9,통계연보 구간분포 보간
BMI,kg/m²,여,19세이하,97,37.1,통계연보 구간분포 보간
BMI,kg/m²,여,19세이하,98,38.3,통계연보 구간분포 보간
BMI,kg/m²,여,19세이하,99,39.6,통계연보 구간분포 보간
BMI,kg/m²,여,19세이하,100,50,통계연보 구간분포 보간
BMI,kg/m²,남,20~24세,1,15,통계연보 구간분포 보간
BMI,kg/m²,남,20~24세,2,16,통계연보 구간분포 보간
BMI,kg/m²,남,20~24세,3,17,통계연보 구간분포 보간
BMI,kg/m²,남,20~24세,4,18,통계연보 구간분포 보간
BMI,kg/m²,남,20~24세,5,18.6,통계연보 구간분포 보간
BMI,kg/m²,남,20~24세,6,18.7,통계연보 구간분포 보간
BMI,kg/m²,남,20~24세,7,18.8,통계연보 구간분포 보간
BMI,kg/m²,남,20~24세,8,18.9,통계연보 구간분포 보간
BMI,kg/m²,남,20~24세,9,19,통계연보 구간분포 보간
BMI,kg/m²,남,20~24세,10,19.1,통계연보 구간분포 보간
BMI,kg/m²,남,20~24세,11,19.3,통계연보 구간분포 보간
BMI,kg/m²,남,20~24세,12,19.4,통계연보 구간분포 보간
BMI,kg/m²,남,20~24세,13,19.5,통계연보 구간분포 보간
BMI,kg/m²,남,20~24세,14,19.6,통계연보 구간분포 보간
BMI,kg/m²,남,20~24세,15,19.7,통계연보 구간분포 보간
BMI,kg/m²,남,20~24세,16,19.9,통계연보 구간분포 보간
BMI,kg/m²,남,20~24세,17,20,통계연보 구간분포 보간
BMI,kg/m²,남,20~24세,18,20.1,통계연보 구간분포 보간
BMI,kg/m²,남,20~24세,19,20.2,통계연보 구간분포 보간
BMI,kg/m²,남,20~24세,20,20.3,통계연보 구간분포 보간
BMI,kg/m²,남,20~24세,21,20.5,통계연보 구간분포 보간
BMI,kg/m²,남,20~24세,22,20.6,통계연보 구간분포 보간
BMI,kg/m²,남,20~24세,23,20.7,통계연보 구간분포 보간
BMI,kg/m²,남,20~24세,24,20.8,통계연보 구간분포 보간
BMI,kg/m²,남,20~24세,25,20.9,통계연보 구간분포 보간
BMI,kg/m²,남,20~24세,26,21,통계연보 구간분포 보간
BMI,kg/m²,남,20~24세,27,21.2,통계연보 구간분포 보간
BMI,kg/m²,남,20~24세,28,21.3,통계연보 구간분포 보간
BMI,kg/m²,남,20~24세,29,21.4,통계연보 구간분포 보간
BMI,kg/m²,남,20~24세,30,21.5,통계연보 구간분포 보간
BMI,kg/m²,남,20~24세,31,21.6,통계연보 구간분포 보간
BMI,kg/m²,남,20~24세,32,21.8,통계연보 구간분포 보간
BMI,kg/m²,남,20~24세,33,21.9,통계연보 구간분포 보간
BMI,kg/m²,남,20~24세,34,22,통계연보 구간분포 보간
BMI,kg/m²,남,20~24세,35,22.1,통계연보 구간분포 보간
BMI,kg/m²,남,20~24세,36,22.2,통계연보 구간분포 보간
BMI,kg/m²,남,20~24세,37,22.4,통계연보 구간분포 보간
BMI,kg/m²,남,20~24세,38,22.5,통계연보 구간분포 보간
BMI,kg/m²,남,20~24세,39,22.6,통계연보 구간분포 보간
BMI,kg/m²,남,20~24세,40,22.7,통계연보 구간분포 보간
BMI,kg/m²,남,20~24세,41,22.8,통계연보 구간분포 보간
BMI,kg/m²,남,20~24세,42,22.9,통계연보 구간분포 보간
BMI,kg/m²,남,20~24세,43,23.1,통계연보 구간분포 보간
BMI,kg/m²,남,20~24세,44,23.2,통계연보 구간분포 보간
BMI,kg/m²,남,20~24세,45,23.3,통계연보 구간분포 보간
BMI,kg/m²,남,20~24세,46,23.4,통계연보 구간분포 보간
BMI,kg/m²,남,20~24세,47,23.5,통계연보 구간분포 보간
BMI,kg/m²,남,20~24세,48,23.7,통계연보 구간분포 보간
BMI,kg/m²,남,20~24세,49,23.8,통계연보 구간분포 보간
BMI,kg/m²,남,20~24세,50,23.9,통계연보 구간분포 보간
BMI,kg/m²,남,20~24세,51,24,통계연보 구간분포 보간
BMI,kg/m²,남,20~24세,52,24.1,통계연보 구간분포 보간
BMI,kg/m²,남,20~24세,53,24.3,통계연보 구간분포 보간
BMI,kg/m²,남,20~24세,54,24.4,통계연보 구간분포 보간
BMI,kg/m²,남,20~24세,55,24.5,통계연보 구간분포 보간
BMI,kg/m²,남,20~24세,56,24.6,통계연보 구간분포 보간
BMI,kg/m²,남,20~24세,57,24.7,통계연보 구간분포 보간
BMI,kg/m²,남,20~24세,58,24.8,통계연보 구간분포 보간
BMI,kg/m²,남,20~24세,59,25,통계연보 구간분포 보간
BMI,kg/m²,남,20~24세,60,25.1,통계연보 구간분포 보간
BMI,kg/m²,남,20~24세,61,25.3,통계연보 구간분포 보간
BMI,kg/m²,남,20~24세,62,25.5,통계연보 구간분포 보간
BMI,kg/m²,남,20~24세,63,25.6,통계연보 구간분포 보간
BMI,kg/m²,남,20~24세,64,25.8,통계연보 구간분포 보간
BMI,kg/m²,남,20~24세,65,26,통계연보 구간분포 보간
BMI,kg/m²,남,20~24세,66,26.2,통계연보 구간분포 보간
BMI,kg/m²,남,20~24세,67,26.3,통계연보 구간분포 보간
BMI,kg/m²,남,20~24세,68,26.5,통계연보 구간분포 보간
BMI,kg/m²,남,20~24세,69,26.7,통계연보 구간분포 보간
BMI,kg/m²,남,20~24세,70,26.9,통계연보 구간분포 보간
BMI,kg/m²,남,20~24세,71,27,통계연보 구간분포 보간
BMI,kg/m²,남,20~24세,72,27.2,통계연보 구간분포 보간
BMI,kg/m²,남,20~24세,73,27.4,통계연보 구간분포 보간
BMI,kg/m²,남,20~24세,74,27.6,통계연보 구간분포 보간
BMI,kg/m²,남,20~24세,75,27.7,통계연보 구간분포 보간
BMI,kg/m²,남,20~24세,76,27.9,통계연보 구간분포 보간
BMI,kg/m²,남,20~24세,77,28.1,통계연보 구간분포 보간
BMI,kg/m²,남,20~24세,78,28.3,통계연보 구간분포 보간
BMI,kg/m²,남,20~24세,79,28.4,통계연보 구간분포 보간
BMI,kg/m²,남,20~24세,80,28.6,통계연보 구간분포 보간
BMI,kg/m²,남,20~24세,81,28.8,통계연보 구간분포 보간
BMI,kg/m²,남,20~24세,82,29,통계연보 구간분포 보간
BMI,kg/m²,남,20~24세,83,29.1,통계연보 구간분포 보간
BMI,kg/m²,남,20~24세,84,29.3,통계연보 구간분포 보간
BMI,kg/m²,남,20~24세,85,29.5,통계연보 구간분포 보간
BMI,kg/m²,남,20~24세,86,29.7,통계연보 구간분포 보간
BMI,kg/m²,남,20~24세,87,29.8,통계연보 구간분포 보간
BMI,kg/m²,남,20~24세,88,30.1,통계연보 구간분포 보간
BMI,kg/m²,남,20~24세,89,30.9,통계연보 구간분포 보간
BMI,kg/m²,남,20~24세,90,31.8,통계연보 구간분포 보간
BMI,kg/m²,남,20~24세,91,32.7,통계연보 구간분포 보간
BMI,kg/m²,남,20~24세,92,33.6,통계연보 구간분포 보간
BMI,kg/m²,남,20~24세,93,34.5,통계연보 구간분포 보간
BMI,kg/m²,남,20~24세,94,35.3,통계연보 구간분포 보간
BMI,kg/m²,남,20~24세,95,36.2,통계연보 구간분포 보간
BMI,kg/m²,남,20~24세,96,37.1,통계연보 구간분포 보간
BMI,kg/m²,남,20~24세,97,38,통계연보 구간분포 보간
BMI,kg/m²,남,20~24세,98,38.9,통계연보 구간분포 보간
BMI,kg/m²,남,20~24세,99,39.8,통계연보 구간분포 보간
BMI,kg/m²,남,20~24세,100,50,통계연보 구간분포 보간
BMI,kg/m²,여,20~24세,1,14.3,통계연보 구간분포 보간
BMI,kg/m²,여,20~24세,2,14.6,통계연보 구간분포 보간
BMI,kg/m²,여,20~24세,3,14.9,통계연보 구간분포 보간
BMI,kg/m²,여,20~24세,4,15.3,통계연보 구간분포 보간
BMI,kg/m²,여,20~24세,5,15.6,통계연보 구간분포 보간
BMI,kg/m²,여,20~24세,6,15.9,통계연보 구간분포 보간
BMI,kg/m²,여,20~24세,7,16.2,통계연보 구간분포 보간
BMI,kg/m²,여,20~24세,8,16.5,통계연보 구간분포 보간
BMI,kg/m²,여,20~24세,9,16.8,통계연보 구간분포 보간
BMI,kg/m²,여,20~24세,10,17.1,통계연보 구간분포 보간
BMI,kg/m²,여,20~24세,11,17.4,통계연보 구간분포 보간
BMI,kg/m²,여,20~24세,12,17.8,통계연보 구간분포 보간
BMI,kg/m²,여,20~24세,13,18.1,통계연보 구간분포 보간
BMI,kg/m²,여,20~24세,14,18.4,통계연보 구간분포 보간
BMI,kg/m²,여,20~24세,15,18.6,통계연보 구간분포 보간
BMI,kg/m²,여,20~24세,16,18.7,통계연보 구간분포 보간
BMI,kg/m²,여,20~24세,17,18.8,통계연보 구간분포 보간
BMI,kg/m²,여,20~24세,18,18.9,통계연보 구간분포 보간
BMI,kg/m²,여,20~24세,19,19,통계연보 구간분포 보간
BMI,kg/m²,여,20~24세,20,19.1,통계연보 구간분포 보간
BMI,kg/m²,여,20~24세,21,19.1,통계연보 구간분포 보간
BMI,kg/m²,여,20~24세,22,19.2,통계연보 구간분포 보간
BMI,kg/m²,여,20~24세,23,19.3,통계연보 구간분포 보간
BMI,kg/m²,여,20~24세,24,19.4,통계연보 구간분포 보간
BMI,kg/m²,여,20~24세,25,19.5,통계연보 구간분포 보간
BMI,kg/m²,여,20~24세,26,19.6,통계연보 구간분포 보간
BMI,kg/m²,여,20~24세,27,19.7,통계연보 구간분포 보간
BMI,kg/m²,여,20~24세,28,19.8,통계연보 구간분포 보간
BMI,kg/m²,여,20~24세,29,19.9,통계연보 구간분포 보간
BMI,kg/m²,여,20~24세,30,20,통계연보 구간분포 보간
BMI,kg/m²,여,20~24세,31,20.1,통계연보 구간분포 보간
BMI,kg/m²,여,20~24세,32,20.2,통계연보 구간분포 보간
BMI,kg/m²,여,20~24세,33,20.3,통계연보 구간분포 보간
BMI,kg/m²,여,20~24세,34,20.4,통계연보 구간분포 보간
BMI,kg/m²,여,20~24세,35,20.5,통계연보 구간분포 보간
BMI,kg/m²,여,20~24세,36,20.6,통계연보 구간분포 보간
BMI,kg/m²,여,20~24세,37,20.7,통계연보 구간분포 보간
BMI,kg/m²,여,20~24세,38,20.8,통계연보 구간분포 보간
BMI,kg/m²,여,20~24세,39,20.9,통계연보 구간분포 보간
BMI,kg/m²,여,20~24세,40,21,통계연보 구간분포 보간
BMI,kg/m²,여,20~24세,41,21.1,통계연보 구간분포 보간
BMI,kg/m²,여,20~24세,42,21.2,통계연보 구간분포 보간
BMI,kg/m²,여,20~24세,43,21.3,통계연보 구간분포 보간
BMI,kg/m²,여,20~24세,44,21.4,통계연보 구간분포 보간
BMI,kg/m²,여,20~24세,45,21.5,통계연보 구간분포 보간
BMI,kg/m²,여,20~24세,46,21.6,통계연보 구간분포 보간
BMI,kg/m²,여,20~24세,47,21.7,통계연보 구간분포 보간
BMI,kg/m²,여,20~24세,48,21.8,통계연보 구간분포 보간
BMI,kg/m²,여,20~24세,49,21.9,통계연보 구간분포 보간
BMI,kg/m²,여,20~24세,50,22,통계연보 구간분포 보간
BMI,kg/m²,여,20~24세,51,22.1,통계연보 구간분포 보간
BMI,kg/m²,여,20~24세,52,22.2,통계연보 구간분포 보간
BMI,kg/m²,여,20~24세,53,22.3,통계연보 구간분포 보간
BMI,kg/m²,여,20~24세,54,22.4,통계연보 구간분포 보간
BMI,kg/m²,여,20~24세,55,22.5,통계연보 구간분포 보간
BMI,kg/m²,여,20~24세,56,22.6,통계연보 구간분포 보간
BMI,kg/m²,여,20~24세,57,22.7,통계연보 구간분포 보간
BMI,kg/m²,여,20~24세,58,22.8,통계연보 구간분포 보간
BMI,kg/m²,여,20~24세,59,22.9,통계연보 구간분포 보간
BMI,kg/m²,여,20~24세,60,23,통계연보 구간분포 보간
BMI,kg/m²,여,20~24세,61,23.1,통계연보 구간분포 보간
BMI,kg/m²,여,20~24세,62,23.2,통계연보 구간분포 보간
BMI,kg/m²,여,20~24세,63,23.2,통계연보 구간분포 보간
BMI,kg/m²,여,20~24세,64,23.3,통계연보 구간분포 보간
BMI,kg/m²,여,20~24세,65,23.4,통계연보 구간분포 보간
BMI,kg/m²,여,20~24세,66,23.5,통계연보 구간분포 보간
BMI,kg/m²,여,20~24세,67,23.6,통계연보 구간분포 보간
BMI,kg/m²,여,20~24세,68,23.7,통계연보 구간분포 보간
BMI,kg/m²,여,20~24세,69,23.8,통계연보 구간분포 보간
BMI,kg/m²,여,20~24세,70,23.9,통계연보 구간분포 보간
BMI,kg/m²,여,20~24세,71,24,통계연보 구간분포 보간
BMI,kg/m²,여,20~24세,72,24.1,통계연보 구간분포 보간
BMI,kg/m²,여,20~24세,73,24.2,통계연보 구간분포 보간
BMI,kg/m²,여,20~24세,74,24.3,통계연보 구간분포 보간
BMI,kg/m²,여,20~24세,75,24.4,통계연보 구간분포 보간
BMI,kg/m²,여,20~24세,76,24.5,통계연보 구간분포 보간
BMI,kg/m²,여,20~24세,77,24.6,통계연보 구간분포 보간
BMI,kg/m²,여,20~24세,78,24.7,통계연보 구간분포 보간
BMI,kg/m²,여,20~24세,79,24.8,통계연보 구간분포 보간
BMI,kg/m²,여,20~24세,80,24.9,통계연보 구간분포 보간
BMI,kg/m²,여,20~24세,81,25,통계연보 구간분포 보간
BMI,kg/m²,여,20~24세,82,25.4,통계연보 구간분포 보간
BMI,kg/m²,여,20~24세,83,25.8,통계연보 구간분포 보간
BMI,kg/m²,여,20~24세,84,26.2,통계연보 구간분포 보간
BMI,kg/m²,여,20~24세,85,26.6,통계연보 구간분포 보간
BMI,kg/m²,여,20~24세,86,26.9,통계연보 구간분포 보간
BMI,kg/m²,여,20~24세,87,27.3,통계연보 구간분포 보간
BMI,kg/m²,여,20~24세,88,27.7,통계연보 구간분포 보간
BMI,kg/m²,여,20~24세,89,28.1,통계연보 구간분포 보간
BMI,kg/m²,여,20~24세,90,28.5,통계연보 구간분포 보간
BMI,kg/m²,여,20~24세,91,28.9,통계연보 구간분포 보간
BMI,kg/m²,여,20~24세,92,29.2,통계연보 구간분포 보간
BMI,kg/m²,여,20~24세,93,29.6,통계연보 구간분포 보간
BMI,kg/m²,여,20~24세,94,30,통계연보 구간분포 보간
BMI,kg/m²,여,20~24세,95,31.8,통계연보 구간분포 보간
BMI,kg/m²,여,20~24세,96,33.6,통계연보 구간분포 보간
BMI,kg/m²,여,20~24세,97,35.4,통계연보 구간분포 보간
BMI,kg/m²,여,20~24세,98,37.1,통계연보 구간분포 보간
BMI,kg/m²,여,20~24세,99,38.9,통계연보 구간분포 보간
BMI,kg/m²,여,20~24세,100,50,통계연보 구간분포 보간
BMI,kg/m²,남,25~29세,1,16.3,통계연보 구간분포 보간
BMI,kg/m²,남,25~29세,2,18.5,통계연보 구간분포 보간
BMI,kg/m²,남,25~29세,3,18.6,통계연보 구간분포 보간
BMI,kg/m²,남,25~29세,4,18.8,통계연보 구간분포 보간
BMI,kg/m²,남,25~29세,5,18.9,통계연보 구간분포 보간
BMI,kg/m²,남,25~29세,6,19,통계연보 구간분포 보간
BMI,kg/m²,남,25~29세,7,19.2,통계연보 구간분포 보간
BMI,kg/m²,남,25~29세,8,19.3,통계연보 구간분포 보간
BMI,kg/m²,남,25~29세,9,19.4,통계연보 구간분포 보간
BMI,kg/m²,남,25~29세,10,19.6,통계연보 구간분포 보간
BMI,kg/m²,남,25~29세,11,19.7,통계연보 구간분포 보간
BMI,kg/m²,남,25~29세,12,19.8,통계연보 구간분포 보간
BMI,kg/m²,남,25~29세,13,19.9,통계연보 구간분포 보간
BMI,kg/m²,남,25~29세,14,20.1,통계연보 구간분포 보간
BMI,kg/m²,남,25~29세,15,20.2,통계연보 구간분포 보간
BMI,kg/m²,남,25~29세,16,20.3,통계연보 구간분포 보간
BMI,kg/m²,남,25~29세,17,20.5,통계연보 구간분포 보간
BMI,kg/m²,남,25~29세,18,20.6,통계연보 구간분포 보간
BMI,kg/m²,남,25~29세,19,20.7,통계연보 구간분포 보간
BMI,kg/m²,남,25~29세,20,20.9,통계연보 구간분포 보간
BMI,kg/m²,남,25~29세,21,21,통계연보 구간분포 보간
BMI,kg/m²,남,25~29세,22,21.1,통계연보 구간분포 보간
BMI,kg/m²,남,25~29세,23,21.3,통계연보 구간분포 보간
BMI,kg/m²,남,25~29세,24,21.4,통계연보 구간분포 보간
BMI,kg/m²,남,25~29세,25,21.5,통계연보 구간분포 보간
BMI,kg/m²,남,25~29세,26,21.7,통계연보 구간분포 보간
BMI,kg/m²,남,25~29세,27,21.8,통계연보 구간분포 보간
BMI,kg/m²,남,25~29세,28,21.9,통계연보 구간분포 보간
BMI,kg/m²,남,25~29세,29,22.1,통계연보 구간분포 보간
BMI,kg/m²,남,25~29세,30,22.2,통계연보 구간분포 보간
BMI,kg/m²,남,25~29세,31,22.3,통계연보 구간분포 보간
BMI,kg/m²,남,25~29세,32,22.4,통계연보 구간분포 보간
BMI,kg/m²,남,25~29세,33,22.6,통계연보 구간분포 보간
BMI,kg/m²,남,25~29세,34,22.7,통계연보 구간분포 보간
BMI,kg/m²,남,25~29세,35,22.8,통계연보 구간분포 보간
BMI,kg/m²,남,25~29세,36,23,통계연보 구간분포 보간
BMI,kg/m²,남,25~29세,37,23.1,통계연보 구간분포 보간
BMI,kg/m²,남,25~29세,38,23.2,통계연보 구간분포 보간
BMI,kg/m²,남,25~29세,39,23.4,통계연보 구간분포 보간
BMI,kg/m²,남,25~29세,40,23.5,통계연보 구간분포 보간
BMI,kg/m²,남,25~29세,41,23.6,통계연보 구간분포 보간
BMI,kg/m²,남,25~29세,42,23.8,통계연보 구간분포 보간
BMI,kg/m²,남,25~29세,43,23.9,통계연보 구간분포 보간
BMI,kg/m²,남,25~29세,44,24,통계연보 구간분포 보간
BMI,kg/m²,남,25~29세,45,24.2,통계연보 구간분포 보간
BMI,kg/m²,남,25~29세,46,24.3,통계연보 구간분포 보간
BMI,kg/m²,남,25~29세,47,24.4,통계연보 구간분포 보간
BMI,kg/m²,남,25~29세,48,24.5,통계연보 구간분포 보간
BMI,kg/m²,남,25~29세,49,24.7,통계연보 구간분포 보간
BMI,kg/m²,남,25~29세,50,24.8,통계연보 구간분포 보간
BMI,kg/m²,남,25~29세,51,24.9,통계연보 구간분포 보간
BMI,kg/m²,남,25~29세,52,25.1,통계연보 구간분포 보간
BMI,kg/m²,남,25~29세,53,25.2,통계연보 구간분포 보간
BMI,kg/m²,남,25~29세,54,25.4,통계연보 구간분포 보간
BMI,kg/m²,남,25~29세,55,25.5,통계연보 구간분포 보간
BMI,kg/m²,남,25~29세,56,25.6,통계연보 구간분포 보간
BMI,kg/m²,남,25~29세,57,25.8,통계연보 구간분포 보간
BMI,kg/m²,남,25~29세,58,25.9,통계연보 구간분포 보간
BMI,kg/m²,남,25~29세,59,26.1,통계연보 구간분포 보간
BMI,kg/m²,남,25~29세,60,26.2,통계연보 구간분포 보간
BMI,kg/m²,남,25~29세,61,26.3,통계연보 구간분포 보간
BMI,kg/m²,남,25~29세,62,26.5,통계연보 구간분포 보간
BMI,kg/m²,남,25~29세,63,26.6,통계연보 구간분포 보간
BMI,kg/m²,남,25~29세,64,26.8,통계연보 구간분포 보간
BMI,kg/m²,남,25~29세,65,26.9,통계연보 구간분포 보간
BMI,kg/m²,남,25~29세,66,27,통계연보 구간분포 보간
BMI,kg/m²,남,25~29세,67,27.2,통계연보 구간분포 보간
BMI,kg/m²,남,25~29세,68,27.3,통계연보 구간분포 보간
BMI,kg/m²,남,25~29세,69,27.5,통계연보 구간분포 보간
BMI,kg/m²,남,25~29세,70,27.6,통계연보 구간분포 보간
BMI,kg/m²,남,25~29세,71,27.7,통계연보 구간분포 보간
BMI,kg/m²,남,25~29세,72,27.9,통계연보 구간분포 보간
BMI,kg/m²,남,25~29세,73,28,통계연보 구간분포 보간
BMI,kg/m²,남,25~29세,74,28.2,통계연보 구간분포 보간
BMI,kg/m²,남,25~29세,75,28.3,통계연보 구간분포 보간
BMI,kg/m²,남,25~29세,76,28.4,통계연보 구간분포 보간
BMI,kg/m²,남,25~29세,77,28.6,통계연보 구간분포 보간
BMI,kg/m²,남,25~29세,78,28.7,통계연보 구간분포 보간
BMI,kg/m²,남,25~29세,79,28.9,통계연보 구간분포 보간
BMI,kg/m²,남,25~29세,80,29,통계연보 구간분포 보간
BMI,kg/m²,남,25~29세,81,29.2,통계연보 구간분포 보간
BMI,kg/m²,남,25~29세,82,29.3,통계연보 구간분포 보간
BMI,kg/m²,남,25~29세,83,29.4,통계연보 구간분포 보간
BMI,kg/m²,남,25~29세,84,29.6,통계연보 구간분포 보간
BMI,kg/m²,남,25~29세,85,29.7,통계연보 구간분포 보간
BMI,kg/m²,남,25~29세,86,29.9,통계연보 구간분포 보간
BMI,kg/m²,남,25~29세,87,30,통계연보 구간분포 보간
BMI,kg/m²,남,25~29세,88,30.8,통계연보 구간분포 보간
BMI,kg/m²,남,25~29세,89,31.6,통계연보 구간분포 보간
BMI,kg/m²,남,25~29세,90,32.4,통계연보 구간분포 보간
BMI,kg/m²,남,25~29세,91,33.2,통계연보 구간분포 보간
BMI,kg/m²,남,25~29세,92,34,통계연보 구간분포 보간
BMI,kg/m²,남,25~29세,93,34.8,통계연보 구간분포 보간
BMI,kg/m²,남,25~29세,94,35.6,통계연보 구간분포 보간
BMI,kg/m²,남,25~29세,95,36.4,통계연보 구간분포 보간
BMI,kg/m²,남,25~29세,96,37.3,통계연보 구간분포 보간
BMI,kg/m²,남,25~29세,97,38.1,통계연보 구간분포 보간
BMI,kg/m²,남,25~29세,98,38.9,통계연보 구간분포 보간
BMI,kg/m²,남,25~29세,99,39.7,통계연보 구간분포 보간
BMI,kg/m²,남,25~29세,100,50,통계연보 구간분포 보간
BMI,kg/m²,여,25~29세,1,14.4,통계연보 구간분포 보간
BMI,kg/m²,여,25~29세,2,14.8,통계연보 구간분포 보간
BMI,kg/m²,여,25~29세,3,15.2,통계연보 구간분포 보간
BMI,kg/m²,여,25~29세,4,15.7,통계연보 구간분포 보간
BMI,kg/m²,여,25~29세,5,16.1,통계연보 구간분포 보간
BMI,kg/m²,여,25~29세,6,16.5,통계연보 구간분포 보간
BMI,kg/m²,여,25~29세,7,16.9,통계연보 구간분포 보간
BMI,kg/m²,여,25~29세,8,17.3,통계연보 구간분포 보간
BMI,kg/m²,여,25~29세,9,17.7,통계연보 구간분포 보간
BMI,kg/m²,여,25~29세,10,18.1,통계연보 구간분포 보간
BMI,kg/m²,여,25~29세,11,18.5,통계연보 구간분포 보간
BMI,kg/m²,여,25~29세,12,18.6,통계연보 구간분포 보간
BMI,kg/m²,여,25~29세,13,18.7,통계연보 구간분포 보간
BMI,kg/m²,여,25~29세,14,18.8,통계연보 구간분포 보간
BMI,kg/m²,여,25~29세,15,18.9,통계연보 구간분포 보간
BMI,kg/m²,여,25~29세,16,19,통계연보 구간분포 보간
BMI,kg/m²,여,25~29세,17,19.1,통계연보 구간분포 보간
BMI,kg/m²,여,25~29세,18,19.2,통계연보 구간분포 보간
BMI,kg/m²,여,25~29세,19,19.3,통계연보 구간분포 보간
BMI,kg/m²,여,25~29세,20,19.4,통계연보 구간분포 보간
BMI,kg/m²,여,25~29세,21,19.5,통계연보 구간분포 보간
BMI,kg/m²,여,25~29세,22,19.5,통계연보 구간분포 보간
BMI,kg/m²,여,25~29세,23,19.6,통계연보 구간분포 보간
BMI,kg/m²,여,25~29세,24,19.7,통계연보 구간분포 보간
BMI,kg/m²,여,25~29세,25,19.8,통계연보 구간분포 보간
BMI,kg/m²,여,25~29세,26,19.9,통계연보 구간분포 보간
BMI,kg/m²,여,25~29세,27,20,통계연보 구간분포 보간
BMI,kg/m²,여,25~29세,28,20.1,통계연보 구간분포 보간
BMI,kg/m²,여,25~29세,29,20.2,통계연보 구간분포 보간
BMI,kg/m²,여,25~29세,30,20.3,통계연보 구간분포 보간
BMI,kg/m²,여,25~29세,31,20.4,통계연보 구간분포 보간
BMI,kg/m²,여,25~29세,32,20.5,통계연보 구간분포 보간
BMI,kg/m²,여,25~29세,33,20.6,통계연보 구간분포 보간
BMI,kg/m²,여,25~29세,34,20.7,통계연보 구간분포 보간
BMI,kg/m²,여,25~29세,35,20.8,통계연보 구간분포 보간
BMI,kg/m²,여,25~29세,36,20.9,통계연보 구간분포 보간
BMI,kg/m²,여,25~29세,37,21,통계연보 구간분포 보간
BMI,kg/m²,여,25~29세,38,21,통계연보 구간분포 보간
BMI,kg/m²,여,25~29세,39,21.1,통계연보 구간분포 보간
BMI,kg/m²,여,25~29세,40,21.2,통계연보 구간분포 보간
BMI,kg/m²,여,25~29세,41,21.3,통계연보 구간분포 보간
BMI,kg/m²,여,25~29세,42,21.4,통계연보 구간분포 보간
BMI,kg/m²,여,25~29세,43,21.5,통계연보 구간분포 보간
BMI,kg/m²,여,25~29세,44,21.6,통계연보 구간분포 보간
BMI,kg/m²,여,25~29세,45,21.7,통계연보 구간분포 보간
BMI,kg/m²,여,25~29세,46,21.8,통계연보 구간분포 보간
BMI,kg/m²,여,25~29세,47,21.9,통계연보 구간분포 보간
BMI,kg/m²,여,25~29세,48,22,통계연보 구간분포 보간
BMI,kg/m²,여,25~29세,49,22.1,통계연보 구간분포 보간
BMI,kg/m²,여,25~29세,50,22.2,통계연보 구간분포 보간
BMI,kg/m²,여,25~29세,51,22.3,통계연보 구간분포 보간
BMI,kg/m²,여,25~29세,52,22.4,통계연보 구간분포 보간
BMI,kg/m²,여,25~29세,53,22.5,통계연보 구간분포 보간
BMI,kg/m²,여,25~29세,54,22.5,통계연보 구간분포 보간
BMI,kg/m²,여,25~29세,55,22.6,통계연보 구간분포 보간
BMI,kg/m²,여,25~29세,56,22.7,통계연보 구간분포 보간
BMI,kg/m²,여,25~29세,57,22.8,통계연보 구간분포 보간
BMI,kg/m²,여,25~29세,58,22.9,통계연보 구간분포 보간
BMI,kg/m²,여,25~29세,59,23,통계연보 구간분포 보간
BMI,kg/m²,여,25~29세,60,23.1,통계연보 구간분포 보간
BMI,kg/m²,여,25~29세,61,23.2,통계연보 구간분포 보간
BMI,kg/m²,여,25~29세,62,23.3,통계연보 구간분포 보간
BMI,kg/m²,여,25~29세,63,23.4,통계연보 구간분포 보간
BMI,kg/m²,여,25~29세,64,23.5,통계연보 구간분포 보간
BMI,kg/m²,여,25~29세,65,23.6,통계연보 구간분포 보간
BMI,kg/m²,여,25~29세,66,23.7,통계연보 구간분포 보간
BMI,kg/m²,여,25~29세,67,23.8,통계연보 구간분포 보간
BMI,kg/m²,여,25~29세,68,23.9,통계연보 구간분포 보간
BMI,kg/m²,여,25~29세,69,24,통계연보 구간분포 보간
BMI,kg/m²,여,25~29세,70,24,통계연보 구간분포 보간
BMI,kg/m²,여,25~29세,71,24.1,통계연보 구간분포 보간
BMI,kg/m²,여,25~29세,72,24.2,통계연보 구간분포 보간
BMI,kg/m²,여,25~29세,73,24.3,통계연보 구간분포 보간
BMI,kg/m²,여,25~29세,74,24.4,통계연보 구간분포 보간
BMI,kg/m²,여,25~29세,75,24.5,통계연보 구간분포 보간
BMI,kg/m²,여,25~29세,76,24.6,통계연보 구간분포 보간
BMI,kg/m²,여,25~29세,77,24.7,통계연보 구간분포 보간
BMI,kg/m²,여,25~29세,78,24.8,통계연보 구간분포 보간
BMI,kg/m²,여,25~29세,79,24.9,통계연보 구간분포 보간
BMI,kg/m²,여,25~29세,80,25,통계연보 구간분포 보간
BMI,kg/m²,여,25~29세,81,25.3,통계연보 구간분포 보간
BMI,kg/m²,여,25~29세,82,25.7,통계연보 구간분포 보간
BMI,kg/m²,여,25~29세,83,26.1,통계연보 구간분포 보간
BMI,kg/m²,여,25~29세,84,26.4,통계연보 구간분포 보간
BMI,kg/m²,여,25~29세,85,26.8,통계연보 구간분포 보간
BMI,kg/m²,여,25~29세,86,27.2,통계연보 구간분포 보간
BMI,kg/m²,여,25~29세,87,27.5,통계연보 구간분포 보간
BMI,kg/m²,여,25~29세,88,27.9,통계연보 구간분포 보간
BMI,kg/m²,여,25~29세,89,28.3,통계연보 구간분포 보간
BMI,kg/m²,여,25~29세,90,28.6,통계연보 구간분포 보간
BMI,kg/m²,여,25~29세,91,29,통계연보 구간분포 보간
BMI,kg/m²,여,25~29세,92,29.4,통계연보 구간분포 보간
BMI,kg/m²,여,25~29세,93,29.7,통계연보 구간분포 보간
BMI,kg/m²,여,25~29세,94,30.5,통계연보 구간분포 보간
BMI,kg/m²,여,25~29세,95,32.2,통계연보 구간분포 보간
BMI,kg/m²,여,25~29세,96,33.9,통계연보 구간분포 보간
BMI,kg/m²,여,25~29세,97,35.6,통계연보 구간분포 보간
BMI,kg/m²,여,25~29세,98,37.3,통계연보 구간분포 보간
BMI,kg/m²,여,25~29세,99,39,통계연보 구간분포 보간
BMI,kg/m²,여,25~29세,100,50,통계연보 구간분포 보간
BMI,kg/m²,남,30~34세,1,18,통계연보 구간분포 보간
BMI,kg/m²,남,30~34세,2,18.6,통계연보 구간분포 보간
BMI,kg/m²,남,30~34세,3,18.8,통계연보 구간분포 보간
BMI,kg/m²,남,30~34세,4,18.9,통계연보 구간분포 보간
BMI,kg/m²,남,30~34세,5,19.1,통계연보 구간분포 보간
BMI,kg/m²,남,30~34세,6,19.2,통계연보 구간분포 보간
BMI,kg/m²,남,30~34세,7,19.4,통계연보 구간분포 보간
BMI,kg/m²,남,30~34세,8,19.5,통계연보 구간분포 보간
BMI,kg/m²,남,30~34세,9,19.7,통계연보 구간분포 보간
BMI,kg/m²,남,30~34세,10,19.8,통계연보 구간분포 보간
BMI,kg/m²,남,30~34세,11,20,통계연보 구간분포 보간
BMI,kg/m²,남,30~34세,12,20.1,통계연보 구간분포 보간
BMI,kg/m²,남,30~34세,13,20.3,통계연보 구간분포 보간
BMI,kg/m²,남,30~34세,14,20.4,통계연보 구간분포 보간
BMI,kg/m²,남,30~34세,15,20.6,통계연보 구간분포 보간
BMI,kg/m²,남,30~34세,16,20.7,통계연보 구간분포 보간
BMI,kg/m²,남,30~34세,17,20.9,통계연보 구간분포 보간
BMI,kg/m²,남,30~34세,18,21,통계연보 구간분포 보간
BMI,kg/m²,남,30~34세,19,21.1,통계연보 구간분포 보간
BMI,kg/m²,남,30~34세,20,21.3,통계연보 구간분포 보간
BMI,kg/m²,남,30~34세,21,21.4,통계연보 구간분포 보간
BMI,kg/m²,남,30~34세,22,21.6,통계연보 구간분포 보간
BMI,kg/m²,남,30~34세,23,21.7,통계연보 구간분포 보간
BMI,kg/m²,남,30~34세,24,21.9,통계연보 구간분포 보간
BMI,kg/m²,남,30~34세,25,22,통계연보 구간분포 보간
BMI,kg/m²,남,30~34세,26,22.2,통계연보 구간분포 보간
BMI,kg/m²,남,30~34세,27,22.3,통계연보 구간분포 보간
BMI,kg/m²,남,30~34세,28,22.5,통계연보 구간분포 보간
BMI,kg/m²,남,30~34세,29,22.6,통계연보 구간분포 보간
BMI,kg/m²,남,30~34세,30,22.8,통계연보 구간분포 보간
BMI,kg/m²,남,30~34세,31,22.9,통계연보 구간분포 보간
BMI,kg/m²,남,30~34세,32,23.1,통계연보 구간분포 보간
BMI,kg/m²,남,30~34세,33,23.2,통계연보 구간분포 보간
BMI,kg/m²,남,30~34세,34,23.4,통계연보 구간분포 보간
BMI,kg/m²,남,30~34세,35,23.5,통계연보 구간분포 보간
BMI,kg/m²,남,30~34세,36,23.7,통계연보 구간분포 보간
BMI,kg/m²,남,30~34세,37,23.8,통계연보 구간분포 보간
BMI,kg/m²,남,30~34세,38,24,통계연보 구간분포 보간
BMI,kg/m²,남,30~34세,39,24.1,통계연보 구간분포 보간
BMI,kg/m²,남,30~34세,40,24.3,통계연보 구간분포 보간
BMI,kg/m²,남,30~34세,41,24.4,통계연보 구간분포 보간
BMI,kg/m²,남,30~34세,42,24.6,통계연보 구간분포 보간
BMI,kg/m²,남,30~34세,43,24.7,통계연보 구간분포 보간
BMI,kg/m²,남,30~34세,44,24.9,통계연보 구간분포 보간
BMI,kg/m²,남,30~34세,45,25,통계연보 구간분포 보간
BMI,kg/m²,남,30~34세,46,25.1,통계연보 구간분포 보간
BMI,kg/m²,남,30~34세,47,25.3,통계연보 구간분포 보간
BMI,kg/m²,남,30~34세,48,25.4,통계연보 구간분포 보간
BMI,kg/m²,남,30~34세,49,25.5,통계연보 구간분포 보간
BMI,kg/m²,남,30~34세,50,25.6,통계연보 구간분포 보간
BMI,kg/m²,남,30~34세,51,25.7,통계연보 구간분포 보간
BMI,kg/m²,남,30~34세,52,25.9,통계연보 구간분포 보간
BMI,kg/m²,남,30~34세,53,26,통계연보 구간분포 보간
BMI,kg/m²,남,30~34세,54,26.1,통계연보 구간분포 보간
BMI,kg/m²,남,30~34세,55,26.2,통계연보 구간분포 보간
BMI,kg/m²,남,30~34세,56,26.4,통계연보 구간분포 보간
BMI,kg/m²,남,30~34세,57,26.5,통계연보 구간분포 보간
BMI,kg/m²,남,30~34세,58,26.6,통계연보 구간분포 보간
BMI,kg/m²,남,30~34세,59,26.7,통계연보 구간분포 보간
BMI,kg/m²,남,30~34세,60,26.9,통계연보 구간분포 보간
BMI,kg/m²,남,30~34세,61,27,통계연보 구간분포 보간
BMI,kg/m²,남,30~34세,62,27.1,통계연보 구간분포 보간
BMI,kg/m²,남,30~34세,63,27.2,통계연보 구간분포 보간
BMI,kg/m²,남,30~34세,64,27.4,통계연보 구간분포 보간
BMI,kg/m²,남,30~34세,65,27.5,통계연보 구간분포 보간
BMI,kg/m²,남,30~34세,66,27.6,통계연보 구간분포 보간
BMI,kg/m²,남,30~34세,67,27.7,통계연보 구간분포 보간
BMI,kg/m²,남,30~34세,68,27.9,통계연보 구간분포 보간
BMI,kg/m²,남,30~34세,69,28,통계연보 구간분포 보간
BMI,kg/m²,남,30~34세,70,28.1,통계연보 구간분포 보간
BMI,kg/m²,남,30~34세,71,28.2,통계연보 구간분포 보간
BMI,kg/m²,남,30~34세,72,28.4,통계연보 구간분포 보간
BMI,kg/m²,남,30~34세,73,28.5,통계연보 구간분포 보간
BMI,kg/m²,남,30~34세,74,28.6,통계연보 구간분포 보간
BMI,kg/m²,남,30~34세,75,28.7,통계연보 구간분포 보간
BMI,kg/m²,남,30~34세,76,28.9,통계연보 구간분포 보간
BMI,kg/m²,남,30~34세,77,29,통계연보 구간분포 보간
BMI,kg/m²,남,30~34세,78,29.1,통계연보 구간분포 보간
BMI,kg/m²,남,30~34세,79,29.2,통계연보 구간분포 보간
BMI,kg/m²,남,30~34세,80,29.4,통계연보 구간분포 보간
BMI,kg/m²,남,30~34세,81,29.5,통계연보 구간분포 보간
BMI,kg/m²,남,30~34세,82,29.6,통계연보 구간분포 보간
BMI,kg/m²,남,30~34세,83,29.7,통계연보 구간분포 보간
BMI,kg/m²,남,30~34세,84,29.8,통계연보 구간분포 보간
BMI,kg/m²,남,30~34세,85,30,통계연보 구간분포 보간
BMI,kg/m²,남,30~34세,86,30.6,통계연보 구간분포 보간
BMI,kg/m²,남,30~34세,87,31.3,통계연보 구간분포 보간
BMI,kg/m²,남,30~34세,88,32,통계연보 구간분포 보간
BMI,kg/m²,남,30~34세,89,32.7,통계연보 구간분포 보간
BMI,kg/m²,남,30~34세,90,33.4,통계연보 구간분포 보간
BMI,kg/m²,남,30~34세,91,34.1,통계연보 구간분포 보간
BMI,kg/m²,남,30~34세,92,34.8,통계연보 구간분포 보간
BMI,kg/m²,남,30~34세,93,35.5,통계연보 구간분포 보간
BMI,kg/m²,남,30~34세,94,36.2,통계연보 구간분포 보간
BMI,kg/m²,남,30~34세,95,36.9,통계연보 구간분포 보간
BMI,kg/m²,남,30~34세,96,37.6,통계연보 구간분포 보간
BMI,kg/m²,남,30~34세,97,38.4,통계연보 구간분포 보간
BMI,kg/m²,남,30~34세,98,39.1,통계연보 구간분포 보간
BMI,kg/m²,남,30~34세,99,39.8,통계연보 구간분포 보간
BMI,kg/m²,남,30~34세,100,50,통계연보 구간분포 보간
BMI,kg/m²,여,30~34세,1,14.5,통계연보 구간분포 보간
BMI,kg/m²,여,30~34세,2,15,통계연보 구간분포 보간
BMI,kg/m²,여,30~34세,3,15.5,통계연보 구간분포 보간
BMI,kg/m²,여,30~34세,4,16,통계연보 구간분포 보간
BMI,kg/m²,여,30~34세,5,16.5,통계연보 구간분포 보간
BMI,kg/m²,여,30~34세,6,17,통계연보 구간분포 보간
BMI,kg/m²,여,30~34세,7,17.5,통계연보 구간분포 보간
BMI,kg/m²,여,30~34세,8,18,통계연보 구간분포 보간
BMI,kg/m²,여,30~34세,9,18.5,통계연보 구간분포 보간
BMI,kg/m²,여,30~34세,10,18.6,통계연보 구간분포 보간
BMI,kg/m²,여,30~34세,11,18.7,통계연보 구간분포 보간
BMI,kg/m²,여,30~34세,12,18.8,통계연보 구간분포 보간
BMI,kg/m²,여,30~34세,13,18.9,통계연보 구간분포 보간
BMI,kg/m²,여,30~34세,14,19,통계연보 구간분포 보간
BMI,kg/m²,여,30~34세,15,19.1,통계연보 구간분포 보간
BMI,kg/m²,여,30~34세,16,19.2,통계연보 구간분포 보간
BMI,kg/m²,여,30~34세,17,19.3,통계연보 구간분포 보간
BMI,kg/m²,여,30~34세,18,19.4,통계연보 구간분포 보간
BMI,kg/m²,여,30~34세,19,19.5,통계연보 구간분포 보간
BMI,kg/m²,여,30~34세,20,19.5,통계연보 구간분포 보간
BMI,kg/m²,여,30~34세,21,19.6,통계연보 구간분포 보간
BMI,kg/m²,여,30~34세,22,19.7,통계연보 구간분포 보간
BMI,kg/m²,여,30~34세,23,19.8,통계연보 구간분포 보간
BMI,kg/m²,여,30~34세,24,19.9,통계연보 구간분포 보간
BMI,kg/m²,여,30~34세,25,20,통계연보 구간분포 보간
BMI,kg/m²,여,30~34세,26,20.1,통계연보 구간분포 보간
BMI,kg/m²,여,30~34세,27,20.2,통계연보 구간분포 보간
BMI,kg/m²,여,30~34세,28,20.3,통계연보 구간분포 보간
BMI,kg/m²,여,30~34세,29,20.4,통계연보 구간분포 보간
BMI,kg/m²,여,30~34세,30,20.5,통계연보 구간분포 보간
BMI,kg/m²,여,30~34세,31,20.6,통계연보 구간분포 보간
BMI,kg/m²,여,30~34세,32,20.7,통계연보 구간분포 보간
BMI,kg/m²,여,30~34세,33,20.8,통계연보 구간분포 보간
BMI,kg/m²,여,30~34세,34,20.9,통계연보 구간분포 보간
BMI,kg/m²,여,30~34세,35,21,통계연보 구간분포 보간
BMI,kg/m²,여,30~34세,36,21.1,통계연보 구간분포 보간
BMI,kg/m²,여,30~34세,37,21.2,통계연보 구간분포 보간
BMI,kg/m²,여,30~34세,38,21.3,통계연보 구간분포 보간
BMI,kg/m²,여,30~34세,39,21.4,통계연보 구간분포 보간
BMI,kg/m²,여,30~34세,40,21.5,통계연보 구간분포 보간
BMI,kg/m²,여,30~34세,41,21.5,통계연보 구간분포 보간
BMI,kg/m²,여,30~34세,42,21.6,통계연보 구간분포 보간
BMI,kg/m²,여,30~34세,43,21.7,통계연보 구간분포 보간
BMI,kg/m²,여,30~34세,44,21.8,통계연보 구간분포 보간
BMI,kg/m²,여,30~34세,45,21.9,통계연보 구간분포 보간
BMI,kg/m²,여,30~34세,46,22,통계연보 구간분포 보간
BMI,kg/m²,여,30~34세,47,22.1,통계연보 구간분포 보간
BMI,kg/m²,여,30~34세,48,22.2,통계연보 구간분포 보간
BMI,kg/m²,여,30~34세,49,22.3,통계연보 구간분포 보간
BMI,kg/m²,여,30~34세,50,22.4,통계연보 구간분포 보간
BMI,kg/m²,여,30~34세,51,22.5,통계연보 구간분포 보간
BMI,kg/m²,여,30~34세,52,22.6,통계연보 구간분포 보간
BMI,kg/m²,여,30~34세,53,22.7,통계연보 구간분포 보간
BMI,kg/m²,여,30~34세,54,22.8,통계연보 구간분포 보간
BMI,kg/m²,여,30~34세,55,22.9,통계연보 구간분포 보간
BMI,kg/m²,여,30~34세,56,23,통계연보 구간분포 보간
BMI,kg/m²,여,30~34세,57,23.1,통계연보 구간분포 보간
BMI,kg/m²,여,30~34세,58,23.2,통계연보 구간분포 보간
BMI,kg/m²,여,30~34세,59,23.3,통계연보 구간분포 보간
BMI,kg/m²,여,30~34세,60,23.4,통계연보 구간분포 보간
BMI,kg/m²,여,30~34세,61,23.5,통계연보 구간분포 보간
BMI,kg/m²,여,30~34세,62,23.5,통계연보 구간분포 보간
BMI,kg/m²,여,30~34세,63,23.6,통계연보 구간분포 보간
BMI,kg/m²,여,30~34세,64,23.7,통계연보 구간분포 보간
BMI,kg/m²,여,30~34세,65,23.8,통계연보 구간분포 보간
BMI,kg/m²,여,30~34세,66,23.9,통계연보 구간분포 보간
BMI,kg/m²,여,30~34세,67,24,통계연보 구간분포 보간
BMI,kg/m²,여,30~34세,68,24.1,통계연보 구간분포 보간
BMI,kg/m²,여,30~34세,69,24.2,통계연보 구간분포 보간
BMI,kg/m²,여,30~34세,70,24.3,통계연보 구간분포 보간
BMI,kg/m²,여,30~34세,71,24.4,통계연보 구간분포 보간
BMI,kg/m²,여,30~34세,72,24.5,통계연보 구간분포 보간
BMI,kg/m²,여,30~34세,73,24.6,통계연보 구간분포 보간
BMI,kg/m²,여,30~34세,74,24.7,통계연보 구간분포 보간
BMI,kg/m²,여,30~34세,75,24.8,통계연보 구간분포 보간
BMI,kg/m²,여,30~34세,76,24.9,통계연보 구간분포 보간
BMI,kg/m²,여,30~34세,77,25,통계연보 구간분포 보간
BMI,kg/m²,여,30~34세,78,25.2,통계연보 구간분포 보간
BMI,kg/m²,여,30~34세,79,25.6,통계연보 구간분포 보간
BMI,kg/m²,여,30~34세,80,25.9,통계연보 구간분포 보간
BMI,kg/m²,여,30~34세,81,26.2,통계연보 구간분포 보간
BMI,kg/m²,여,30~34세,82,26.5,통계연보 구간분포 보간
BMI,kg/m²,여,30~34세,83,26.8,통계연보 구간분포 보간
BMI,kg/m²,여,30~34세,84,27.1,통계연보 구간분포 보간
BMI,kg/m²,여,30~34세,85,27.5,통계연보 구간분포 보간
BMI,kg/m²,여,30~34세,86,27.8,통계연보 구간분포 보간
BMI,kg/m²,여,30~34세,87,28.1,통계연보 구간분포 보간
BMI,kg/m²,여,30~34세,88,28.4,통계연보 구간분포 보간
BMI,kg/m²,여,30~34세,89,28.7,통계연보 구간분포 보간
BMI,kg/m²,여,30~34세,90,29.1,통계연보 구간분포 보간
BMI,kg/m²,여,30~34세,91,29.4,통계연보 구간분포 보간
BMI,kg/m²,여,30~34세,92,29.7,통계연보 구간분포 보간
BMI,kg/m²,여,30~34세,93,30.1,통계연보 구간분포 보간
BMI,kg/m²,여,30~34세,94,31.6,통계연보 구간분포 보간
BMI,kg/m²,여,30~34세,95,33.1,통계연보 구간분포 보간
BMI,kg/m²,여,30~34세,96,34.6,통계연보 구간분포 보간
BMI,kg/m²,여,30~34세,97,36.1,통계연보 구간분포 보간
BMI,kg/m²,여,30~34세,98,37.7,통계연보 구간분포 보간
BMI,kg/m²,여,30~34세,99,39.2,통계연보 구간분포 보간
BMI,kg/m²,여,30~34세,100,50,통계연보 구간분포 보간
BMI,kg/m²,남,35~39세,1,18.5,통계연보 구간분포 보간
BMI,kg/m²,남,35~39세,2,18.7,통계연보 구간분포 보간
BMI,kg/m²,남,35~39세,3,18.9,통계연보 구간분포 보간
BMI,kg/m²,남,35~39세,4,19,통계연보 구간분포 보간
BMI,kg/m²,남,35~39세,5,19.2,통계연보 구간분포 보간
BMI,kg/m²,남,35~39세,6,19.3,통계연보 구간분포 보간
BMI,kg/m²,남,35~39세,7,19.5,통계연보 구간분포 보간
BMI,kg/m²,남,35~39세,8,19.7,통계연보 구간분포 보간
BMI,kg/m²,남,35~39세,9,19.8,통계연보 구간분포 보간
BMI,kg/m²,남,35~39세,10,20,통계연보 구간분포 보간
BMI,kg/m²,남,35~39세,11,20.2,통계연보 구간분포 보간
BMI,kg/m²,남,35~39세,12,20.3,통계연보 구간분포 보간
BMI,kg/m²,남,35~39세,13,20.5,통계연보 구간분포 보간
BMI,kg/m²,남,35~39세,14,20.6,통계연보 구간분포 보간
BMI,kg/m²,남,35~39세,15,20.8,통계연보 구간분포 보간
BMI,kg/m²,남,35~39세,16,21,통계연보 구간분포 보간
BMI,kg/m²,남,35~39세,17,21.1,통계연보 구간분포 보간
BMI,kg/m²,남,35~39세,18,21.3,통계연보 구간분포 보간
BMI,kg/m²,남,35~39세,19,21.5,통계연보 구간분포 보간
BMI,kg/m²,남,35~39세,20,21.6,통계연보 구간분포 보간
BMI,kg/m²,남,35~39세,21,21.8,통계연보 구간분포 보간
BMI,kg/m²,남,35~39세,22,21.9,통계연보 구간분포 보간
BMI,kg/m²,남,35~39세,23,22.1,통계연보 구간분포 보간
BMI,kg/m²,남,35~39세,24,22.3,통계연보 구간분포 보간
BMI,kg/m²,남,35~39세,25,22.4,통계연보 구간분포 보간
BMI,kg/m²,남,35~39세,26,22.6,통계연보 구간분포 보간
BMI,kg/m²,남,35~39세,27,22.8,통계연보 구간분포 보간
BMI,kg/m²,남,35~39세,28,22.9,통계연보 구간분포 보간
BMI,kg/m²,남,35~39세,29,23.1,통계연보 구간분포 보간
BMI,kg/m²,남,35~39세,30,23.2,통계연보 구간분포 보간
BMI,kg/m²,남,35~39세,31,23.4,통계연보 구간분포 보간
BMI,kg/m²,남,35~39세,32,23.6,통계연보 구간분포 보간
BMI,kg/m²,남,35~39세,33,23.7,통계연보 구간분포 보간
BMI,kg/m²,남,35~39세,34,23.9,통계연보 구간분포 보간
BMI,kg/m²,남,35~39세,35,24,통계연보 구간분포 보간
BMI,kg/m²,남,35~39세,36,24.2,통계연보 구간분포 보간
BMI,kg/m²,남,35~39세,37,24.4,통계연보 구간분포 보간
BMI,kg/m²,남,35~39세,38,24.5,통계연보 구간분포 보간
BMI,kg/m²,남,35~39세,39,24.7,통계연보 구간분포 보간
BMI,kg/m²,남,35~39세,40,24.9,통계연보 구간분포 보간
BMI,kg/m²,남,35~39세,41,25,통계연보 구간분포 보간
BMI,kg/m²,남,35~39세,42,25.1,통계연보 구간분포 보간
BMI,kg/m²,남,35~39세,43,25.2,통계연보 구간분포 보간
BMI,kg/m²,남,35~39세,44,25.4,통계연보 구간분포 보간
BMI,kg/m²,남,35~39세,45,25.5,통계연보 구간분포 보간
BMI,kg/m²,남,35~39세,46,25.6,통계연보 구간분포 보간
BMI,kg/m²,남,35~39세,47,25.7,통계연보 구간분포 보간
BMI,kg/m²,남,35~39세,48,25.8,통계연보 구간분포 보간
BMI,kg/m²,남,35~39세,49,25.9,통계연보 구간분포 보간
BMI,kg/m²,남,35~39세,50,26.1,통계연보 구간분포 보간
BMI,kg/m²,남,35~39세,51,26.2,통계연보 구간분포 보간
BMI,kg/m²,남,35~39세,52,26.3,통계연보 구간분포 보간
BMI,kg/m²,남,35~39세,53,26.4,통계연보 구간분포 보간
BMI,kg/m²,남,35~39세,54,26.5,통계연보 구간분포 보간
BMI,kg/m²,남,35~39세,55,26.6,통계연보 구간분포 보간
BMI,kg/m²,남,35~39세,56,26.8,통계연보 구간분포 보간
BMI,kg/m²,남,35~39세,57,26.9,통계연보 구간분포 보간
BMI,kg/m²,남,35~39세,58,27,통계연보 구간분포 보간
BMI,kg/m²,남,35~39세,59,27.1,통계연보 구간분포 보간
BMI,kg/m²,남,35~39세,60,27.2,통계연보 구간분포 보간
BMI,kg/m²,남,35~39세,61,27.3,통계연보 구간분포 보간
BMI,kg/m²,남,35~39세,62,27.4,통계연보 구간분포 보간
BMI,kg/m²,남,35~39세,63,27.6,통계연보 구간분포 보간
BMI,kg/m²,남,35~39세,64,27.7,통계연보 구간분포 보간
BMI,kg/m²,남,35~39세,65,27.8,통계연보 구간분포 보간
BMI,kg/m²,남,35~39세,66,27.9,통계연보 구간분포 보간
BMI,kg/m²,남,35~39세,67,28,통계연보 구간분포 보간
BMI,kg/m²,남,35~39세,68,28.1,통계연보 구간분포 보간
BMI,kg/m²,남,35~39세,69,28.3,통계연보 구간분포 보간
BMI,kg/m²,남,35~39세,70,28.4,통계연보 구간분포 보간
BMI,kg/m²,남,35~39세,71,28.5,통계연보 구간분포 보간
BMI,kg/m²,남,35~39세,72,28.6,통계연보 구간분포 보간
BMI,kg/m²,남,35~39세,73,28.7,통계연보 구간분포 보간
BMI,kg/m²,남,35~39세,74,28.8,통계연보 구간분포 보간
BMI,kg/m²,남,35~39세,75,28.9,통계연보 구간분포 보간
BMI,kg/m²,남,35~39세,76,29.1,통계연보 구간분포 보간
BMI,kg/m²,남,35~39세,77,29.2,통계연보 구간분포 보간
BMI,kg/m²,남,35~39세,78,29.3,통계연보 구간분포 보간
BMI,kg/m²,남,35~39세,79,29.4,통계연보 구간분포 보간
BMI,kg/m²,남,35~39세,80,29.5,통계연보 구간분포 보간
BMI,kg/m²,남,35~39세,81,29.6,통계연보 구간분포 보간
BMI,kg/m²,남,35~39세,82,29.8,통계연보 구간분포 보간
BMI,kg/m²,남,35~39세,83,29.9,통계연보 구간분포 보간
BMI,kg/m²,남,35~39세,84,30,통계연보 구간분포 보간
BMI,kg/m²,남,35~39세,85,30.6,통계연보 구간분포 보간
BMI,kg/m²,남,35~39세,86,31.3,통계연보 구간분포 보간
BMI,kg/m²,남,35~39세,87,31.9,통계연보 구간분포 보간
BMI,kg/m²,남,35~39세,88,32.6,통계연보 구간분포 보간
BMI,kg/m²,남,35~39세,89,33.2,통계연보 구간분포 보간
BMI,kg/m²,남,35~39세,90,33.9,통계연보 구간분포 보간
BMI,kg/m²,남,35~39세,91,34.5,통계연보 구간분포 보간
BMI,kg/m²,남,35~39세,92,35.2,통계연보 구간분포 보간
BMI,kg/m²,남,35~39세,93,35.8,통계연보 구간분포 보간
BMI,kg/m²,남,35~39세,94,36.5,통계연보 구간분포 보간
BMI,kg/m²,남,35~39세,95,37.1,통계연보 구간분포 보간
BMI,kg/m²,남,35~39세,96,37.8,통계연보 구간분포 보간
BMI,kg/m²,남,35~39세,97,38.5,통계연보 구간분포 보간
BMI,kg/m²,남,35~39세,98,39.1,통계연보 구간분포 보간
BMI,kg/m²,남,35~39세,99,39.8,통계연보 구간분포 보간
BMI,kg/m²,남,35~39세,100,50,통계연보 구간분포 보간
BMI,kg/m²,여,35~39세,1,14.6,통계연보 구간분포 보간
BMI,kg/m²,여,35~39세,2,15.2,통계연보 구간분포 보간
BMI,kg/m²,여,35~39세,3,15.8,통계연보 구간분포 보간
BMI,kg/m²,여,35~39세,4,16.5,통계연보 구간분포 보간
BMI,kg/m²,여,35~39세,5,17.1,통계연보 구간분포 보간
BMI,kg/m²,여,35~39세,6,17.7,통계연보 구간분포 보간
BMI,kg/m²,여,35~39세,7,18.3,통계연보 구간분포 보간
BMI,kg/m²,여,35~39세,8,18.6,통계연보 구간분포 보간
BMI,kg/m²,여,35~39세,9,18.7,통계연보 구간분포 보간
BMI,kg/m²,여,35~39세,10,18.8,통계연보 구간분포 보간
BMI,kg/m²,여,35~39세,11,18.9,통계연보 구간분포 보간
BMI,kg/m²,여,35~39세,12,19,통계연보 구간분포 보간
BMI,kg/m²,여,35~39세,13,19.1,통계연보 구간분포 보간
BMI,kg/m²,여,35~39세,14,19.1,통계연보 구간분포 보간
BMI,kg/m²,여,35~39세,15,19.2,통계연보 구간분포 보간
BMI,kg/m²,여,35~39세,16,19.3,통계연보 구간분포 보간
BMI,kg/m²,여,35~39세,17,19.4,통계연보 구간분포 보간
BMI,kg/m²,여,35~39세,18,19.5,통계연보 구간분포 보간
BMI,kg/m²,여,35~39세,19,19.6,통계연보 구간분포 보간
BMI,kg/m²,여,35~39세,20,19.7,통계연보 구간분포 보간
BMI,kg/m²,여,35~39세,21,19.8,통계연보 구간분포 보간
BMI,kg/m²,여,35~39세,22,19.9,통계연보 구간분포 보간
BMI,kg/m²,여,35~39세,23,20,통계연보 구간분포 보간
BMI,kg/m²,여,35~39세,24,20.1,통계연보 구간분포 보간
BMI,kg/m²,여,35~39세,25,20.2,통계연보 구간분포 보간
BMI,kg/m²,여,35~39세,26,20.3,통계연보 구간분포 보간
BMI,kg/m²,여,35~39세,27,20.4,통계연보 구간분포 보간
BMI,kg/m²,여,35~39세,28,20.5,통계연보 구간분포 보간
BMI,kg/m²,여,35~39세,29,20.6,통계연보 구간분포 보간
BMI,kg/m²,여,35~39세,30,20.7,통계연보 구간분포 보간
BMI,kg/m²,여,35~39세,31,20.8,통계연보 구간분포 보간
BMI,kg/m²,여,35~39세,32,20.9,통계연보 구간분포 보간
BMI,kg/m²,여,35~39세,33,21,통계연보 구간분포 보간
BMI,kg/m²,여,35~39세,34,21.1,통계연보 구간분포 보간
BMI,kg/m²,여,35~39세,35,21.2,통계연보 구간분포 보간
BMI,kg/m²,여,35~39세,36,21.3,통계연보 구간분포 보간
BMI,kg/m²,여,35~39세,37,21.4,통계연보 구간분포 보간
BMI,kg/m²,여,35~39세,38,21.5,통계연보 구간분포 보간
BMI,kg/m²,여,35~39세,39,21.6,통계연보 구간분포 보간
BMI,kg/m²,여,35~39세,40,21.7,통계연보 구간분포 보간
BMI,kg/m²,여,35~39세,41,21.8,통계연보 구간분포 보간
BMI,kg/m²,여,35~39세,42,21.9,통계연보 구간분포 보간
BMI,kg/m²,여,35~39세,43,22,통계연보 구간분포 보간
BMI,kg/m²,여,35~39세,44,22.1,통계연보 구간분포 보간
BMI,kg/m²,여,35~39세,45,22.2,통계연보 구간분포 보간
BMI,kg/m²,여,35~39세,46,22.3,통계연보 구간분포 보간
BMI,kg/m²,여,35~39세,47,22.4,통계연보 구간분포 보간
BMI,kg/m²,여,35~39세,48,22.5,통계연보 구간분포 보간
BMI,kg/m²,여,35~39세,49,22.6,통계연보 구간분포 보간
BMI,kg/m²,여,35~39세,50,22.7,통계연보 구간분포 보간
BMI,kg/m²,여,35~39세,51,22.8,통계연보 구간분포 보간
BMI,kg/m²,여,35~39세,52,22.9,통계연보 구간분포 보간
BMI,kg/m²,여,35~39세,53,23,통계연보 구간분포 보간
BMI,kg/m²,여,35~39세,54,23.1,통계연보 구간분포 보간
BMI,kg/m²,여,35~39세,55,23.1,통계연보 구간분포 보간
BMI,kg/m²,여,35~39세,56,23.2,통계연보 구간분포 보간
BMI,kg/m²,여,35~39세,57,23.3,통계연보 구간분포 보간
BMI,kg/m²,여,35~39세,58,23.4,통계연보 구간분포 보간
BMI,kg/m²,여,35~39세,59,23.5,통계연보 구간분포 보간
BMI,kg/m²,여,35~39세,60,23.6,통계연보 구간분포 보간
BMI,kg/m²,여,35~39세,61,23.7,통계연보 구간분포 보간
BMI,kg/m²,여,35~39세,62,23.8,통계연보 구간분포 보간
BMI,kg/m²,여,35~39세,63,23.9,통계연보 구간분포 보간
BMI,kg/m²,여,35~39세,64,24,통계연보 구간분포 보간
BMI,kg/m²,여,35~39세,65,24.1,통계연보 구간분포 보간
BMI,kg/m²,여,35~39세,66,24.2,통계연보 구간분포 보간
BMI,kg/m²,여,35~39세,67,24.3,통계연보 구간분포 보간
BMI,kg/m²,여,35~39세,68,24.4,통계연보 구간분포 보간
BMI,kg/m²,여,35~39세,69,24.5,통계연보 구간분포 보간
BMI,kg/m²,여,35~39세,70,24.6,통계연보 구간분포 보간
BMI,kg/m²,여,35~39세,71,24.7,통계연보 구간분포 보간
BMI,kg/m²,여,35~39세,72,24.8,통계연보 구간분포 보간
BMI,kg/m²,여,35~39세,73,24.9,통계연보 구간분포 보간
BMI,kg/m²,여,35~39세,74,25,통계연보 구간분포 보간
BMI,kg/m²,여,35~39세,75,25.3,통계연보 구간분포 보간
BMI,kg/m²,여,35~39세,76,25.6,통계연보 구간분포 보간
BMI,kg/m²,여,35~39세,77,25.8,통계연보 구간분포 보간
BMI,kg/m²,여,35~39세,78,26.1,통계연보 구간분포 보간
BMI,kg/m²,여,35~39세,79,26.4,통계연보 구간분포 보간
BMI,kg/m²,여,35~39세,80,26.7,통계연보 구간분포 보간
BMI,kg/m²,여,35~39세,81,26.9,통계연보 구간분포 보간
BMI,kg/m²,여,35~39세,82,27.2,통계연보 구간분포 보간
BMI,kg/m²,여,35~39세,83,27.5,통계연보 구간분포 보간
BMI,kg/m²,여,35~39세,84,27.8,통계연보 구간분포 보간
BMI,kg/m²,여,35~39세,85,28,통계연보 구간분포 보간
BMI,kg/m²,여,35~39세,86,28.3,통계연보 구간분포 보간
BMI,kg/m²,여,35~39세,87,28.6,통계연보 구간분포 보간
BMI,kg/m²,여,35~39세,88,28.9,통계연보 구간분포 보간
BMI,kg/m²,여,35~39세,89,29.1,통계연보 구간분포 보간
BMI,kg/m²,여,35~39세,90,29.4,통계연보 구간분포 보간
BMI,kg/m²,여,35~39세,91,29.7,통계연보 구간분포 보간
BMI,kg/m²,여,35~39세,92,30,통계연보 구간분포 보간
BMI,kg/m²,여,35~39세,93,31.1,통계연보 구간분포 보간
BMI,kg/m²,여,35~39세,94,32.5,통계연보 구간분포 보간
BMI,kg/m²,여,35~39세,95,33.8,통계연보 구간분포 보간
BMI,kg/m²,여,35~39세,96,35.2,통계연보 구간분포 보간
BMI,kg/m²,여,35~39세,97,36.5,통계연보 구간분포 보간
BMI,kg/m²,여,35~39세,98,37.9,통계연보 구간분포 보간
BMI,kg/m²,여,35~39세,99,39.3,통계연보 구간분포 보간
BMI,kg/m²,여,35~39세,100,50,통계연보 구간분포 보간
BMI,kg/m²,남,40~44세,1,18.5,통계연보 구간분포 보간
BMI,kg/m²,남,40~44세,2,18.7,통계연보 구간분포 보간
BMI,kg/m²,남,40~44세,3,18.8,통계연보 구간분포 보간
BMI,kg/m²,남,40~44세,4,19,통계연보 구간분포 보간
BMI,kg/m²,남,40~44세,5,19.2,통계연보 구간분포 보간
BMI,kg/m²,남,40~44세,6,19.3,통계연보 구간분포 보간
BMI,kg/m²,남,40~44세,7,19.5,통계연보 구간분포 보간
BMI,kg/m²,남,40~44세,8,19.6,통계연보 구간분포 보간
BMI,kg/m²,남,40~44세,9,19.8,통계연보 구간분포 보간
BMI,kg/m²,남,40~44세,10,19.9,통계연보 구간분포 보간
BMI,kg/m²,남,40~44세,11,20.1,통계연보 구간분포 보간
BMI,kg/m²,남,40~44세,12,20.3,통계연보 구간분포 보간
BMI,kg/m²,남,40~44세,13,20.4,통계연보 구간분포 보간
BMI,kg/m²,남,40~44세,14,20.6,통계연보 구간분포 보간
BMI,kg/m²,남,40~44세,15,20.7,통계연보 구간분포 보간
BMI,kg/m²,남,40~44세,16,20.9,통계연보 구간분포 보간
BMI,kg/m²,남,40~44세,17,21,통계연보 구간분포 보간
BMI,kg/m²,남,40~44세,18,21.2,통계연보 구간분포 보간
BMI,kg/m²,남,40~44세,19,21.4,통계연보 구간분포 보간
BMI,kg/m²,남,40~44세,20,21.5,통계연보 구간분포 보간
BMI,kg/m²,남,40~44세,21,21.7,통계연보 구간분포 보간
BMI,kg/m²,남,40~44세,22,21.8,통계연보 구간분포 보간
BMI,kg/m²,남,40~44세,23,22,통계연보 구간분포 보간
BMI,kg/m²,남,40~44세,24,22.1,통계연보 구간분포 보간
BMI,kg/m²,남,40~44세,25,22.3,통계연보 구간분포 보간
BMI,kg/m²,남,40~44세,26,22.5,통계연보 구간분포 보간
BMI,kg/m²,남,40~44세,27,22.6,통계연보 구간분포 보간
BMI,kg/m²,남,40~44세,28,22.8,통계연보 구간분포 보간
BMI,kg/m²,남,40~44세,29,22.9,통계연보 구간분포 보간
BMI,kg/m²,남,40~44세,30,23.1,통계연보 구간분포 보간
BMI,kg/m²,남,40~44세,31,23.2,통계연보 구간분포 보간
BMI,kg/m²,남,40~44세,32,23.4,통계연보 구간분포 보간
BMI,kg/m²,남,40~44세,33,23.6,통계연보 구간분포 보간
BMI,kg/m²,남,40~44세,34,23.7,통계연보 구간분포 보간
BMI,kg/m²,남,40~44세,35,23.9,통계연보 구간분포 보간
BMI,kg/m²,남,40~44세,36,24,통계연보 구간분포 보간
BMI,kg/m²,남,40~44세,37,24.2,통계연보 구간분포 보간
BMI,kg/m²,남,40~44세,38,24.3,통계연보 구간분포 보간
BMI,kg/m²,남,40~44세,39,24.5,통계연보 구간분포 보간
BMI,kg/m²,남,40~44세,40,24.7,통계연보 구간분포 보간
BMI,kg/m²,남,40~44세,41,24.8,통계연보 구간분포 보간
BMI,kg/m²,남,40~44세,42,25,통계연보 구간분포 보간
BMI,kg/m²,남,40~44세,43,25.1,통계연보 구간분포 보간
BMI,kg/m²,남,40~44세,44,25.2,통계연보 구간분포 보간
BMI,kg/m²,남,40~44세,45,25.3,통계연보 구간분포 보간
BMI,kg/m²,남,40~44세,46,25.4,통계연보 구간분포 보간
BMI,kg/m²,남,40~44세,47,25.5,통계연보 구간분포 보간
BMI,kg/m²,남,40~44세,48,25.7,통계연보 구간분포 보간
BMI,kg/m²,남,40~44세,49,25.8,통계연보 구간분포 보간
BMI,kg/m²,남,40~44세,50,25.9,통계연보 구간분포 보간
BMI,kg/m²,남,40~44세,51,26,통계연보 구간분포 보간
BMI,kg/m²,남,40~44세,52,26.1,통계연보 구간분포 보간
BMI,kg/m²,남,40~44세,53,26.2,통계연보 구간분포 보간
BMI,kg/m²,남,40~44세,54,26.3,통계연보 구간분포 보간
BMI,kg/m²,남,40~44세,55,26.4,통계연보 구간분포 보간
BMI,kg/m²,남,40~44세,56,26.6,통계연보 구간분포 보간
BMI,kg/m²,남,40~44세,57,26.7,통계연보 구간분포 보간
BMI,kg/m²,남,40~44세,58,26.8,통계연보 구간분포 보간
BMI,kg/m²,남,40~44세,59,26.9,통계연보 구간분포 보간
BMI,kg/m²,남,40~44세,60,27,통계연보 구간분포 보간
BMI,kg/m²,남,40~44세,61,27.1,통계연보 구간분포 보간
BMI,kg/m²,남,40~44세,62,27.2,통계연보 구간분포 보간
BMI,kg/m²,남,40~44세,63,27.3,통계연보 구간분포 보간
BMI,kg/m²,남,40~44세,64,27.5,통계연보 구간분포 보간
BMI,kg/m²,남,40~44세,65,27.6,통계연보 구간분포 보간
BMI,kg/m²,남,40~44세,66,27.7,통계연보 구간분포 보간
BMI,kg/m²,남,40~44세,67,27.8,통계연보 구간분포 보간
BMI,kg/m²,남,40~44세,68,27.9,통계연보 구간분포 보간
BMI,kg/m²,남,40~44세,69,28,통계연보 구간분포 보간
BMI,kg/m²,남,40~44세,70,28.1,통계연보 구간분포 보간
BMI,kg/m²,남,40~44세,71,28.3,통계연보 구간분포 보간
BMI,kg/m²,남,40~44세,72,28.4,통계연보 구간분포 보간
BMI,kg/m²,남,40~44세,73,28.5,통계연보 구간분포 보간
BMI,kg/m²,남,40~44세,74,28.6,통계연보 구간분포 보간
BMI,kg/m²,남,40~44세,75,28.7,통계연보 구간분포 보간
BMI,kg/m²,남,40~44세,76,28.8,통계연보 구간분포 보간
BMI,kg/m²,남,40~44세,77,28.9,통계연보 구간분포 보간
BMI,kg/m²,남,40~44세,78,29,통계연보 구간분포 보간
BMI,kg/m²,남,40~44세,79,29.2,통계연보 구간분포 보간
BMI,kg/m²,남,40~44세,80,29.3,통계연보 구간분포 보간
BMI,kg/m²,남,40~44세,81,29.4,통계연보 구간분포 보간
BMI,kg/m²,남,40~44세,82,29.5,통계연보 구간분포 보간
BMI,kg/m²,남,40~44세,83,29.6,통계연보 구간분포 보간
BMI,kg/m²,남,40~44세,84,29.7,통계연보 구간분포 보간
BMI,kg/m²,남,40~44세,85,29.8,통계연보 구간분포 보간
BMI,kg/m²,남,40~44세,86,29.9,통계연보 구간분포 보간
BMI,kg/m²,남,40~44세,87,30.4,통계연보 구간분포 보간
BMI,kg/m²,남,40~44세,88,31.2,통계연보 구간분포 보간
BMI,kg/m²,남,40~44세,89,31.9,통계연보 구간분포 보간
BMI,kg/m²,남,40~44세,90,32.7,통계연보 구간분포 보간
BMI,kg/m²,남,40~44세,91,33.4,통계연보 구간분포 보간
BMI,kg/m²,남,40~44세,92,34.2,통계연보 구간분포 보간
BMI,kg/m²,남,40~44세,93,35,통계연보 구간분포 보간
BMI,kg/m²,남,40~44세,94,35.7,통계연보 구간분포 보간
BMI,kg/m²,남,40~44세,95,36.5,통계연보 구간분포 보간
BMI,kg/m²,남,40~44세,96,37.2,통계연보 구간분포 보간
BMI,kg/m²,남,40~44세,97,38,통계연보 구간분포 보간
BMI,kg/m²,남,40~44세,98,38.8,통계연보 구간분포 보간
BMI,kg/m²,남,40~44세,99,39.5,통계연보 구간분포 보간
BMI,kg/m²,남,40~44세,100,50,통계연보 구간분포 보간
BMI,kg/m²,여,40~44세,1,14.7,통계연보 구간분포 보간
BMI,kg/m²,여,40~44세,2,15.4,통계연보 구간분포 보간
BMI,kg/m²,여,40~44세,3,16.1,통계연보 구간분포 보간
BMI,kg/m²,여,40~44세,4,16.8,통계연보 구간분포 보간
BMI,kg/m²,여,40~44세,5,17.6,통계연보 구간분포 보간
BMI,kg/m²,여,40~44세,6,18.3,통계연보 구간분포 보간
BMI,kg/m²,여,40~44세,7,18.6,통계연보 구간분포 보간
BMI,kg/m²,여,40~44세,8,18.7,통계연보 구간분포 보간
BMI,kg/m²,여,40~44세,9,18.8,통계연보 구간분포 보간
BMI,kg/m²,여,40~44세,10,18.9,통계연보 구간분포 보간
BMI,kg/m²,여,40~44세,11,18.9,통계연보 구간분포 보간
BMI,kg/m²,여,40~44세,12,19,통계연보 구간분포 보간
BMI,kg/m²,여,40~44세,13,19.1,통계연보 구간분포 보간
BMI,kg/m²,여,40~44세,14,19.2,통계연보 구간분포 보간
BMI,kg/m²,여,40~44세,15,19.3,통계연보 구간분포 보간
BMI,kg/m²,여,40~44세,16,19.4,통계연보 구간분포 보간
BMI,kg/m²,여,40~44세,17,19.5,통계연보 구간분포 보간
BMI,kg/m²,여,40~44세,18,19.6,통계연보 구간분포 보간
BMI,kg/m²,여,40~44세,19,19.7,통계연보 구간분포 보간
BMI,kg/m²,여,40~44세,20,19.8,통계연보 구간분포 보간
BMI,kg/m²,여,40~44세,21,19.9,통계연보 구간분포 보간
BMI,kg/m²,여,40~44세,22,20,통계연보 구간분포 보간
BMI,kg/m²,여,40~44세,23,20.1,통계연보 구간분포 보간
BMI,kg/m²,여,40~44세,24,20.2,통계연보 구간분포 보간
BMI,kg/m²,여,40~44세,25,20.3,통계연보 구간분포 보간
BMI,kg/m²,여,40~44세,26,20.4,통계연보 구간분포 보간
BMI,kg/m²,여,40~44세,27,20.5,통계연보 구간분포 보간
BMI,kg/m²,여,40~44세,28,20.6,통계연보 구간분포 보간
BMI,kg/m²,여,40~44세,29,20.7,통계연보 구간분포 보간
BMI,kg/m²,여,40~44세,30,20.8,통계연보 구간분포 보간
BMI,kg/m²,여,40~44세,31,20.9,통계연보 구간분포 보간
BMI,kg/m²,여,40~44세,32,21,통계연보 구간분포 보간
BMI,kg/m²,여,40~44세,33,21.1,통계연보 구간분포 보간
BMI,kg/m²,여,40~44세,34,21.2,통계연보 구간분포 보간
BMI,kg/m²,여,40~44세,35,21.3,통계연보 구간분포 보간
BMI,kg/m²,여,40~44세,36,21.4,통계연보 구간분포 보간
BMI,kg/m²,여,40~44세,37,21.4,통계연보 구간분포 보간
BMI,kg/m²,여,40~44세,38,21.5,통계연보 구간분포 보간
BMI,kg/m²,여,40~44세,39,21.6,통계연보 구간분포 보간
BMI,kg/m²,여,40~44세,40,21.7,통계연보 구간분포 보간
BMI,kg/m²,여,40~44세,41,21.8,통계연보 구간분포 보간
BMI,kg/m²,여,40~44세,42,21.9,통계연보 구간분포 보간
BMI,kg/m²,여,40~44세,43,22,통계연보 구간분포 보간
BMI,kg/m²,여,40~44세,44,22.1,통계연보 구간분포 보간
BMI,kg/m²,여,40~44세,45,22.2,통계연보 구간분포 보간
BMI,kg/m²,여,40~44세,46,22.3,통계연보 구간분포 보간
BMI,kg/m²,여,40~44세,47,22.4,통계연보 구간분포 보간
BMI,kg/m²,여,40~44세,48,22.5,통계연보 구간분포 보간
BMI,kg/m²,여,40~44세,49,22.6,통계연보 구간분포 보간
BMI,kg/m²,여,40~44세,50,22.7,통계연보 구간분포 보간
BMI,kg/m²,여,40~44세,51,22.8,통계연보 구간분포 보간
BMI,kg/m²,여,40~44세,52,22.9,통계연보 구간분포 보간
BMI,kg/m²,여,40~44세,53,23,통계연보 구간분포 보간
BMI,kg/m²,여,40~44세,54,23.1,통계연보 구간분포 보간
BMI,kg/m²,여,40~44세,55,23.2,통계연보 구간분포 보간
BMI,kg/m²,여,40~44세,56,23.3,통계연보 구간분포 보간
BMI,kg/m²,여,40~44세,57,23.4,통계연보 구간분포 보간
BMI,kg/m²,여,40~44세,58,23.5,통계연보 구간분포 보간
BMI,kg/m²,여,40~44세,59,23.6,통계연보 구간분포 보간
BMI,kg/m²,여,40~44세,60,23.7,통계연보 구간분포 보간
BMI,kg/m²,여,40~44세,61,23.8,통계연보 구간분포 보간
BMI,kg/m²,여,40~44세,62,23.9,통계연보 구간분포 보간
BMI,kg/m²,여,40~44세,63,23.9,통계연보 구간분포 보간
BMI,kg/m²,여,40~44세,64,24,통계연보 구간분포 보간
BMI,kg/m²,여,40~44세,65,24.1,통계연보 구간분포 보간
BMI,kg/m²,여,40~44세,66,24.2,통계연보 구간분포 보간
BMI,kg/m²,여,40~44세,67,24.3,통계연보 구간분포 보간
BMI,kg/m²,여,40~44세,68,24.4,통계연보 구간분포 보간
BMI,kg/m²,여,40~44세,69,24.5,통계연보 구간분포 보간
BMI,kg/m²,여,40~44세,70,24.6,통계연보 구간분포 보간
BMI,kg/m²,여,40~44세,71,24.7,통계연보 구간분포 보간
BMI,kg/m²,여,40~44세,72,24.8,통계연보 구간분포 보간
BMI,kg/m²,여,40~44세,73,24.9,통계연보 구간분포 보간
BMI,kg/m²,여,40~44세,74,25,통계연보 구간분포 보간
BMI,kg/m²,여,40~44세,75,25.3,통계연보 구간분포 보간
BMI,kg/m²,여,40~44세,76,25.5,통계연보 구간분포 보간
BMI,kg/m²,여,40~44세,77,25.8,통계연보 구간분포 보간
BMI,kg/m²,여,40~44세,78,26.1,통계연보 구간분포 보간
BMI,kg/m²,여,40~44세,79,26.3,통계연보 구간분포 보간
BMI,kg/m²,여,40~44세,80,26.6,통계연보 구간분포 보간
BMI,kg/m²,여,40~44세,81,26.8,통계연보 구간분포 보간
BMI,kg/m²,여,40~44세,82,27.1,통계연보 구간분포 보간
BMI,kg/m²,여,40~44세,83,27.4,통계연보 구간분포 보간
BMI,kg/m²,여,40~44세,84,27.6,통계연보 구간분포 보간
BMI,kg/m²,여,40~44세,85,27.9,통계연보 구간분포 보간
BMI,kg/m²,여,40~44세,86,28.2,통계연보 구간분포 보간
BMI,kg/m²,여,40~44세,87,28.4,통계연보 구간분포 보간
BMI,kg/m²,여,40~44세,88,28.7,통계연보 구간분포 보간
BMI,kg/m²,여,40~44세,89,28.9,통계연보 구간분포 보간
BMI,kg/m²,여,40~44세,90,29.2,통계연보 구간분포 보간
BMI,kg/m²,여,40~44세,91,29.5,통계연보 구간분포 보간
BMI,kg/m²,여,40~44세,92,29.7,통계연보 구간분포 보간
BMI,kg/m²,여,40~44세,93,30,통계연보 구간분포 보간
BMI,kg/m²,여,40~44세,94,31.4,통계연보 구간분포 보간
BMI,kg/m²,여,40~44세,95,32.9,통계연보 구간분포 보간
BMI,kg/m²,여,40~44세,96,34.4,통계연보 구간분포 보간
BMI,kg/m²,여,40~44세,97,35.9,통계연보 구간분포 보간
BMI,kg/m²,여,40~44세,98,37.4,통계연보 구간분포 보간
BMI,kg/m²,여,40~44세,99,38.9,통계연보 구간분포 보간
BMI,kg/m²,여,40~44세,100,50,통계연보 구간분포 보간
BMI,kg/m²,남,45~49세,1,18.5,통계연보 구간분포 보간
BMI,kg/m²,남,45~49세,2,18.7,통계연보 구간분포 보간
BMI,kg/m²,남,45~49세,3,18.8,통계연보 구간분포 보간
BMI,kg/m²,남,45~49세,4,19,통계연보 구간분포 보간
BMI,kg/m²,남,45~49세,5,19.1,통계연보 구간분포 보간
BMI,kg/m²,남,45~49세,6,19.3,통계연보 구간분포 보간
BMI,kg/m²,남,45~49세,7,19.4,통계연보 구간분포 보간
BMI,kg/m²,남,45~49세,8,19.6,통계연보 구간분포 보간
BMI,kg/m²,남,45~49세,9,19.7,통계연보 구간분포 보간
BMI,kg/m²,남,45~49세,10,19.9,통계연보 구간분포 보간
BMI,kg/m²,남,45~49세,11,20,통계연보 구간분포 보간
BMI,kg/m²,남,45~49세,12,20.2,통계연보 구간분포 보간
BMI,kg/m²,남,45~49세,13,20.3,통계연보 구간분포 보간
BMI,kg/m²,남,45~49세,14,20.5,통계연보 구간분포 보간
BMI,kg/m²,남,45~49세,15,20.6,통계연보 구간분포 보간
BMI,kg/m²,남,45~49세,16,20.8,통계연보 구간분포 보간
BMI,kg/m²,남,45~49세,17,20.9,통계연보 구간분포 보간
BMI,kg/m²,남,45~49세,18,21.1,통계연보 구간분포 보간
BMI,kg/m²,남,45~49세,19,21.2,통계연보 구간분포 보간
BMI,kg/m²,남,45~49세,20,21.4,통계연보 구간분포 보간
BMI,kg/m²,남,45~49세,21,21.5,통계연보 구간분포 보간
BMI,kg/m²,남,45~49세,22,21.6,통계연보 구간분포 보간
BMI,kg/m²,남,45~49세,23,21.8,통계연보 구간분포 보간
BMI,kg/m²,남,45~49세,24,21.9,통계연보 구간분포 보간
BMI,kg/m²,남,45~49세,25,22.1,통계연보 구간분포 보간
BMI,kg/m²,남,45~49세,26,22.2,통계연보 구간분포 보간
BMI,kg/m²,남,45~49세,27,22.4,통계연보 구간분포 보간
BMI,kg/m²,남,45~49세,28,22.5,통계연보 구간분포 보간
BMI,kg/m²,남,45~49세,29,22.7,통계연보 구간분포 보간
BMI,kg/m²,남,45~49세,30,22.8,통계연보 구간분포 보간
BMI,kg/m²,남,45~49세,31,23,통계연보 구간분포 보간
BMI,kg/m²,남,45~49세,32,23.1,통계연보 구간분포 보간
BMI,kg/m²,남,45~49세,33,23.3,통계연보 구간분포 보간
BMI,kg/m²,남,45~49세,34,23.4,통계연보 구간분포 보간
BMI,kg/m²,남,45~49세,35,23.6,통계연보 구간분포 보간
BMI,kg/m²,남,45~49세,36,23.7,통계연보 구간분포 보간
BMI,kg/m²,남,45~49세,37,23.9,통계연보 구간분포 보간
BMI,kg/m²,남,45~49세,38,24,통계연보 구간분포 보간
BMI,kg/m²,남,45~49세,39,24.2,통계연보 구간분포 보간
BMI,kg/m²,남,45~49세,40,24.3,통계연보 구간분포 보간
BMI,kg/m²,남,45~49세,41,24.5,통계연보 구간분포 보간
BMI,kg/m²,남,45~49세,42,24.6,통계연보 구간분포 보간
BMI,kg/m²,남,45~49세,43,24.8,통계연보 구간분포 보간
BMI,kg/m²,남,45~49세,44,24.9,통계연보 구간분포 보간
BMI,kg/m²,남,45~49세,45,25.1,통계연보 구간분포 보간
BMI,kg/m²,남,45~49세,46,25.2,통계연보 구간분포 보간
BMI,kg/m²,남,45~49세,47,25.3,통계연보 구간분포 보간
BMI,kg/m²,남,45~49세,48,25.4,통계연보 구간분포 보간
BMI,kg/m²,남,45~49세,49,25.5,통계연보 구간분포 보간
BMI,kg/m²,남,45~49세,50,25.6,통계연보 구간분포 보간
BMI,kg/m²,남,45~49세,51,25.7,통계연보 구간분포 보간
BMI,kg/m²,남,45~49세,52,25.8,통계연보 구간분포 보간
BMI,kg/m²,남,45~49세,53,26,통계연보 구간분포 보간
BMI,kg/m²,남,45~49세,54,26.1,통계연보 구간분포 보간
BMI,kg/m²,남,45~49세,55,26.2,통계연보 구간분포 보간
BMI,kg/m²,남,45~49세,56,26.3,통계연보 구간분포 보간
BMI,kg/m²,남,45~49세,57,26.4,통계연보 구간분포 보간
BMI,kg/m²,남,45~49세,58,26.5,통계연보 구간분포 보간
BMI,kg/m²,남,45~49세,59,26.6,통계연보 구간분포 보간
BMI,kg/m²,남,45~49세,60,26.7,통계연보 구간분포 보간
BMI,kg/m²,남,45~49세,61,26.8,통계연보 구간분포 보간
BMI,kg/m²,남,45~49세,62,27,통계연보 구간분포 보간
BMI,kg/m²,남,45~49세,63,27.1,통계연보 구간분포 보간
BMI,kg/m²,남,45~49세,64,27.2,통계연보 구간분포 보간
BMI,kg/m²,남,45~49세,65,27.3,통계연보 구간분포 보간
BMI,kg/m²,남,45~49세,66,27.4,통계연보 구간분포 보간
BMI,kg/m²,남,45~49세,67,27.5,통계연보 구간분포 보간
BMI,kg/m²,남,45~49세,68,27.6,통계연보 구간분포 보간
BMI,kg/m²,남,45~49세,69,27.7,통계연보 구간분포 보간
BMI,kg/m²,남,45~49세,70,27.9,통계연보 구간분포 보간
BMI,kg/m²,남,45~49세,71,28,통계연보 구간분포 보간
BMI,kg/m²,남,45~49세,72,28.1,통계연보 구간분포 보간
BMI,kg/m²,남,45~49세,73,28.2,통계연보 구간분포 보간
BMI,kg/m²,남,45~49세,74,28.3,통계연보 구간분포 보간
BMI,kg/m²,남,45~49세,75,28.4,통계연보 구간분포 보간
BMI,kg/m²,남,45~49세,76,28.5,통계연보 구간분포 보간
BMI,kg/m²,남,45~49세,77,28.6,통계연보 구간분포 보간
BMI,kg/m²,남,45~49세,78,28.8,통계연보 구간분포 보간
BMI,kg/m²,남,45~49세,79,28.9,통계연보 구간분포 보간
BMI,kg/m²,남,45~49세,80,29,통계연보 구간분포 보간
BMI,kg/m²,남,45~49세,81,29.1,통계연보 구간분포 보간
BMI,kg/m²,남,45~49세,82,29.2,통계연보 구간분포 보간
BMI,kg/m²,남,45~49세,83,29.3,통계연보 구간분포 보간
BMI,kg/m²,남,45~49세,84,29.4,통계연보 구간분포 보간
BMI,kg/m²,남,45~49세,85,29.5,통계연보 구간분포 보간
BMI,kg/m²,남,45~49세,86,29.6,통계연보 구간분포 보간
BMI,kg/m²,남,45~49세,87,29.8,통계연보 구간분포 보간
BMI,kg/m²,남,45~49세,88,29.9,통계연보 구간분포 보간
BMI,kg/m²,남,45~49세,89,30,통계연보 구간분포 보간
BMI,kg/m²,남,45~49세,90,30.8,통계연보 구간분포 보간
BMI,kg/m²,남,45~49세,91,31.8,통계연보 구간분포 보간
BMI,kg/m²,남,45~49세,92,32.7,통계연보 구간분포 보간
BMI,kg/m²,남,45~49세,93,33.6,통계연보 구간분포 보간
BMI,kg/m²,남,45~49세,94,34.6,통계연보 구간분포 보간
BMI,kg/m²,남,45~49세,95,35.5,통계연보 구간분포 보간
BMI,kg/m²,남,45~49세,96,36.4,통계연보 구간분포 보간
BMI,kg/m²,남,45~49세,97,37.4,통계연보 구간분포 보간
BMI,kg/m²,남,45~49세,98,38.3,통계연보 구간분포 보간
BMI,kg/m²,남,45~49세,99,39.3,통계연보 구간분포 보간
BMI,kg/m²,남,45~49세,100,50,통계연보 구간분포 보간
BMI,kg/m²,여,45~49세,1,14.9,통계연보 구간분포 보간
BMI,kg/m²,여,45~49세,2,15.8,통계연보 구간분포 보간
BMI,kg/m²,여,45~49세,3,16.7,통계연보 구간분포 보간
BMI,kg/m²,여,45~49세,4,17.6,통계연보 구간분포 보간
BMI,kg/m²,여,45~49세,5,18.4,통계연보 구간분포 보간
BMI,kg/m²,여,45~49세,6,18.6,통계연보 구간분포 보간
BMI,kg/m²,여,45~49세,7,18.7,통계연보 구간분포 보간
BMI,kg/m²,여,45~49세,8,18.8,통계연보 구간분포 보간
BMI,kg/m²,여,45~49세,9,18.9,통계연보 구간분포 보간
BMI,kg/m²,여,45~49세,10,19,통계연보 구간분포 보간
BMI,kg/m²,여,45~49세,11,19.1,통계연보 구간분포 보간
BMI,kg/m²,여,45~49세,12,19.2,통계연보 구간분포 보간
BMI,kg/m²,여,45~49세,13,19.3,통계연보 구간분포 보간
BMI,kg/m²,여,45~49세,14,19.4,통계연보 구간분포 보간
BMI,kg/m²,여,45~49세,15,19.5,통계연보 구간분포 보간
BMI,kg/m²,여,45~49세,16,19.6,통계연보 구간분포 보간
BMI,kg/m²,여,45~49세,17,19.6,통계연보 구간분포 보간
BMI,kg/m²,여,45~49세,18,19.7,통계연보 구간분포 보간
BMI,kg/m²,여,45~49세,19,19.8,통계연보 구간분포 보간
BMI,kg/m²,여,45~49세,20,19.9,통계연보 구간분포 보간
BMI,kg/m²,여,45~49세,21,20,통계연보 구간분포 보간
BMI,kg/m²,여,45~49세,22,20.1,통계연보 구간분포 보간
BMI,kg/m²,여,45~49세,23,20.2,통계연보 구간분포 보간
BMI,kg/m²,여,45~49세,24,20.3,통계연보 구간분포 보간
BMI,kg/m²,여,45~49세,25,20.4,통계연보 구간분포 보간
BMI,kg/m²,여,45~49세,26,20.5,통계연보 구간분포 보간
BMI,kg/m²,여,45~49세,27,20.6,통계연보 구간분포 보간
BMI,kg/m²,여,45~49세,28,20.7,통계연보 구간분포 보간
BMI,kg/m²,여,45~49세,29,20.8,통계연보 구간분포 보간
BMI,kg/m²,여,45~49세,30,20.9,통계연보 구간분포 보간
BMI,kg/m²,여,45~49세,31,21,통계연보 구간분포 보간
BMI,kg/m²,여,45~49세,32,21.1,통계연보 구간분포 보간
BMI,kg/m²,여,45~49세,33,21.2,통계연보 구간분포 보간
BMI,kg/m²,여,45~49세,34,21.3,통계연보 구간분포 보간
BMI,kg/m²,여,45~49세,35,21.4,통계연보 구간분포 보간
BMI,kg/m²,여,45~49세,36,21.5,통계연보 구간분포 보간
BMI,kg/m²,여,45~49세,37,21.6,통계연보 구간분포 보간
BMI,kg/m²,여,45~49세,38,21.7,통계연보 구간분포 보간
BMI,kg/m²,여,45~49세,39,21.8,통계연보 구간분포 보간
BMI,kg/m²,여,45~49세,40,21.9,통계연보 구간분포 보간
BMI,kg/m²,여,45~49세,41,22,통계연보 구간분포 보간
BMI,kg/m²,여,45~49세,42,22.1,통계연보 구간분포 보간
BMI,kg/m²,여,45~49세,43,22.1,통계연보 구간분포 보간
BMI,kg/m²,여,45~49세,44,22.2,통계연보 구간분포 보간
BMI,kg/m²,여,45~49세,45,22.3,통계연보 구간분포 보간
BMI,kg/m²,여,45~49세,46,22.4,통계연보 구간분포 보간
BMI,kg/m²,여,45~49세,47,22.5,통계연보 구간분포 보간
BMI,kg/m²,여,45~49세,48,22.6,통계연보 구간분포 보간
BMI,kg/m²,여,45~49세,49,22.7,통계연보 구간분포 보간
BMI,kg/m²,여,45~49세,50,22.8,통계연보 구간분포 보간
BMI,kg/m²,여,45~49세,51,22.9,통계연보 구간분포 보간
BMI,kg/m²,여,45~49세,52,23,통계연보 구간분포 보간
BMI,kg/m²,여,45~49세,53,23.1,통계연보 구간분포 보간
BMI,kg/m²,여,45~49세,54,23.2,통계연보 구간분포 보간
BMI,kg/m²,여,45~49세,55,23.3,통계연보 구간분포 보간
BMI,kg/m²,여,45~49세,56,23.4,통계연보 구간분포 보간
BMI,kg/m²,여,45~49세,57,23.5,통계연보 구간분포 보간
BMI,kg/m²,여,45~49세,58,23.6,통계연보 구간분포 보간
BMI,kg/m²,여,45~49세,59,23.7,통계연보 구간분포 보간
BMI,kg/m²,여,45~49세,60,23.8,통계연보 구간분포 보간
BMI,kg/m²,여,45~49세,61,23.9,통계연보 구간분포 보간
BMI,kg/m²,여,45~49세,62,24,통계연보 구간분포 보간
BMI,kg/m²,여,45~49세,63,24.1,통계연보 구간분포 보간
BMI,kg/m²,여,45~49세,64,24.2,통계연보 구간분포 보간
BMI,kg/m²,여,45~49세,65,24.3,통계연보 구간분포 보간
BMI,kg/m²,여,45~49세,66,24.4,통계연보 구간분포 보간
BMI,kg/m²,여,45~49세,67,24.5,통계연보 구간분포 보간
BMI,kg/m²,여,45~49세,68,24.5,통계연보 구간분포 보간
BMI,kg/m²,여,45~49세,69,24.6,통계연보 구간분포 보간
BMI,kg/m²,여,45~49세,70,24.7,통계연보 구간분포 보간
BMI,kg/m²,여,45~49세,71,24.8,통계연보 구간분포 보간
BMI,kg/m²,여,45~49세,72,24.9,통계연보 구간분포 보간
BMI,kg/m²,여,45~49세,73,25.1,통계연보 구간분포 보간
BMI,kg/m²,여,45~49세,74,25.3,통계연보 구간분포 보간
BMI,kg/m²,여,45~49세,75,25.6,통계연보 구간분포 보간
BMI,kg/m²,여,45~49세,76,25.8,통계연보 구간분포 보간
BMI,kg/m²,여,45~49세,77,26,통계연보 구간분포 보간
BMI,kg/m²,여,45~49세,78,26.3,통계연보 구간분포 보간
BMI,kg/m²,여,45~49세,79,26.5,통계연보 구간분포 보간
BMI,kg/m²,여,45~49세,80,26.7,통계연보 구간분포 보간
BMI,kg/m²,여,45~49세,81,27,통계연보 구간분포 보간
BMI,kg/m²,여,45~49세,82,27.2,통계연보 구간분포 보간
BMI,kg/m²,여,45~49세,83,27.5,통계연보 구간분포 보간
BMI,kg/m²,여,45~49세,84,27.7,통계연보 구간분포 보간
BMI,kg/m²,여,45~49세,85,27.9,통계연보 구간분포 보간
BMI,kg/m²,여,45~49세,86,28.2,통계연보 구간분포 보간
BMI,kg/m²,여,45~49세,87,28.4,통계연보 구간분포 보간
BMI,kg/m²,여,45~49세,88,28.6,통계연보 구간분포 보간
BMI,kg/m²,여,45~49세,89,28.9,통계연보 구간분포 보간
BMI,kg/m²,여,45~49세,90,29.1,통계연보 구간분포 보간
BMI,kg/m²,여,45~49세,91,29.4,통계연보 구간분포 보간
BMI,kg/m²,여,45~49세,92,29.6,통계연보 구간분포 보간
BMI,kg/m²,여,45~49세,93,29.8,통계연보 구간분포 보간
BMI,kg/m²,여,45~49세,94,30.5,통계연보 구간분포 보간
BMI,kg/m²,여,45~49세,95,32.2,통계연보 구간분포 보간
BMI,kg/m²,여,45~49세,96,33.8,통계연보 구간분포 보간
BMI,kg/m²,여,45~49세,97,35.4,통계연보 구간분포 보간
BMI,kg/m²,여,45~49세,98,37.1,통계연보 구간분포 보간
BMI,kg/m²,여,45~49세,99,38.7,통계연보 구간분포 보간
BMI,kg/m²,여,45~49세,100,50,통계연보 구간분포 보간
BMI,kg/m²,남,50~54세,1,18.5,통계연보 구간분포 보간
BMI,kg/m²,남,50~54세,2,18.6,통계연보 구간분포 보간
BMI,kg/m²,남,50~54세,3,18.8,통계연보 구간분포 보간
BMI,kg/m²,남,50~54세,4,18.9,통계연보 구간분포 보간
BMI,kg/m²,남,50~54세,5,19.1,통계연보 구간분포 보간
BMI,kg/m²,남,50~54세,6,19.2,통계연보 구간분포 보간
BMI,kg/m²,남,50~54세,7,19.3,통계연보 구간분포 보간
BMI,kg/m²,남,50~54세,8,19.5,통계연보 구간분포 보간
BMI,kg/m²,남,50~54세,9,19.6,통계연보 구간분포 보간
BMI,kg/m²,남,50~54세,10,19.7,통계연보 구간분포 보간
BMI,kg/m²,남,50~54세,11,19.9,통계연보 구간분포 보간
BMI,kg/m²,남,50~54세,12,20,통계연보 구간분포 보간
BMI,kg/m²,남,50~54세,13,20.2,통계연보 구간분포 보간
BMI,kg/m²,남,50~54세,14,20.3,통계연보 구간분포 보간
BMI,kg/m²,남,50~54세,15,20.4,통계연보 구간분포 보간
BMI,kg/m²,남,50~54세,16,20.6,통계연보 구간분포 보간
BMI,kg/m²,남,50~54세,17,20.7,통계연보 구간분포 보간
BMI,kg/m²,남,50~54세,18,20.8,통계연보 구간분포 보간
BMI,kg/m²,남,50~54세,19,21,통계연보 구간분포 보간
BMI,kg/m²,남,50~54세,20,21.1,통계연보 구간분포 보간
BMI,kg/m²,남,50~54세,21,21.3,통계연보 구간분포 보간
BMI,kg/m²,남,50~54세,22,21.4,통계연보 구간분포 보간
BMI,kg/m²,남,50~54세,23,21.5,통계연보 구간분포 보간
BMI,kg/m²,남,50~54세,24,21.7,통계연보 구간분포 보간
BMI,kg/m²,남,50~54세,25,21.8,통계연보 구간분포 보간
BMI,kg/m²,남,50~54세,26,21.9,통계연보 구간분포 보간
BMI,kg/m²,남,50~54세,27,22.1,통계연보 구간분포 보간
BMI,kg/m²,남,50~54세,28,22.2,통계연보 구간분포 보간
BMI,kg/m²,남,50~54세,29,22.4,통계연보 구간분포 보간
BMI,kg/m²,남,50~54세,30,22.5,통계연보 구간분포 보간
BMI,kg/m²,남,50~54세,31,22.6,통계연보 구간분포 보간
BMI,kg/m²,남,50~54세,32,22.8,통계연보 구간분포 보간
BMI,kg/m²,남,50~54세,33,22.9,통계연보 구간분포 보간
BMI,kg/m²,남,50~54세,34,23,통계연보 구간분포 보간
BMI,kg/m²,남,50~54세,35,23.2,통계연보 구간분포 보간
BMI,kg/m²,남,50~54세,36,23.3,통계연보 구간분포 보간
BMI,kg/m²,남,50~54세,37,23.5,통계연보 구간분포 보간
BMI,kg/m²,남,50~54세,38,23.6,통계연보 구간분포 보간
BMI,kg/m²,남,50~54세,39,23.7,통계연보 구간분포 보간
BMI,kg/m²,남,50~54세,40,23.9,통계연보 구간분포 보간
BMI,kg/m²,남,50~54세,41,24,통계연보 구간분포 보간
BMI,kg/m²,남,50~54세,42,24.1,통계연보 구간분포 보간
BMI,kg/m²,남,50~54세,43,24.3,통계연보 구간분포 보간
BMI,kg/m²,남,50~54세,44,24.4,통계연보 구간분포 보간
BMI,kg/m²,남,50~54세,45,24.6,통계연보 구간분포 보간
BMI,kg/m²,남,50~54세,46,24.7,통계연보 구간분포 보간
BMI,kg/m²,남,50~54세,47,24.8,통계연보 구간분포 보간
BMI,kg/m²,남,50~54세,48,25,통계연보 구간분포 보간
BMI,kg/m²,남,50~54세,49,25.1,통계연보 구간분포 보간
BMI,kg/m²,남,50~54세,50,25.2,통계연보 구간분포 보간
BMI,kg/m²,남,50~54세,51,25.3,통계연보 구간분포 보간
BMI,kg/m²,남,50~54세,52,25.4,통계연보 구간분포 보간
BMI,kg/m²,남,50~54세,53,25.6,통계연보 구간분포 보간
BMI,kg/m²,남,50~54세,54,25.7,통계연보 구간분포 보간
BMI,kg/m²,남,50~54세,55,25.8,통계연보 구간분포 보간
BMI,kg/m²,남,50~54세,56,25.9,통계연보 구간분포 보간
BMI,kg/m²,남,50~54세,57,26,통계연보 구간분포 보간
BMI,kg/m²,남,50~54세,58,26.1,통계연보 구간분포 보간
BMI,kg/m²,남,50~54세,59,26.2,통계연보 구간분포 보간
BMI,kg/m²,남,50~54세,60,26.3,통계연보 구간분포 보간
BMI,kg/m²,남,50~54세,61,26.5,통계연보 구간분포 보간
BMI,kg/m²,남,50~54세,62,26.6,통계연보 구간분포 보간
BMI,kg/m²,남,50~54세,63,26.7,통계연보 구간분포 보간
BMI,kg/m²,남,50~54세,64,26.8,통계연보 구간분포 보간
BMI,kg/m²,남,50~54세,65,26.9,통계연보 구간분포 보간
BMI,kg/m²,남,50~54세,66,27,통계연보 구간분포 보간
BMI,kg/m²,남,50~54세,67,27.1,통계연보 구간분포 보간
BMI,kg/m²,남,50~54세,68,27.3,통계연보 구간분포 보간
BMI,kg/m²,남,50~54세,69,27.4,통계연보 구간분포 보간
BMI,kg/m²,남,50~54세,70,27.5,통계연보 구간분포 보간
BMI,kg/m²,남,50~54세,71,27.6,통계연보 구간분포 보간
BMI,kg/m²,남,50~54세,72,27.7,통계연보 구간분포 보간
BMI,kg/m²,남,50~54세,73,27.8,통계연보 구간분포 보간
BMI,kg/m²,남,50~54세,74,27.9,통계연보 구간분포 보간
BMI,kg/m²,남,50~54세,75,28.1,통계연보 구간분포 보간
BMI,kg/m²,남,50~54세,76,28.2,통계연보 구간분포 보간
BMI,kg/m²,남,50~54세,77,28.3,통계연보 구간분포 보간
BMI,kg/m²,남,50~54세,78,28.4,통계연보 구간분포 보간
BMI,kg/m²,남,50~54세,79,28.5,통계연보 구간분포 보간
BMI,kg/m²,남,50~54세,80,28.6,통계연보 구간분포 보간
BMI,kg/m²,남,50~54세,81,28.7,통계연보 구간분포 보간
BMI,kg/m²,남,50~54세,82,28.9,통계연보 구간분포 보간
BMI,kg/m²,남,50~54세,83,29,통계연보 구간분포 보간
BMI,kg/m²,남,50~54세,84,29.1,통계연보 구간분포 보간
BMI,kg/m²,남,50~54세,85,29.2,통계연보 구간분포 보간
BMI,kg/m²,남,50~54세,86,29.3,통계연보 구간분포 보간
BMI,kg/m²,남,50~54세,87,29.4,통계연보 구간분포 보간
BMI,kg/m²,남,50~54세,88,29.5,통계연보 구간분포 보간
BMI,kg/m²,남,50~54세,89,29.7,통계연보 구간분포 보간
BMI,kg/m²,남,50~54세,90,29.8,통계연보 구간분포 보간
BMI,kg/m²,남,50~54세,91,29.9,통계연보 구간분포 보간
BMI,kg/m²,남,50~54세,92,30,통계연보 구간분포 보간
BMI,kg/m²,남,50~54세,93,31.3,통계연보 구간분포 보간
BMI,kg/m²,남,50~54세,94,32.6,통계연보 구간분포 보간
BMI,kg/m²,남,50~54세,95,33.8,통계연보 구간분포 보간
BMI,kg/m²,남,50~54세,96,35.1,통계연보 구간분포 보간
BMI,kg/m²,남,50~54세,97,36.3,통계연보 구간분포 보간
BMI,kg/m²,남,50~54세,98,37.6,통계연보 구간분포 보간
BMI,kg/m²,남,50~54세,99,38.9,통계연보 구간분포 보간
BMI,kg/m²,남,50~54세,100,50,통계연보 구간분포 보간
BMI,kg/m²,여,50~54세,1,15,통계연보 구간분포 보간
BMI,kg/m²,여,50~54세,2,15.9,통계연보 구간분포 보간
BMI,kg/m²,여,50~54세,3,16.9,통계연보 구간분포 보간
BMI,kg/m²,여,50~54세,4,17.9,통계연보 구간분포 보간
BMI,kg/m²,여,50~54세,5,18.5,통계연보 구간분포 보간
BMI,kg/m²,여,50~54세,6,18.6,통계연보 구간분포 보간
BMI,kg/m²,여,50~54세,7,18.7,통계연보 구간분포 보간
BMI,kg/m²,여,50~54세,8,18.8,통계연보 구간분포 보간
BMI,kg/m²,여,50~54세,9,18.9,통계연보 구간분포 보간
BMI,kg/m²,여,50~54세,10,19,통계연보 구간분포 보간
BMI,kg/m²,여,50~54세,11,19.1,통계연보 구간분포 보간
BMI,kg/m²,여,50~54세,12,19.2,통계연보 구간분포 보간
BMI,kg/m²,여,50~54세,13,19.3,통계연보 구간분포 보간
BMI,kg/m²,여,50~54세,14,19.4,통계연보 구간분포 보간
BMI,kg/m²,여,50~54세,15,19.5,통계연보 구간분포 보간
BMI,kg/m²,여,50~54세,16,19.6,통계연보 구간분포 보간
BMI,kg/m²,여,50~54세,17,19.7,통계연보 구간분포 보간
BMI,kg/m²,여,50~54세,18,19.8,통계연보 구간분포 보간
BMI,kg/m²,여,50~54세,19,19.9,통계연보 구간분포 보간
BMI,kg/m²,여,50~54세,20,20,통계연보 구간분포 보간
BMI,kg/m²,여,50~54세,21,20.1,통계연보 구간분포 보간
BMI,kg/m²,여,50~54세,22,20.2,통계연보 구간분포 보간
BMI,kg/m²,여,50~54세,23,20.3,통계연보 구간분포 보간
BMI,kg/m²,여,50~54세,24,20.4,통계연보 구간분포 보간
BMI,kg/m²,여,50~54세,25,20.5,통계연보 구간분포 보간
BMI,kg/m²,여,50~54세,26,20.5,통계연보 구간분포 보간
BMI,kg/m²,여,50~54세,27,20.6,통계연보 구간분포 보간
BMI,kg/m²,여,50~54세,28,20.7,통계연보 구간분포 보간
BMI,kg/m²,여,50~54세,29,20.8,통계연보 구간분포 보간
BMI,kg/m²,여,50~54세,30,20.9,통계연보 구간분포 보간
BMI,kg/m²,여,50~54세,31,21,통계연보 구간분포 보간
BMI,kg/m²,여,50~54세,32,21.1,통계연보 구간분포 보간
BMI,kg/m²,여,50~54세,33,21.2,통계연보 구간분포 보간
BMI,kg/m²,여,50~54세,34,21.3,통계연보 구간분포 보간
BMI,kg/m²,여,50~54세,35,21.4,통계연보 구간분포 보간
BMI,kg/m²,여,50~54세,36,21.5,통계연보 구간분포 보간
BMI,kg/m²,여,50~54세,37,21.6,통계연보 구간분포 보간
BMI,kg/m²,여,50~54세,38,21.7,통계연보 구간분포 보간
BMI,kg/m²,여,50~54세,39,21.8,통계연보 구간분포 보간
BMI,kg/m²,여,50~54세,40,21.9,통계연보 구간분포 보간
BMI,kg/m²,여,50~54세,41,22,통계연보 구간분포 보간
BMI,kg/m²,여,50~54세,42,22.1,통계연보 구간분포 보간
BMI,kg/m²,여,50~54세,43,22.2,통계연보 구간분포 보간
BMI,kg/m²,여,50~54세,44,22.3,통계연보 구간분포 보간
BMI,kg/m²,여,50~54세,45,22.4,통계연보 구간분포 보간
BMI,kg/m²,여,50~54세,46,22.5,통계연보 구간분포 보간
BMI,kg/m²,여,50~54세,47,22.6,통계연보 구간분포 보간
BMI,kg/m²,여,50~54세,48,22.7,통계연보 구간분포 보간
BMI,kg/m²,여,50~54세,49,22.8,통계연보 구간분포 보간
BMI,kg/m²,여,50~54세,50,22.9,통계연보 구간분포 보간
BMI,kg/m²,여,50~54세,51,22.9,통계연보 구간분포 보간
BMI,kg/m²,여,50~54세,52,23,통계연보 구간분포 보간
BMI,kg/m²,여,50~54세,53,23.1,통계연보 구간분포 보간
BMI,kg/m²,여,50~54세,54,23.2,통계연보 구간분포 보간
BMI,kg/m²,여,50~54세,55,23.3,통계연보 구간분포 보간
BMI,kg/m²,여,50~54세,56,23.4,통계연보 구간분포 보간
BMI,kg/m²,여,50~54세,57,23.5,통계연보 구간분포 보간
BMI,kg/m²,여,50~54세,58,23.6,통계연보 구간분포 보간
BMI,kg/m²,여,50~54세,59,23.7,통계연보 구간분포 보간
BMI,kg/m²,여,50~54세,60,23.8,통계연보 구간분포 보간
BMI,kg/m²,여,50~54세,61,23.9,통계연보 구간분포 보간
BMI,kg/m²,여,50~54세,62,24,통계연보 구간분포 보간
BMI,kg/m²,여,50~54세,63,24.1,통계연보 구간분포 보간
BMI,kg/m²,여,50~54세,64,24.2,통계연보 구간분포 보간
BMI,kg/m²,여,50~54세,65,24.3,통계연보 구간분포 보간
BMI,kg/m²,여,50~54세,66,24.4,통계연보 구간분포 보간
BMI,kg/m²,여,50~54세,67,24.5,통계연보 구간분포 보간
BMI,kg/m²,여,50~54세,68,24.6,통계연보 구간분포 보간
BMI,kg/m²,여,50~54세,69,24.7,통계연보 구간분포 보간
BMI,kg/m²,여,50~54세,70,24.8,통계연보 구간분포 보간
BMI,kg/m²,여,50~54세,71,24.9,통계연보 구간분포 보간
BMI,kg/m²,여,50~54세,72,25,통계연보 구간분포 보간
BMI,kg/m²,여,50~54세,73,25.1,통계연보 구간분포 보간
BMI,kg/m²,여,50~54세,74,25.4,통계연보 구간분포 보간
BMI,kg/m²,여,50~54세,75,25.6,통계연보 구간분포 보간
BMI,kg/m²,여,50~54세,76,25.8,통계연보 구간분포 보간
BMI,kg/m²,여,50~54세,77,26,통계연보 구간분포 보간
BMI,kg/m²,여,50~54세,78,26.3,통계연보 구간분포 보간
BMI,kg/m²,여,50~54세,79,26.5,통계연보 구간분포 보간
BMI,kg/m²,여,50~54세,80,26.7,통계연보 구간분포 보간
BMI,kg/m²,여,50~54세,81,26.9,통계연보 구간분포 보간
BMI,kg/m²,여,50~54세,82,27.2,통계연보 구간분포 보간
BMI,kg/m²,여,50~54세,83,27.4,통계연보 구간분포 보간
BMI,kg/m²,여,50~54세,84,27.6,통계연보 구간분포 보간
BMI,kg/m²,여,50~54세,85,27.8,통계연보 구간분포 보간
BMI,kg/m²,여,50~54세,86,28.1,통계연보 구간분포 보간
BMI,kg/m²,여,50~54세,87,28.3,통계연보 구간분포 보간
BMI,kg/m²,여,50~54세,88,28.5,통계연보 구간분포 보간
BMI,kg/m²,여,50~54세,89,28.7,통계연보 구간분포 보간
BMI,kg/m²,여,50~54세,90,29,통계연보 구간분포 보간
BMI,kg/m²,여,50~54세,91,29.2,통계연보 구간분포 보간
BMI,kg/m²,여,50~54세,92,29.4,통계연보 구간분포 보간
BMI,kg/m²,여,50~54세,93,29.6,통계연보 구간분포 보간
BMI,kg/m²,여,50~54세,94,29.9,통계연보 구간분포 보간
BMI,kg/m²,여,50~54세,95,30.7,통계연보 구간분포 보간
BMI,kg/m²,여,50~54세,96,32.6,통계연보 구간분포 보간
BMI,kg/m²,여,50~54세,97,34.5,통계연보 구간분포 보간
BMI,kg/m²,여,50~54세,98,36.4,통계연보 구간분포 보간
BMI,kg/m²,여,50~54세,99,38.3,통계연보 구간분포 보간
BMI,kg/m²,여,50~54세,100,50,통계연보 구간분포 보간
BMI,kg/m²,남,55~59세,1,18.1,통계연보 구간분포 보간
BMI,kg/m²,남,55~59세,2,18.6,통계연보 구간분포 보간
BMI,kg/m²,남,55~59세,3,18.7,통계연보 구간분포 보간
BMI,kg/m²,남,55~59세,4,18.9,통계연보 구간분포 보간
BMI,kg/m²,남,55~59세,5,19,통계연보 구간분포 보간
BMI,kg/m²,남,55~59세,6,19.1,통계연보 구간분포 보간
BMI,kg/m²,남,55~59세,7,19.3,통계연보 구간분포 보간
BMI,kg/m²,남,55~59세,8,19.4,통계연보 구간분포 보간
BMI,kg/m²,남,55~59세,9,19.5,통계연보 구간분포 보간
BMI,kg/m²,남,55~59세,10,19.6,통계연보 구간분포 보간
BMI,kg/m²,남,55~59세,11,19.8,통계연보 구간분포 보간
BMI,kg/m²,남,55~59세,12,19.9,통계연보 구간분포 보간
BMI,kg/m²,남,55~59세,13,20,통계연보 구간분포 보간
BMI,kg/m²,남,55~59세,14,20.2,통계연보 구간분포 보간
BMI,kg/m²,남,55~59세,15,20.3,통계연보 구간분포 보간
BMI,kg/m²,남,55~59세,16,20.4,통계연보 구간분포 보간
BMI,kg/m²,남,55~59세,17,20.6,통계연보 구간분포 보간
BMI,kg/m²,남,55~59세,18,20.7,통계연보 구간분포 보간
BMI,kg/m²,남,55~59세,19,20.8,통계연보 구간분포 보간
BMI,kg/m²,남,55~59세,20,20.9,통계연보 구간분포 보간
BMI,kg/m²,남,55~59세,21,21.1,통계연보 구간분포 보간
BMI,kg/m²,남,55~59세,22,21.2,통계연보 구간분포 보간
BMI,kg/m²,남,55~59세,23,21.3,통계연보 구간분포 보간
BMI,kg/m²,남,55~59세,24,21.5,통계연보 구간분포 보간
BMI,kg/m²,남,55~59세,25,21.6,통계연보 구간분포 보간
BMI,kg/m²,남,55~59세,26,21.7,통계연보 구간분포 보간
BMI,kg/m²,남,55~59세,27,21.8,통계연보 구간분포 보간
BMI,kg/m²,남,55~59세,28,22,통계연보 구간분포 보간
BMI,kg/m²,남,55~59세,29,22.1,통계연보 구간분포 보간
BMI,kg/m²,남,55~59세,30,22.2,통계연보 구간분포 보간
BMI,kg/m²,남,55~59세,31,22.4,통계연보 구간분포 보간
BMI,kg/m²,남,55~59세,32,22.5,통계연보 구간분포 보간
BMI,kg/m²,남,55~59세,33,22.6,통계연보 구간분포 보간
BMI,kg/m²,남,55~59세,34,22.7,통계연보 구간분포 보간
BMI,kg/m²,남,55~59세,35,22.9,통계연보 구간분포 보간
BMI,kg/m²,남,55~59세,36,23,통계연보 구간분포 보간
BMI,kg/m²,남,55~59세,37,23.1,통계연보 구간분포 보간
BMI,kg/m²,남,55~59세,38,23.3,통계연보 구간분포 보간
BMI,kg/m²,남,55~59세,39,23.4,통계연보 구간분포 보간
BMI,kg/m²,남,55~59세,40,23.5,통계연보 구간분포 보간
BMI,kg/m²,남,55~59세,41,23.6,통계연보 구간분포 보간
BMI,kg/m²,남,55~59세,42,23.8,통계연보 구간분포 보간
BMI,kg/m²,남,55~59세,43,23.9,통계연보 구간분포 보간
BMI,kg/m²,남,55~59세,44,24,통계연보 구간분포 보간
BMI,kg/m²,남,55~59세,45,24.2,통계연보 구간분포 보간
BMI,kg/m²,남,55~59세,46,24.3,통계연보 구간분포 보간
BMI,kg/m²,남,55~59세,47,24.4,통계연보 구간분포 보간
BMI,kg/m²,남,55~59세,48,24.5,통계연보 구간분포 보간
BMI,kg/m²,남,55~59세,49,24.7,통계연보 구간분포 보간
BMI,kg/m²,남,55~59세,50,24.8,통계연보 구간분포 보간
BMI,kg/m²,남,55~59세,51,24.9,통계연보 구간분포 보간
BMI,kg/m²,남,55~59세,52,25.1,통계연보 구간분포 보간
BMI,kg/m²,남,55~59세,53,25.2,통계연보 구간분포 보간
BMI,kg/m²,남,55~59세,54,25.3,통계연보 구간분포 보간
BMI,kg/m²,남,55~59세,55,25.4,통계연보 구간분포 보간
BMI,kg/m²,남,55~59세,56,25.5,통계연보 구간분포 보간
BMI,kg/m²,남,55~59세,57,25.6,통계연보 구간분포 보간
BMI,kg/m²,남,55~59세,58,25.8,통계연보 구간분포 보간
BMI,kg/m²,남,55~59세,59,25.9,통계연보 구간분포 보간
BMI,kg/m²,남,55~59세,60,26,통계연보 구간분포 보간
BMI,kg/m²,남,55~59세,61,26.1,통계연보 구간분포 보간
BMI,kg/m²,남,55~59세,62,26.2,통계연보 구간분포 보간
BMI,kg/m²,남,55~59세,63,26.3,통계연보 구간분포 보간
BMI,kg/m²,남,55~59세,64,26.5,통계연보 구간분포 보간
BMI,kg/m²,남,55~59세,65,26.6,통계연보 구간분포 보간
BMI,kg/m²,남,55~59세,66,26.7,통계연보 구간분포 보간
BMI,kg/m²,남,55~59세,67,26.8,통계연보 구간분포 보간
BMI,kg/m²,남,55~59세,68,26.9,통계연보 구간분포 보간
BMI,kg/m²,남,55~59세,69,27.1,통계연보 구간분포 보간
BMI,kg/m²,남,55~59세,70,27.2,통계연보 구간분포 보간
BMI,kg/m²,남,55~59세,71,27.3,통계연보 구간분포 보간
BMI,kg/m²,남,55~59세,72,27.4,통계연보 구간분포 보간
BMI,kg/m²,남,55~59세,73,27.5,통계연보 구간분포 보간
BMI,kg/m²,남,55~59세,74,27.6,통계연보 구간분포 보간
BMI,kg/m²,남,55~59세,75,27.8,통계연보 구간분포 보간
BMI,kg/m²,남,55~59세,76,27.9,통계연보 구간분포 보간
BMI,kg/m²,남,55~59세,77,28,통계연보 구간분포 보간
BMI,kg/m²,남,55~59세,78,28.1,통계연보 구간분포 보간
BMI,kg/m²,남,55~59세,79,28.2,통계연보 구간분포 보간
BMI,kg/m²,남,55~59세,80,28.3,통계연보 구간분포 보간
BMI,kg/m²,남,55~59세,81,28.5,통계연보 구간분포 보간
BMI,kg/m²,남,55~59세,82,28.6,통계연보 구간분포 보간
BMI,kg/m²,남,55~59세,83,28.7,통계연보 구간분포 보간
BMI,kg/m²,남,55~59세,84,28.8,통계연보 구간분포 보간
BMI,kg/m²,남,55~59세,85,28.9,통계연보 구간분포 보간
BMI,kg/m²,남,55~59세,86,29,통계연보 구간분포 보간
BMI,kg/m²,남,55~59세,87,29.2,통계연보 구간분포 보간
BMI,kg/m²,남,55~59세,88,29.3,통계연보 구간분포 보간
BMI,kg/m²,남,55~59세,89,29.4,통계연보 구간분포 보간
BMI,kg/m²,남,55~59세,90,29.5,통계연보 구간분포 보간
BMI,kg/m²,남,55~59세,91,29.6,통계연보 구간분포 보간
BMI,kg/m²,남,55~59세,92,29.8,통계연보 구간분포 보간
BMI,kg/m²,남,55~59세,93,29.9,통계연보 구간분포 보간
BMI,kg/m²,남,55~59세,94,30,통계연보 구간분포 보간
BMI,kg/m²,남,55~59세,95,31.5,통계연보 구간분포 보간
BMI,kg/m²,남,55~59세,96,33.2,통계연보 구간분포 보간
BMI,kg/m²,남,55~59세,97,35,통계연보 구간분포 보간
BMI,kg/m²,남,55~59세,98,36.7,통계연보 구간분포 보간
BMI,kg/m²,남,55~59세,99,38.4,통계연보 구간분포 보간
BMI,kg/m²,남,55~59세,100,50,통계연보 구간분포 보간
BMI,kg/m²,여,55~59세,1,15.4,통계연보 구간분포 보간
BMI,kg/m²,여,55~59세,2,16.8,통계연보 구간분포 보간
BMI,kg/m²,여,55~59세,3,18.2,통계연보 구간분포 보간
BMI,kg/m²,여,55~59세,4,18.6,통계연보 구간분포 보간
BMI,kg/m²,여,55~59세,5,18.7,통계연보 구간분포 보간
BMI,kg/m²,여,55~59세,6,18.8,통계연보 구간분포 보간
BMI,kg/m²,여,55~59세,7,18.9,통계연보 구간분포 보간
BMI,kg/m²,여,55~59세,8,19,통계연보 구간분포 보간
BMI,kg/m²,여,55~59세,9,19.1,통계연보 구간분포 보간
BMI,kg/m²,여,55~59세,10,19.2,통계연보 구간분포 보간
BMI,kg/m²,여,55~59세,11,19.3,통계연보 구간분포 보간
BMI,kg/m²,여,55~59세,12,19.4,통계연보 구간분포 보간
BMI,kg/m²,여,55~59세,13,19.5,통계연보 구간분포 보간
BMI,kg/m²,여,55~59세,14,19.6,통계연보 구간분포 보간
BMI,kg/m²,여,55~59세,15,19.7,통계연보 구간분포 보간
BMI,kg/m²,여,55~59세,16,19.8,통계연보 구간분포 보간
BMI,kg/m²,여,55~59세,17,19.9,통계연보 구간분포 보간
BMI,kg/m²,여,55~59세,18,20,통계연보 구간분포 보간
BMI,kg/m²,여,55~59세,19,20.1,통계연보 구간분포 보간
BMI,kg/m²,여,55~59세,20,20.2,통계연보 구간분포 보간
BMI,kg/m²,여,55~59세,21,20.3,통계연보 구간분포 보간
BMI,kg/m²,여,55~59세,22,20.3,통계연보 구간분포 보간
BMI,kg/m²,여,55~59세,23,20.4,통계연보 구간분포 보간
BMI,kg/m²,여,55~59세,24,20.5,통계연보 구간분포 보간
BMI,kg/m²,여,55~59세,25,20.6,통계연보 구간분포 보간
BMI,kg/m²,여,55~59세,26,20.7,통계연보 구간분포 보간
BMI,kg/m²,여,55~59세,27,20.8,통계연보 구간분포 보간
BMI,kg/m²,여,55~59세,28,20.9,통계연보 구간분포 보간
BMI,kg/m²,여,55~59세,29,21,통계연보 구간분포 보간
BMI,kg/m²,여,55~59세,30,21.1,통계연보 구간분포 보간
BMI,kg/m²,여,55~59세,31,21.2,통계연보 구간분포 보간
BMI,kg/m²,여,55~59세,32,21.3,통계연보 구간분포 보간
BMI,kg/m²,여,55~59세,33,21.4,통계연보 구간분포 보간
BMI,kg/m²,여,55~59세,34,21.5,통계연보 구간분포 보간
BMI,kg/m²,여,55~59세,35,21.6,통계연보 구간분포 보간
BMI,kg/m²,여,55~59세,36,21.7,통계연보 구간분포 보간
BMI,kg/m²,여,55~59세,37,21.8,통계연보 구간분포 보간
BMI,kg/m²,여,55~59세,38,21.9,통계연보 구간분포 보간
BMI,kg/m²,여,55~59세,39,22,통계연보 구간분포 보간
BMI,kg/m²,여,55~59세,40,22.1,통계연보 구간분포 보간
BMI,kg/m²,여,55~59세,41,22.2,통계연보 구간분포 보간
BMI,kg/m²,여,55~59세,42,22.3,통계연보 구간분포 보간
BMI,kg/m²,여,55~59세,43,22.4,통계연보 구간분포 보간
BMI,kg/m²,여,55~59세,44,22.5,통계연보 구간분포 보간
BMI,kg/m²,여,55~59세,45,22.6,통계연보 구간분포 보간
BMI,kg/m²,여,55~59세,46,22.7,통계연보 구간분포 보간
BMI,kg/m²,여,55~59세,47,22.8,통계연보 구간분포 보간
BMI,kg/m²,여,55~59세,48,22.9,통계연보 구간분포 보간
BMI,kg/m²,여,55~59세,49,23,통계연보 구간분포 보간
BMI,kg/m²,여,55~59세,50,23.1,통계연보 구간분포 보간
BMI,kg/m²,여,55~59세,51,23.2,통계연보 구간분포 보간
BMI,kg/m²,여,55~59세,52,23.3,통계연보 구간분포 보간
BMI,kg/m²,여,55~59세,53,23.4,통계연보 구간분포 보간
BMI,kg/m²,여,55~59세,54,23.5,통계연보 구간분포 보간
BMI,kg/m²,여,55~59세,55,23.6,통계연보 구간분포 보간
BMI,kg/m²,여,55~59세,56,23.7,통계연보 구간분포 보간
BMI,kg/m²,여,55~59세,57,23.8,통계연보 구간분포 보간
BMI,kg/m²,여,55~59세,58,23.9,통계연보 구간분포 보간
BMI,kg/m²,여,55~59세,59,24,통계연보 구간분포 보간
BMI,kg/m²,여,55~59세,60,24.1,통계연보 구간분포 보간
BMI,kg/m²,여,55~59세,61,24.2,통계연보 구간분포 보간
BMI,kg/m²,여,55~59세,62,24.3,통계연보 구간분포 보간
BMI,kg/m²,여,55~59세,63,24.4,통계연보 구간분포 보간
BMI,kg/m²,여,55~59세,64,24.5,통계연보 구간분포 보간
BMI,kg/m²,여,55~59세,65,24.6,통계연보 구간분포 보간
BMI,kg/m²,여,55~59세,66,24.7,통계연보 구간분포 보간
BMI,kg/m²,여,55~59세,67,24.8,통계연보 구간분포 보간
BMI,kg/m²,여,55~59세,68,24.9,통계연보 구간분포 보간
BMI,kg/m²,여,55~59세,69,25,통계연보 구간분포 보간
BMI,kg/m²,여,55~59세,70,25.1,통계연보 구간분포 보간
BMI,kg/m²,여,55~59세,71,25.3,통계연보 구간분포 보간
BMI,kg/m²,여,55~59세,72,25.5,통계연보 구간분포 보간
BMI,kg/m²,여,55~59세,73,25.7,통계연보 구간분포 보간
BMI,kg/m²,여,55~59세,74,25.9,통계연보 구간분포 보간
BMI,kg/m²,여,55~59세,75,26.1,통계연보 구간분포 보간
BMI,kg/m²,여,55~59세,76,26.3,통계연보 구간분포 보간
BMI,kg/m²,여,55~59세,77,26.5,통계연보 구간분포 보간
BMI,kg/m²,여,55~59세,78,26.7,통계연보 구간분포 보간
BMI,kg/m²,여,55~59세,79,26.9,통계연보 구간분포 보간
BMI,kg/m²,여,55~59세,80,27.1,통계연보 구간분포 보간
BMI,kg/m²,여,55~59세,81,27.3,통계연보 구간분포 보간
BMI,kg/m²,여,55~59세,82,27.5,통계연보 구간분포 보간
BMI,kg/m²,여,55~59세,83,27.7,통계연보 구간분포 보간
BMI,kg/m²,여,55~59세,84,27.9,통계연보 구간분포 보간
BMI,kg/m²,여,55~59세,85,28.1,통계연보 구간분포 보간
BMI,kg/m²,여,55~59세,86,28.3,통계연보 구간분포 보간
BMI,kg/m²,여,55~59세,87,28.5,통계연보 구간분포 보간
BMI,kg/m²,여,55~59세,88,28.7,통계연보 구간분포 보간
BMI,kg/m²,여,55~59세,89,28.8,통계연보 구간분포 보간
BMI,kg/m²,여,55~59세,90,29,통계연보 구간분포 보간
BMI,kg/m²,여,55~59세,91,29.2,통계연보 구간분포 보간
BMI,kg/m²,여,55~59세,92,29.4,통계연보 구간분포 보간
BMI,kg/m²,여,55~59세,93,29.6,통계연보 구간분포 보간
BMI,kg/m²,여,55~59세,94,29.8,통계연보 구간분포 보간
BMI,kg/m²,여,55~59세,95,30.1,통계연보 구간분포 보간
BMI,kg/m²,여,55~59세,96,32.1,통계연보 구간분포 보간
BMI,kg/m²,여,55~59세,97,34.1,통계연보 구간분포 보간
BMI,kg/m²,여,55~59세,98,36.2,통계연보 구간분포 보간
BMI,kg/m²,여,55~59세,99,38.2,통계연보 구간분포 보간
BMI,kg/m²,여,55~59세,100,50,통계연보 구간분포 보간
BMI,kg/m²,남,60~64세,1,17.5,통계연보 구간분포 보간
BMI,kg/m²,남,60~64세,2,18.6,통계연보 구간분포 보간
BMI,kg/m²,남,60~64세,3,18.7,통계연보 구간분포 보간
BMI,kg/m²,남,60~64세,4,18.8,통계연보 구간분포 보간
BMI,kg/m²,남,60~64세,5,18.9,통계연보 구간분포 보간
BMI,kg/m²,남,60~64세,6,19.1,통계연보 구간분포 보간
BMI,kg/m²,남,60~64세,7,19.2,통계연보 구간분포 보간
BMI,kg/m²,남,60~64세,8,19.3,통계연보 구간분포 보간
BMI,kg/m²,남,60~64세,9,19.4,통계연보 구간분포 보간
BMI,kg/m²,남,60~64세,10,19.5,통계연보 구간분포 보간
BMI,kg/m²,남,60~64세,11,19.7,통계연보 구간분포 보간
BMI,kg/m²,남,60~64세,12,19.8,통계연보 구간분포 보간
BMI,kg/m²,남,60~64세,13,19.9,통계연보 구간분포 보간
BMI,kg/m²,남,60~64세,14,20,통계연보 구간분포 보간
BMI,kg/m²,남,60~64세,15,20.1,통계연보 구간분포 보간
BMI,kg/m²,남,60~64세,16,20.3,통계연보 구간분포 보간
BMI,kg/m²,남,60~64세,17,20.4,통계연보 구간분포 보간
BMI,kg/m²,남,60~64세,18,20.5,통계연보 구간분포 보간
BMI,kg/m²,남,60~64세,19,20.6,통계연보 구간분포 보간
BMI,kg/m²,남,60~64세,20,20.7,통계연보 구간분포 보간
BMI,kg/m²,남,60~64세,21,20.9,통계연보 구간분포 보간
BMI,kg/m²,남,60~64세,22,21,통계연보 구간분포 보간
BMI,kg/m²,남,60~64세,23,21.1,통계연보 구간분포 보간
BMI,kg/m²,남,60~64세,24,21.2,통계연보 구간분포 보간
BMI,kg/m²,남,60~64세,25,21.3,통계연보 구간분포 보간
BMI,kg/m²,남,60~64세,26,21.5,통계연보 구간분포 보간
BMI,kg/m²,남,60~64세,27,21.6,통계연보 구간분포 보간
BMI,kg/m²,남,60~64세,28,21.7,통계연보 구간분포 보간
BMI,kg/m²,남,60~64세,29,21.8,통계연보 구간분포 보간
BMI,kg/m²,남,60~64세,30,21.9,통계연보 구간분포 보간
BMI,kg/m²,남,60~64세,31,22.1,통계연보 구간분포 보간
BMI,kg/m²,남,60~64세,32,22.2,통계연보 구간분포 보간
BMI,kg/m²,남,60~64세,33,22.3,통계연보 구간분포 보간
BMI,kg/m²,남,60~64세,34,22.4,통계연보 구간분포 보간
BMI,kg/m²,남,60~64세,35,22.5,통계연보 구간분포 보간
BMI,kg/m²,남,60~64세,36,22.7,통계연보 구간분포 보간
BMI,kg/m²,남,60~64세,37,22.8,통계연보 구간분포 보간
BMI,kg/m²,남,60~64세,38,22.9,통계연보 구간분포 보간
BMI,kg/m²,남,60~64세,39,23,통계연보 구간분포 보간
BMI,kg/m²,남,60~64세,40,23.1,통계연보 구간분포 보간
BMI,kg/m²,남,60~64세,41,23.2,통계연보 구간분포 보간
BMI,kg/m²,남,60~64세,42,23.4,통계연보 구간분포 보간
BMI,kg/m²,남,60~64세,43,23.5,통계연보 구간분포 보간
BMI,kg/m²,남,60~64세,44,23.6,통계연보 구간분포 보간
BMI,kg/m²,남,60~64세,45,23.7,통계연보 구간분포 보간
BMI,kg/m²,남,60~64세,46,23.8,통계연보 구간분포 보간
BMI,kg/m²,남,60~64세,47,24,통계연보 구간분포 보간
BMI,kg/m²,남,60~64세,48,24.1,통계연보 구간분포 보간
BMI,kg/m²,남,60~64세,49,24.2,통계연보 구간분포 보간
BMI,kg/m²,남,60~64세,50,24.3,통계연보 구간분포 보간
BMI,kg/m²,남,60~64세,51,24.4,통계연보 구간분포 보간
BMI,kg/m²,남,60~64세,52,24.6,통계연보 구간분포 보간
BMI,kg/m²,남,60~64세,53,24.7,통계연보 구간분포 보간
BMI,kg/m²,남,60~64세,54,24.8,통계연보 구간분포 보간
BMI,kg/m²,남,60~64세,55,24.9,통계연보 구간분포 보간
BMI,kg/m²,남,60~64세,56,25,통계연보 구간분포 보간
BMI,kg/m²,남,60~64세,57,25.2,통계연보 구간분포 보간
BMI,kg/m²,남,60~64세,58,25.3,통계연보 구간분포 보간
BMI,kg/m²,남,60~64세,59,25.4,통계연보 구간분포 보간
BMI,kg/m²,남,60~64세,60,25.5,통계연보 구간분포 보간
BMI,kg/m²,남,60~64세,61,25.7,통계연보 구간분포 보간
BMI,kg/m²,남,60~64세,62,25.8,통계연보 구간분포 보간
BMI,kg/m²,남,60~64세,63,25.9,통계연보 구간분포 보간
BMI,kg/m²,남,60~64세,64,26,통계연보 구간분포 보간
BMI,kg/m²,남,60~64세,65,26.2,통계연보 구간분포 보간
BMI,kg/m²,남,60~64세,66,26.3,통계연보 구간분포 보간
BMI,kg/m²,남,60~64세,67,26.4,통계연보 구간분포 보간
BMI,kg/m²,남,60~64세,68,26.5,통계연보 구간분포 보간
BMI,kg/m²,남,60~64세,69,26.7,통계연보 구간분포 보간
BMI,kg/m²,남,60~64세,70,26.8,통계연보 구간분포 보간
BMI,kg/m²,남,60~64세,71,26.9,통계연보 구간분포 보간
BMI,kg/m²,남,60~64세,72,27,통계연보 구간분포 보간
BMI,kg/m²,남,60~64세,73,27.2,통계연보 구간분포 보간
BMI,kg/m²,남,60~64세,74,27.3,통계연보 구간분포 보간
BMI,kg/m²,남,60~64세,75,27.4,통계연보 구간분포 보간
BMI,kg/m²,남,60~64세,76,27.5,통계연보 구간분포 보간
BMI,kg/m²,남,60~64세,77,27.7,통계연보 구간분포 보간
BMI,kg/m²,남,60~64세,78,27.8,통계연보 구간분포 보간
BMI,kg/m²,남,60~64세,79,27.9,통계연보 구간분포 보간
BMI,kg/m²,남,60~64세,80,28,통계연보 구간분포 보간
BMI,kg/m²,남,60~64세,81,28.2,통계연보 구간분포 보간
BMI,kg/m²,남,60~64세,82,28.3,통계연보 구간분포 보간
BMI,kg/m²,남,60~64세,83,28.4,통계연보 구간분포 보간
BMI,kg/m²,남,60~64세,84,28.5,통계연보 구간분포 보간
BMI,kg/m²,남,60~64세,85,28.7,통계연보 구간분포 보간
BMI,kg/m²,남,60~64세,86,28.8,통계연보 구간분포 보간
BMI,kg/m²,남,60~64세,87,28.9,통계연보 구간분포 보간
BMI,kg/m²,남,60~64세,88,29,통계연보 구간분포 보간
BMI,kg/m²,남,60~64세,89,29.2,통계연보 구간분포 보간
BMI,kg/m²,남,60~64세,90,29.3,통계연보 구간분포 보간
BMI,kg/m²,남,60~64세,91,29.4,통계연보 구간분포 보간
BMI,kg/m²,남,60~64세,92,29.5,통계연보 구간분포 보간
BMI,kg/m²,남,60~64세,93,29.7,통계연보 구간분포 보간
BMI,kg/m²,남,60~64세,94,29.8,통계연보 구간분포 보간
BMI,kg/m²,남,60~64세,95,29.9,통계연보 구간분포 보간
BMI,kg/m²,남,60~64세,96,30.8,통계연보 구간분포 보간
BMI,kg/m²,남,60~64세,97,33.1,통계연보 구간분포 보간
BMI,kg/m²,남,60~64세,98,35.4,통계연보 구간분포 보간
BMI,kg/m²,남,60~64세,99,37.7,통계연보 구간분포 보간
BMI,kg/m²,남,60~64세,100,50,통계연보 구간분포 보간
BMI,kg/m²,여,60~64세,1,15.6,통계연보 구간분포 보간
BMI,kg/m²,여,60~64세,2,17.2,통계연보 구간분포 보간
BMI,kg/m²,여,60~64세,3,18.5,통계연보 구간분포 보간
BMI,kg/m²,여,60~64세,4,18.6,통계연보 구간분포 보간
BMI,kg/m²,여,60~64세,5,18.7,통계연보 구간분포 보간
BMI,kg/m²,여,60~64세,6,18.8,통계연보 구간분포 보간
BMI,kg/m²,여,60~64세,7,18.9,통계연보 구간분포 보간
BMI,kg/m²,여,60~64세,8,19,통계연보 구간분포 보간
BMI,kg/m²,여,60~64세,9,19.1,통계연보 구간분포 보간
BMI,kg/m²,여,60~64세,10,19.2,통계연보 구간분포 보간
BMI,kg/m²,여,60~64세,11,19.3,통계연보 구간분포 보간
BMI,kg/m²,여,60~64세,12,19.4,통계연보 구간분포 보간
BMI,kg/m²,여,60~64세,13,19.5,통계연보 구간분포 보간
BMI,kg/m²,여,60~64세,14,19.6,통계연보 구간분포 보간
BMI,kg/m²,여,60~64세,15,19.7,통계연보 구간분포 보간
BMI,kg/m²,여,60~64세,16,19.8,통계연보 구간분포 보간
BMI,kg/m²,여,60~64세,17,19.9,통계연보 구간분포 보간
BMI,kg/m²,여,60~64세,18,20,통계연보 구간분포 보간
BMI,kg/m²,여,60~64세,19,20.1,통계연보 구간분포 보간
BMI,kg/m²,여,60~64세,20,20.2,통계연보 구간분포 보간
BMI,kg/m²,여,60~64세,21,20.3,통계연보 구간분포 보간
BMI,kg/m²,여,60~64세,22,20.4,통계연보 구간분포 보간
BMI,kg/m²,여,60~64세,23,20.5,통계연보 구간분포 보간
BMI,kg/m²,여,60~64세,24,20.6,통계연보 구간분포 보간
BMI,kg/m²,여,60~64세,25,20.7,통계연보 구간분포 보간
BMI,kg/m²,여,60~64세,26,20.8,통계연보 구간분포 보간
BMI,kg/m²,여,60~64세,27,20.9,통계연보 구간분포 보간
BMI,kg/m²,여,60~64세,28,21,통계연보 구간분포 보간
BMI,kg/m²,여,60~64세,29,21.1,통계연보 구간분포 보간
BMI,kg/m²,여,60~64세,30,21.2,통계연보 구간분포 보간
BMI,kg/m²,여,60~64세,31,21.3,통계연보 구간분포 보간
BMI,kg/m²,여,60~64세,32,21.4,통계연보 구간분포 보간
BMI,kg/m²,여,60~64세,33,21.5,통계연보 구간분포 보간
BMI,kg/m²,여,60~64세,34,21.6,통계연보 구간분포 보간
BMI,kg/m²,여,60~64세,35,21.7,통계연보 구간분포 보간
BMI,kg/m²,여,60~64세,36,21.8,통계연보 구간분포 보간
BMI,kg/m²,여,60~64세,37,21.9,통계연보 구간분포 보간
BMI,kg/m²,여,60~64세,38,22,통계연보 구간분포 보간
BMI,kg/m²,여,60~64세,39,22.1,통계연보 구간분포 보간
BMI,kg/m²,여,60~64세,40,22.2,통계연보 구간분포 보간
BMI,kg/m²,여,60~64세,41,22.3,통계연보 구간분포 보간
BMI,kg/m²,여,60~64세,42,22.4,통계연보 구간분포 보간
BMI,kg/m²,여,60~64세,43,22.5,통계연보 구간분포 보간
BMI,kg/m²,여,60~64세,44,22.6,통계연보 구간분포 보간
BMI,kg/m²,여,60~64세,45,22.7,통계연보 구간분포 보간
BMI,kg/m²,여,60~64세,46,22.8,통계연보 구간분포 보간
BMI,kg/m²,여,60~64세,47,22.9,통계연보 구간분포 보간
BMI,kg/m²,여,60~64세,48,23,통계연보 구간분포 보간
BMI,kg/m²,여,60~64세,49,23.1,통계연보 구간분포 보간
BMI,kg/m²,여,60~64세,50,23.2,통계연보 구간분포 보간
BMI,kg/m²,여,60~64세,51,23.3,통계연보 구간분포 보간
BMI,kg/m²,여,60~64세,52,23.4,통계연보 구간분포 보간
BMI,kg/m²,여,60~64세,53,23.5,통계연보 구간분포 보간
BMI,kg/m²,여,60~64세,54,23.6,통계연보 구간분포 보간
BMI,kg/m²,여,60~64세,55,23.7,통계연보 구간분포 보간
BMI,kg/m²,여,60~64세,56,23.8,통계연보 구간분포 보간
BMI,kg/m²,여,60~64세,57,23.9,통계연보 구간분포 보간
BMI,kg/m²,여,60~64세,58,24,통계연보 구간분포 보간
BMI,kg/m²,여,60~64세,59,24.1,통계연보 구간분포 보간
BMI,kg/m²,여,60~64세,60,24.2,통계연보 구간분포 보간
BMI,kg/m²,여,60~64세,61,24.3,통계연보 구간분포 보간
BMI,kg/m²,여,60~64세,62,24.4,통계연보 구간분포 보간
BMI,kg/m²,여,60~64세,63,24.5,통계연보 구간분포 보간
BMI,kg/m²,여,60~64세,64,24.6,통계연보 구간분포 보간
BMI,kg/m²,여,60~64세,65,24.7,통계연보 구간분포 보간
BMI,kg/m²,여,60~64세,66,24.8,통계연보 구간분포 보간
BMI,kg/m²,여,60~64세,67,24.9,통계연보 구간분포 보간
BMI,kg/m²,여,60~64세,68,25.1,통계연보 구간분포 보간
BMI,kg/m²,여,60~64세,69,25.3,통계연보 구간분포 보간
BMI,kg/m²,여,60~64세,70,25.4,통계연보 구간분포 보간
BMI,kg/m²,여,60~64세,71,25.6,통계연보 구간분포 보간
BMI,kg/m²,여,60~64세,72,25.8,통계연보 구간분포 보간
BMI,kg/m²,여,60~64세,73,26,통계연보 구간분포 보간
BMI,kg/m²,여,60~64세,74,26.2,통계연보 구간분포 보간
BMI,kg/m²,여,60~64세,75,26.4,통계연보 구간분포 보간
BMI,kg/m²,여,60~64세,76,26.5,통계연보 구간분포 보간
BMI,kg/m²,여,60~64세,77,26.7,통계연보 구간분포 보간
BMI,kg/m²,여,60~64세,78,26.9,통계연보 구간분포 보간
BMI,kg/m²,여,60~64세,79,27.1,통계연보 구간분포 보간
BMI,kg/m²,여,60~64세,80,27.3,통계연보 구간분포 보간
BMI,kg/m²,여,60~64세,81,27.4,통계연보 구간분포 보간
BMI,kg/m²,여,60~64세,82,27.6,통계연보 구간분포 보간
BMI,kg/m²,여,60~64세,83,27.8,통계연보 구간분포 보간
BMI,kg/m²,여,60~64세,84,28,통계연보 구간분포 보간
BMI,kg/m²,여,60~64세,85,28.2,통계연보 구간분포 보간
BMI,kg/m²,여,60~64세,86,28.3,통계연보 구간분포 보간
BMI,kg/m²,여,60~64세,87,28.5,통계연보 구간분포 보간
BMI,kg/m²,여,60~64세,88,28.7,통계연보 구간분포 보간
BMI,kg/m²,여,60~64세,89,28.9,통계연보 구간분포 보간
BMI,kg/m²,여,60~64세,90,29.1,통계연보 구간분포 보간
BMI,kg/m²,여,60~64세,91,29.2,통계연보 구간분포 보간
BMI,kg/m²,여,60~64세,92,29.4,통계연보 구간분포 보간
BMI,kg/m²,여,60~64세,93,29.6,통계연보 구간분포 보간
BMI,kg/m²,여,60~64세,94,29.8,통계연보 구간분포 보간
BMI,kg/m²,여,60~64세,95,30,통계연보 구간분포 보간
BMI,kg/m²,여,60~64세,96,31.6,통계연보 구간분포 보간
BMI,kg/m²,여,60~64세,97,33.8,통계연보 구간분포 보간
BMI,kg/m²,여,60~64세,98,35.9,통계연보 구간분포 보간
BMI,kg/m²,여,60~64세,99,38,통계연보 구간분포 보간
BMI,kg/m²,여,60~64세,100,50,통계연보 구간분포 보간
BMI,kg/m²,남,65~69세,1,17,통계연보 구간분포 보간
BMI,kg/m²,남,65~69세,2,18.6,통계연보 구간분포 보간
BMI,kg/m²,남,65~69세,3,18.7,통계연보 구간분포 보간
BMI,kg/m²,남,65~69세,4,18.8,통계연보 구간분포 보간
BMI,kg/m²,남,65~69세,5,18.9,통계연보 구간분포 보간
BMI,kg/m²,남,65~69세,6,19,통계연보 구간분포 보간
BMI,kg/m²,남,65~69세,7,19.1,통계연보 구간분포 보간
BMI,kg/m²,남,65~69세,8,19.3,통계연보 구간분포 보간
BMI,kg/m²,남,65~69세,9,19.4,통계연보 구간분포 보간
BMI,kg/m²,남,65~69세,10,19.5,통계연보 구간분포 보간
BMI,kg/m²,남,65~69세,11,19.6,통계연보 구간분포 보간
BMI,kg/m²,남,65~69세,12,19.7,통계연보 구간분포 보간
BMI,kg/m²,남,65~69세,13,19.8,통계연보 구간분포 보간
BMI,kg/m²,남,65~69세,14,19.9,통계연보 구간분포 보간
BMI,kg/m²,남,65~69세,15,20.1,통계연보 구간분포 보간
BMI,kg/m²,남,65~69세,16,20.2,통계연보 구간분포 보간
BMI,kg/m²,남,65~69세,17,20.3,통계연보 구간분포 보간
BMI,kg/m²,남,65~69세,18,20.4,통계연보 구간분포 보간
BMI,kg/m²,남,65~69세,19,20.5,통계연보 구간분포 보간
BMI,kg/m²,남,65~69세,20,20.6,통계연보 구간분포 보간
BMI,kg/m²,남,65~69세,21,20.8,통계연보 구간분포 보간
BMI,kg/m²,남,65~69세,22,20.9,통계연보 구간분포 보간
BMI,kg/m²,남,65~69세,23,21,통계연보 구간분포 보간
BMI,kg/m²,남,65~69세,24,21.1,통계연보 구간분포 보간
BMI,kg/m²,남,65~69세,25,21.2,통계연보 구간분포 보간
BMI,kg/m²,남,65~69세,26,21.3,통계연보 구간분포 보간
BMI,kg/m²,남,65~69세,27,21.5,통계연보 구간분포 보간
BMI,kg/m²,남,65~69세,28,21.6,통계연보 구간분포 보간
BMI,kg/m²,남,65~69세,29,21.7,통계연보 구간분포 보간
BMI,kg/m²,남,65~69세,30,21.8,통계연보 구간분포 보간
BMI,kg/m²,남,65~69세,31,21.9,통계연보 구간분포 보간
BMI,kg/m²,남,65~69세,32,22,통계연보 구간분포 보간
BMI,kg/m²,남,65~69세,33,22.2,통계연보 구간분포 보간
BMI,kg/m²,남,65~69세,34,22.3,통계연보 구간분포 보간
BMI,kg/m²,남,65~69세,35,22.4,통계연보 구간분포 보간
BMI,kg/m²,남,65~69세,36,22.5,통계연보 구간분포 보간
BMI,kg/m²,남,65~69세,37,22.6,통계연보 구간분포 보간
BMI,kg/m²,남,65~69세,38,22.7,통계연보 구간분포 보간
BMI,kg/m²,남,65~69세,39,22.9,통계연보 구간분포 보간
BMI,kg/m²,남,65~69세,40,23,통계연보 구간분포 보간
BMI,kg/m²,남,65~69세,41,23.1,통계연보 구간분포 보간
BMI,kg/m²,남,65~69세,42,23.2,통계연보 구간분포 보간
BMI,kg/m²,남,65~69세,43,23.3,통계연보 구간분포 보간
BMI,kg/m²,남,65~69세,44,23.4,통계연보 구간분포 보간
BMI,kg/m²,남,65~69세,45,23.6,통계연보 구간분포 보간
BMI,kg/m²,남,65~69세,46,23.7,통계연보 구간분포 보간
BMI,kg/m²,남,65~69세,47,23.8,통계연보 구간분포 보간
BMI,kg/m²,남,65~69세,48,23.9,통계연보 구간분포 보간
BMI,kg/m²,남,65~69세,49,24,통계연보 구간분포 보간
BMI,kg/m²,남,65~69세,50,24.1,통계연보 구간분포 보간
BMI,kg/m²,남,65~69세,51,24.2,통계연보 구간분포 보간
BMI,kg/m²,남,65~69세,52,24.4,통계연보 구간분포 보간
BMI,kg/m²,남,65~69세,53,24.5,통계연보 구간분포 보간
BMI,kg/m²,남,65~69세,54,24.6,통계연보 구간분포 보간
BMI,kg/m²,남,65~69세,55,24.7,통계연보 구간분포 보간
BMI,kg/m²,남,65~69세,56,24.8,통계연보 구간분포 보간
BMI,kg/m²,남,65~69세,57,24.9,통계연보 구간분포 보간
BMI,kg/m²,남,65~69세,58,25.1,통계연보 구간분포 보간
BMI,kg/m²,남,65~69세,59,25.2,통계연보 구간분포 보간
BMI,kg/m²,남,65~69세,60,25.3,통계연보 구간분포 보간
BMI,kg/m²,남,65~69세,61,25.5,통계연보 구간분포 보간
BMI,kg/m²,남,65~69세,62,25.6,통계연보 구간분포 보간
BMI,kg/m²,남,65~69세,63,25.7,통계연보 구간분포 보간
BMI,kg/m²,남,65~69세,64,25.8,통계연보 구간분포 보간
BMI,kg/m²,남,65~69세,65,26,통계연보 구간분포 보간
BMI,kg/m²,남,65~69세,66,26.1,통계연보 구간분포 보간
BMI,kg/m²,남,65~69세,67,26.2,통계연보 구간분포 보간
BMI,kg/m²,남,65~69세,68,26.4,통계연보 구간분포 보간
BMI,kg/m²,남,65~69세,69,26.5,통계연보 구간분포 보간
BMI,kg/m²,남,65~69세,70,26.6,통계연보 구간분포 보간
BMI,kg/m²,남,65~69세,71,26.7,통계연보 구간분포 보간
BMI,kg/m²,남,65~69세,72,26.9,통계연보 구간분포 보간
BMI,kg/m²,남,65~69세,73,27,통계연보 구간분포 보간
BMI,kg/m²,남,65~69세,74,27.1,통계연보 구간분포 보간
BMI,kg/m²,남,65~69세,75,27.3,통계연보 구간분포 보간
BMI,kg/m²,남,65~69세,76,27.4,통계연보 구간분포 보간
BMI,kg/m²,남,65~69세,77,27.5,통계연보 구간분포 보간
BMI,kg/m²,남,65~69세,78,27.6,통계연보 구간분포 보간
BMI,kg/m²,남,65~69세,79,27.8,통계연보 구간분포 보간
BMI,kg/m²,남,65~69세,80,27.9,통계연보 구간분포 보간
BMI,kg/m²,남,65~69세,81,28,통계연보 구간분포 보간
BMI,kg/m²,남,65~69세,82,28.2,통계연보 구간분포 보간
BMI,kg/m²,남,65~69세,83,28.3,통계연보 구간분포 보간
BMI,kg/m²,남,65~69세,84,28.4,통계연보 구간분포 보간
BMI,kg/m²,남,65~69세,85,28.5,통계연보 구간분포 보간
BMI,kg/m²,남,65~69세,86,28.7,통계연보 구간분포 보간
BMI,kg/m²,남,65~69세,87,28.8,통계연보 구간분포 보간
BMI,kg/m²,남,65~69세,88,28.9,통계연보 구간분포 보간
BMI,kg/m²,남,65~69세,89,29.1,통계연보 구간분포 보간
BMI,kg/m²,남,65~69세,90,29.2,통계연보 구간분포 보간
BMI,kg/m²,남,65~69세,91,29.3,통계연보 구간분포 보간
BMI,kg/m²,남,65~69세,92,29.5,통계연보 구간분포 보간
BMI,kg/m²,남,65~69세,93,29.6,통계연보 구간분포 보간
BMI,kg/m²,남,65~69세,94,29.7,통계연보 구간분포 보간
BMI,kg/m²,남,65~69세,95,29.8,통계연보 구간분포 보간
BMI,kg/m²,남,65~69세,96,30,통계연보 구간분포 보간
BMI,kg/m²,남,65~69세,97,32,통계연보 구간분포 보간
BMI,kg/m²,남,65~69세,98,34.7,통계연보 구간분포 보간
BMI,kg/m²,남,65~69세,99,37.4,통계연보 구간분포 보간
BMI,kg/m²,남,65~69세,100,50,통계연보 구간분포 보간
BMI,kg/m²,여,65~69세,1,15.8,통계연보 구간분포 보간
BMI,kg/m²,여,65~69세,2,17.5,통계연보 구간분포 보간
BMI,kg/m²,여,65~69세,3,18.5,통계연보 구간분포 보간
BMI,kg/m²,여,65~69세,4,18.7,통계연보 구간분포 보간
BMI,kg/m²,여,65~69세,5,18.8,통계연보 구간분포 보간
BMI,kg/m²,여,65~69세,6,18.9,통계연보 구간분포 보간
BMI,kg/m²,여,65~69세,7,19,통계연보 구간분포 보간
BMI,kg/m²,여,65~69세,8,19.1,통계연보 구간분포 보간
BMI,kg/m²,여,65~69세,9,19.2,통계연보 구간분포 보간
BMI,kg/m²,여,65~69세,10,19.3,통계연보 구간분포 보간
BMI,kg/m²,여,65~69세,11,19.4,통계연보 구간분포 보간
BMI,kg/m²,여,65~69세,12,19.5,통계연보 구간분포 보간
BMI,kg/m²,여,65~69세,13,19.6,통계연보 구간분포 보간
BMI,kg/m²,여,65~69세,14,19.7,통계연보 구간분포 보간
BMI,kg/m²,여,65~69세,15,19.8,통계연보 구간분포 보간
BMI,kg/m²,여,65~69세,16,19.9,통계연보 구간분포 보간
BMI,kg/m²,여,65~69세,17,20,통계연보 구간분포 보간
BMI,kg/m²,여,65~69세,18,20.1,통계연보 구간분포 보간
BMI,kg/m²,여,65~69세,19,20.2,통계연보 구간분포 보간
BMI,kg/m²,여,65~69세,20,20.3,통계연보 구간분포 보간
BMI,kg/m²,여,65~69세,21,20.4,통계연보 구간분포 보간
BMI,kg/m²,여,65~69세,22,20.6,통계연보 구간분포 보간
BMI,kg/m²,여,65~69세,23,20.7,통계연보 구간분포 보간
BMI,kg/m²,여,65~69세,24,20.8,통계연보 구간분포 보간
BMI,kg/m²,여,65~69세,25,20.9,통계연보 구간분포 보간
BMI,kg/m²,여,65~69세,26,21,통계연보 구간분포 보간
BMI,kg/m²,여,65~69세,27,21.1,통계연보 구간분포 보간
BMI,kg/m²,여,65~69세,28,21.2,통계연보 구간분포 보간
BMI,kg/m²,여,65~69세,29,21.3,통계연보 구간분포 보간
BMI,kg/m²,여,65~69세,30,21.4,통계연보 구간분포 보간
BMI,kg/m²,여,65~69세,31,21.5,통계연보 구간분포 보간
BMI,kg/m²,여,65~69세,32,21.6,통계연보 구간분포 보간
BMI,kg/m²,여,65~69세,33,21.7,통계연보 구간분포 보간
BMI,kg/m²,여,65~69세,34,21.8,통계연보 구간분포 보간
BMI,kg/m²,여,65~69세,35,21.9,통계연보 구간분포 보간
BMI,kg/m²,여,65~69세,36,22,통계연보 구간분포 보간
BMI,kg/m²,여,65~69세,37,22.1,통계연보 구간분포 보간
BMI,kg/m²,여,65~69세,38,22.2,통계연보 구간분포 보간
BMI,kg/m²,여,65~69세,39,22.3,통계연보 구간분포 보간
BMI,kg/m²,여,65~69세,40,22.5,통계연보 구간분포 보간
BMI,kg/m²,여,65~69세,41,22.6,통계연보 구간분포 보간
BMI,kg/m²,여,65~69세,42,22.7,통계연보 구간분포 보간
BMI,kg/m²,여,65~69세,43,22.8,통계연보 구간분포 보간
BMI,kg/m²,여,65~69세,44,22.9,통계연보 구간분포 보간
BMI,kg/m²,여,65~69세,45,23,통계연보 구간분포 보간
BMI,kg/m²,여,65~69세,46,23.1,통계연보 구간분포 보간
BMI,kg/m²,여,65~69세,47,23.2,통계연보 구간분포 보간
BMI,kg/m²,여,65~69세,48,23.3,통계연보 구간분포 보간
BMI,kg/m²,여,65~69세,49,23.4,통계연보 구간분포 보간
BMI,kg/m²,여,65~69세,50,23.5,통계연보 구간분포 보간
BMI,kg/m²,여,65~69세,51,23.6,통계연보 구간분포 보간
BMI,kg/m²,여,65~69세,52,23.7,통계연보 구간분포 보간
BMI,kg/m²,여,65~69세,53,23.8,통계연보 구간분포 보간
BMI,kg/m²,여,65~69세,54,23.9,통계연보 구간분포 보간
BMI,kg/m²,여,65~69세,55,24,통계연보 구간분포 보간
BMI,kg/m²,여,65~69세,56,24.1,통계연보 구간분포 보간
BMI,kg/m²,여,65~69세,57,24.2,통계연보 구간분포 보간
BMI,kg/m²,여,65~69세,58,24.4,통계연보 구간분포 보간
BMI,kg/m²,여,65~69세,59,24.5,통계연보 구간분포 보간
BMI,kg/m²,여,65~69세,60,24.6,통계연보 구간분포 보간
BMI,kg/m²,여,65~69세,61,24.7,통계연보 구간분포 보간
BMI,kg/m²,여,65~69세,62,24.8,통계연보 구간분포 보간
BMI,kg/m²,여,65~69세,63,24.9,통계연보 구간분포 보간
BMI,kg/m²,여,65~69세,64,25,통계연보 구간분포 보간
BMI,kg/m²,여,65~69세,65,25.1,통계연보 구간분포 보간
BMI,kg/m²,여,65~69세,66,25.3,통계연보 구간분포 보간
BMI,kg/m²,여,65~69세,67,25.5,통계연보 구간분포 보간
BMI,kg/m²,여,65~69세,68,25.6,통계연보 구간분포 보간
BMI,kg/m²,여,65~69세,69,25.8,통계연보 구간분포 보간
BMI,kg/m²,여,65~69세,70,26,통계연보 구간분포 보간
BMI,kg/m²,여,65~69세,71,26.1,통계연보 구간분포 보간
BMI,kg/m²,여,65~69세,72,26.3,통계연보 구간분포 보간
BMI,kg/m²,여,65~69세,73,26.4,통계연보 구간분포 보간
BMI,kg/m²,여,65~69세,74,26.6,통계연보 구간분포 보간
BMI,kg/m²,여,65~69세,75,26.8,통계연보 구간분포 보간
BMI,kg/m²,여,65~69세,76,26.9,통계연보 구간분포 보간
BMI,kg/m²,여,65~69세,77,27.1,통계연보 구간분포 보간
BMI,kg/m²,여,65~69세,78,27.3,통계연보 구간분포 보간
BMI,kg/m²,여,65~69세,79,27.4,통계연보 구간분포 보간
BMI,kg/m²,여,65~69세,80,27.6,통계연보 구간분포 보간
BMI,kg/m²,여,65~69세,81,27.7,통계연보 구간분포 보간
BMI,kg/m²,여,65~69세,82,27.9,통계연보 구간분포 보간
BMI,kg/m²,여,65~69세,83,28.1,통계연보 구간분포 보간
BMI,kg/m²,여,65~69세,84,28.2,통계연보 구간분포 보간
BMI,kg/m²,여,65~69세,85,28.4,통계연보 구간분포 보간
BMI,kg/m²,여,65~69세,86,28.6,통계연보 구간분포 보간
BMI,kg/m²,여,65~69세,87,28.7,통계연보 구간분포 보간
BMI,kg/m²,여,65~69세,88,28.9,통계연보 구간분포 보간
BMI,kg/m²,여,65~69세,89,29,통계연보 구간분포 보간
BMI,kg/m²,여,65~69세,90,29.2,통계연보 구간분포 보간
BMI,kg/m²,여,65~69세,91,29.4,통계연보 구간분포 보간
BMI,kg/m²,여,65~69세,92,29.5,통계연보 구간분포 보간
BMI,kg/m²,여,65~69세,93,29.7,통계연보 구간분포 보간
BMI,kg/m²,여,65~69세,94,29.8,통계연보 구간분포 보간
BMI,kg/m²,여,65~69세,95,30.1,통계연보 구간분포 보간
BMI,kg/m²,여,65~69세,96,32.1,통계연보 구간분포 보간
BMI,kg/m²,여,65~69세,97,34.1,통계연보 구간분포 보간
BMI,kg/m²,여,65~69세,98,36.1,통계연보 구간분포 보간
BMI,kg/m²,여,65~69세,99,38.1,통계연보 구간분포 보간
BMI,kg/m²,여,65~69세,100,50,통계연보 구간분포 보간
BMI,kg/m²,남,70~74세,1,16.4,통계연보 구간분포 보간
BMI,kg/m²,남,70~74세,2,18.5,통계연보 구간분포 보간
BMI,kg/m²,남,70~74세,3,18.6,통계연보 구간분포 보간
BMI,kg/m²,남,70~74세,4,18.7,통계연보 구간분포 보간
BMI,kg/m²,남,70~74세,5,18.8,통계연보 구간분포 보간
BMI,kg/m²,남,70~74세,6,19,통계연보 구간분포 보간
BMI,kg/m²,남,70~74세,7,19.1,통계연보 구간분포 보간
BMI,kg/m²,남,70~74세,8,19.2,통계연보 구간분포 보간
BMI,kg/m²,남,70~74세,9,19.3,통계연보 구간분포 보간
BMI,kg/m²,남,70~74세,10,19.4,통계연보 구간분포 보간
BMI,kg/m²,남,70~74세,11,19.5,통계연보 구간분포 보간
BMI,kg/m²,남,70~74세,12,19.6,통계연보 구간분포 보간
BMI,kg/m²,남,70~74세,13,19.7,통계연보 구간분포 보간
BMI,kg/m²,남,70~74세,14,19.9,통계연보 구간분포 보간
BMI,kg/m²,남,70~74세,15,20,통계연보 구간분포 보간
BMI,kg/m²,남,70~74세,16,20.1,통계연보 구간분포 보간
BMI,kg/m²,남,70~74세,17,20.2,통계연보 구간분포 보간
BMI,kg/m²,남,70~74세,18,20.3,통계연보 구간분포 보간
BMI,kg/m²,남,70~74세,19,20.4,통계연보 구간분포 보간
BMI,kg/m²,남,70~74세,20,20.5,통계연보 구간분포 보간
BMI,kg/m²,남,70~74세,21,20.6,통계연보 구간분포 보간
BMI,kg/m²,남,70~74세,22,20.8,통계연보 구간분포 보간
BMI,kg/m²,남,70~74세,23,20.9,통계연보 구간분포 보간
BMI,kg/m²,남,70~74세,24,21,통계연보 구간분포 보간
BMI,kg/m²,남,70~74세,25,21.1,통계연보 구간분포 보간
BMI,kg/m²,남,70~74세,26,21.2,통계연보 구간분포 보간
BMI,kg/m²,남,70~74세,27,21.3,통계연보 구간분포 보간
BMI,kg/m²,남,70~74세,28,21.4,통계연보 구간분포 보간
BMI,kg/m²,남,70~74세,29,21.6,통계연보 구간분포 보간
BMI,kg/m²,남,70~74세,30,21.7,통계연보 구간분포 보간
BMI,kg/m²,남,70~74세,31,21.8,통계연보 구간분포 보간
BMI,kg/m²,남,70~74세,32,21.9,통계연보 구간분포 보간
BMI,kg/m²,남,70~74세,33,22,통계연보 구간분포 보간
BMI,kg/m²,남,70~74세,34,22.1,통계연보 구간분포 보간
BMI,kg/m²,남,70~74세,35,22.2,통계연보 구간분포 보간
BMI,kg/m²,남,70~74세,36,22.3,통계연보 구간분포 보간
BMI,kg/m²,남,70~74세,37,22.5,통계연보 구간분포 보간
BMI,kg/m²,남,70~74세,38,22.6,통계연보 구간분포 보간
BMI,kg/m²,남,70~74세,39,22.7,통계연보 구간분포 보간
BMI,kg/m²,남,70~74세,40,22.8,통계연보 구간분포 보간
BMI,kg/m²,남,70~74세,41,22.9,통계연보 구간분포 보간
BMI,kg/m²,남,70~74세,42,23,통계연보 구간분포 보간
BMI,kg/m²,남,70~74세,43,23.1,통계연보 구간분포 보간
BMI,kg/m²,남,70~74세,44,23.2,통계연보 구간분포 보간
BMI,kg/m²,남,70~74세,45,23.4,통계연보 구간분포 보간
BMI,kg/m²,남,70~74세,46,23.5,통계연보 구간분포 보간
BMI,kg/m²,남,70~74세,47,23.6,통계연보 구간분포 보간
BMI,kg/m²,남,70~74세,48,23.7,통계연보 구간분포 보간
BMI,kg/m²,남,70~74세,49,23.8,통계연보 구간분포 보간
BMI,kg/m²,남,70~74세,50,23.9,통계연보 구간분포 보간
BMI,kg/m²,남,70~74세,51,24,통계연보 구간분포 보간
BMI,kg/m²,남,70~74세,52,24.1,통계연보 구간분포 보간
BMI,kg/m²,남,70~74세,53,24.3,통계연보 구간분포 보간
BMI,kg/m²,남,70~74세,54,24.4,통계연보 구간분포 보간
BMI,kg/m²,남,70~74세,55,24.5,통계연보 구간분포 보간
BMI,kg/m²,남,70~74세,56,24.6,통계연보 구간분포 보간
BMI,kg/m²,남,70~74세,57,24.7,통계연보 구간분포 보간
BMI,kg/m²,남,70~74세,58,24.8,통계연보 구간분포 보간
BMI,kg/m²,남,70~74세,59,24.9,통계연보 구간분포 보간
BMI,kg/m²,남,70~74세,60,25,통계연보 구간분포 보간
BMI,kg/m²,남,70~74세,61,25.2,통계연보 구간분포 보간
BMI,kg/m²,남,70~74세,62,25.3,통계연보 구간분포 보간
BMI,kg/m²,남,70~74세,63,25.5,통계연보 구간분포 보간
BMI,kg/m²,남,70~74세,64,25.6,통계연보 구간분포 보간
BMI,kg/m²,남,70~74세,65,25.7,통계연보 구간분포 보간
BMI,kg/m²,남,70~74세,66,25.9,통계연보 구간분포 보간
BMI,kg/m²,남,70~74세,67,26,통계연보 구간분포 보간
BMI,kg/m²,남,70~74세,68,26.1,통계연보 구간분포 보간
BMI,kg/m²,남,70~74세,69,26.3,통계연보 구간분포 보간
BMI,kg/m²,남,70~74세,70,26.4,통계연보 구간분포 보간
BMI,kg/m²,남,70~74세,71,26.5,통계연보 구간분포 보간
BMI,kg/m²,남,70~74세,72,26.7,통계연보 구간분포 보간
BMI,kg/m²,남,70~74세,73,26.8,통계연보 구간분포 보간
BMI,kg/m²,남,70~74세,74,26.9,통계연보 구간분포 보간
BMI,kg/m²,남,70~74세,75,27.1,통계연보 구간분포 보간
BMI,kg/m²,남,70~74세,76,27.2,통계연보 구간분포 보간
BMI,kg/m²,남,70~74세,77,27.3,통계연보 구간분포 보간
BMI,kg/m²,남,70~74세,78,27.5,통계연보 구간분포 보간
BMI,kg/m²,남,70~74세,79,27.6,통계연보 구간분포 보간
BMI,kg/m²,남,70~74세,80,27.7,통계연보 구간분포 보간
BMI,kg/m²,남,70~74세,81,27.9,통계연보 구간분포 보간
BMI,kg/m²,남,70~74세,82,28,통계연보 구간분포 보간
BMI,kg/m²,남,70~74세,83,28.1,통계연보 구간분포 보간
BMI,kg/m²,남,70~74세,84,28.3,통계연보 구간분포 보간
BMI,kg/m²,남,70~74세,85,28.4,통계연보 구간분포 보간
BMI,kg/m²,남,70~74세,86,28.6,통계연보 구간분포 보간
BMI,kg/m²,남,70~74세,87,28.7,통계연보 구간분포 보간
BMI,kg/m²,남,70~74세,88,28.8,통계연보 구간분포 보간
BMI,kg/m²,남,70~74세,89,29,통계연보 구간분포 보간
BMI,kg/m²,남,70~74세,90,29.1,통계연보 구간분포 보간
BMI,kg/m²,남,70~74세,91,29.2,통계연보 구간분포 보간
BMI,kg/m²,남,70~74세,92,29.4,통계연보 구간분포 보간
BMI,kg/m²,남,70~74세,93,29.5,통계연보 구간분포 보간
BMI,kg/m²,남,70~74세,94,29.6,통계연보 구간분포 보간
BMI,kg/m²,남,70~74세,95,29.8,통계연보 구간분포 보간
BMI,kg/m²,남,70~74세,96,29.9,통계연보 구간분포 보간
BMI,kg/m²,남,70~74세,97,30.8,통계연보 구간분포 보간
BMI,kg/m²,남,70~74세,98,33.9,통계연보 구간분포 보간
BMI,kg/m²,남,70~74세,99,37,통계연보 구간분포 보간
BMI,kg/m²,남,70~74세,100,50,통계연보 구간분포 보간
BMI,kg/m²,여,70~74세,1,15.9,통계연보 구간분포 보간
BMI,kg/m²,여,70~74세,2,17.8,통계연보 구간분포 보간
BMI,kg/m²,여,70~74세,3,18.6,통계연보 구간분포 보간
BMI,kg/m²,여,70~74세,4,18.7,통계연보 구간분포 보간
BMI,kg/m²,여,70~74세,5,18.8,통계연보 구간분포 보간
BMI,kg/m²,여,70~74세,6,18.9,통계연보 구간분포 보간
BMI,kg/m²,여,70~74세,7,19,통계연보 구간분포 보간
BMI,kg/m²,여,70~74세,8,19.1,통계연보 구간분포 보간
BMI,kg/m²,여,70~74세,9,19.2,통계연보 구간분포 보간
BMI,kg/m²,여,70~74세,10,19.4,통계연보 구간분포 보간
BMI,kg/m²,여,70~74세,11,19.5,통계연보 구간분포 보간
BMI,kg/m²,여,70~74세,12,19.6,통계연보 구간분포 보간
BMI,kg/m²,여,70~74세,13,19.7,통계연보 구간분포 보간
BMI,kg/m²,여,70~74세,14,19.8,통계연보 구간분포 보간
BMI,kg/m²,여,70~74세,15,19.9,통계연보 구간분포 보간
BMI,kg/m²,여,70~74세,16,20,통계연보 구간분포 보간
BMI,kg/m²,여,70~74세,17,20.2,통계연보 구간분포 보간
BMI,kg/m²,여,70~74세,18,20.3,통계연보 구간분포 보간
BMI,kg/m²,여,70~74세,19,20.4,통계연보 구간분포 보간
BMI,kg/m²,여,70~74세,20,20.5,통계연보 구간분포 보간
BMI,kg/m²,여,70~74세,21,20.6,통계연보 구간분포 보간
BMI,kg/m²,여,70~74세,22,20.7,통계연보 구간분포 보간
BMI,kg/m²,여,70~74세,23,20.8,통계연보 구간분포 보간
BMI,kg/m²,여,70~74세,24,20.9,통계연보 구간분포 보간
BMI,kg/m²,여,70~74세,25,21.1,통계연보 구간분포 보간
BMI,kg/m²,여,70~74세,26,21.2,통계연보 구간분포 보간
BMI,kg/m²,여,70~74세,27,21.3,통계연보 구간분포 보간
BMI,kg/m²,여,70~74세,28,21.4,통계연보 구간분포 보간
BMI,kg/m²,여,70~74세,29,21.5,통계연보 구간분포 보간
BMI,kg/m²,여,70~74세,30,21.6,통계연보 구간분포 보간
BMI,kg/m²,여,70~74세,31,21.7,통계연보 구간분포 보간
BMI,kg/m²,여,70~74세,32,21.8,통계연보 구간분포 보간
BMI,kg/m²,여,70~74세,33,22,통계연보 구간분포 보간
BMI,kg/m²,여,70~74세,34,22.1,통계연보 구간분포 보간
BMI,kg/m²,여,70~74세,35,22.2,통계연보 구간분포 보간
BMI,kg/m²,여,70~74세,36,22.3,통계연보 구간분포 보간
BMI,kg/m²,여,70~74세,37,22.4,통계연보 구간분포 보간
BMI,kg/m²,여,70~74세,38,22.5,통계연보 구간분포 보간
BMI,kg/m²,여,70~74세,39,22.6,통계연보 구간분포 보간
BMI,kg/m²,여,70~74세,40,22.7,통계연보 구간분포 보간
BMI,kg/m²,여,70~74세,41,22.9,통계연보 구간분포 보간
BMI,kg/m²,여,70~74세,42,23,통계연보 구간분포 보간
BMI,kg/m²,여,70~74세,43,23.1,통계연보 구간분포 보간
BMI,kg/m²,여,70~74세,44,23.2,통계연보 구간분포 보간
BMI,kg/m²,여,70~74세,45,23.3,통계연보 구간분포 보간
BMI,kg/m²,여,70~74세,46,23.4,통계연보 구간분포 보간
BMI,kg/m²,여,70~74세,47,23.5,통계연보 구간분포 보간
BMI,kg/m²,여,70~74세,48,23.7,통계연보 구간분포 보간
BMI,kg/m²,여,70~74세,49,23.8,통계연보 구간분포 보간
BMI,kg/m²,여,70~74세,50,23.9,통계연보 구간분포 보간
BMI,kg/m²,여,70~74세,51,24,통계연보 구간분포 보간
BMI,kg/m²,여,70~74세,52,24.1,통계연보 구간분포 보간
BMI,kg/m²,여,70~74세,53,24.2,통계연보 구간분포 보간
BMI,kg/m²,여,70~74세,54,24.3,통계연보 구간분포 보간
BMI,kg/m²,여,70~74세,55,24.4,통계연보 구간분포 보간
BMI,kg/m²,여,70~74세,56,24.6,통계연보 구간분포 보간
BMI,kg/m²,여,70~74세,57,24.7,통계연보 구간분포 보간
BMI,kg/m²,여,70~74세,58,24.8,통계연보 구간분포 보간
BMI,kg/m²,여,70~74세,59,24.9,통계연보 구간분포 보간
BMI,kg/m²,여,70~74세,60,25,통계연보 구간분포 보간
BMI,kg/m²,여,70~74세,61,25.2,통계연보 구간분포 보간
BMI,kg/m²,여,70~74세,62,25.3,통계연보 구간분포 보간
BMI,kg/m²,여,70~74세,63,25.4,통계연보 구간분포 보간
BMI,kg/m²,여,70~74세,64,25.6,통계연보 구간분포 보간
BMI,kg/m²,여,70~74세,65,25.7,통계연보 구간분포 보간
BMI,kg/m²,여,70~74세,66,25.9,통계연보 구간분포 보간
BMI,kg/m²,여,70~74세,67,26,통계연보 구간분포 보간
BMI,kg/m²,여,70~74세,68,26.2,통계연보 구간분포 보간
BMI,kg/m²,여,70~74세,69,26.3,통계연보 구간분포 보간
BMI,kg/m²,여,70~74세,70,26.5,통계연보 구간분포 보간
BMI,kg/m²,여,70~74세,71,26.6,통계연보 구간분포 보간
BMI,kg/m²,여,70~74세,72,26.8,통계연보 구간분포 보간
BMI,kg/m²,여,70~74세,73,26.9,통계연보 구간분포 보간
BMI,kg/m²,여,70~74세,74,27.1,통계연보 구간분포 보간
BMI,kg/m²,여,70~74세,75,27.2,통계연보 구간분포 보간
BMI,kg/m²,여,70~74세,76,27.3,통계연보 구간분포 보간
BMI,kg/m²,여,70~74세,77,27.5,통계연보 구간분포 보간
BMI,kg/m²,여,70~74세,78,27.6,통계연보 구간분포 보간
BMI,kg/m²,여,70~74세,79,27.8,통계연보 구간분포 보간
BMI,kg/m²,여,70~74세,80,27.9,통계연보 구간분포 보간
BMI,kg/m²,여,70~74세,81,28.1,통계연보 구간분포 보간
BMI,kg/m²,여,70~74세,82,28.2,통계연보 구간분포 보간
BMI,kg/m²,여,70~74세,83,28.4,통계연보 구간분포 보간
BMI,kg/m²,여,70~74세,84,28.5,통계연보 구간분포 보간
BMI,kg/m²,여,70~74세,85,28.7,통계연보 구간분포 보간
BMI,kg/m²,여,70~74세,86,28.8,통계연보 구간분포 보간
BMI,kg/m²,여,70~74세,87,29,통계연보 구간분포 보간
BMI,kg/m²,여,70~74세,88,29.1,통계연보 구간분포 보간
BMI,kg/m²,여,70~74세,89,29.2,통계연보 구간분포 보간
BMI,kg/m²,여,70~74세,90,29.4,통계연보 구간분포 보간
BMI,kg/m²,여,70~74세,91,29.5,통계연보 구간분포 보간
BMI,kg/m²,여,70~74세,92,29.7,통계연보 구간분포 보간
BMI,kg/m²,여,70~74세,93,29.8,통계연보 구간분포 보간
BMI,kg/m²,여,70~74세,94,30,통계연보 구간분포 보간
BMI,kg/m²,여,70~74세,95,31.5,통계연보 구간분포 보간
BMI,kg/m²,여,70~74세,96,33.2,통계연보 구간분포 보간
BMI,kg/m²,여,70~74세,97,34.9,통계연보 구간분포 보간
BMI,kg/m²,여,70~74세,98,36.7,통계연보 구간분포 보간
BMI,kg/m²,여,70~74세,99,38.4,통계연보 구간분포 보간
BMI,kg/m²,여,70~74세,100,50,통계연보 구간분포 보간
BMI,kg/m²,남,75~79세,1,15.8,통계연보 구간분포 보간
BMI,kg/m²,남,75~79세,2,17.6,통계연보 구간분포 보간
BMI,kg/m²,남,75~79세,3,18.6,통계연보 구간분포 보간
BMI,kg/m²,남,75~79세,4,18.7,통계연보 구간분포 보간
BMI,kg/m²,남,75~79세,5,18.8,통계연보 구간분포 보간
BMI,kg/m²,남,75~79세,6,18.9,통계연보 구간분포 보간
BMI,kg/m²,남,75~79세,7,19,통계연보 구간분포 보간
BMI,kg/m²,남,75~79세,8,19.1,통계연보 구간분포 보간
BMI,kg/m²,남,75~79세,9,19.2,통계연보 구간분포 보간
BMI,kg/m²,남,75~79세,10,19.3,통계연보 구간분포 보간
BMI,kg/m²,남,75~79세,11,19.4,통계연보 구간분포 보간
BMI,kg/m²,남,75~79세,12,19.5,통계연보 구간분포 보간
BMI,kg/m²,남,75~79세,13,19.6,통계연보 구간분포 보간
BMI,kg/m²,남,75~79세,14,19.7,통계연보 구간분포 보간
BMI,kg/m²,남,75~79세,15,19.9,통계연보 구간분포 보간
BMI,kg/m²,남,75~79세,16,20,통계연보 구간분포 보간
BMI,kg/m²,남,75~79세,17,20.1,통계연보 구간분포 보간
BMI,kg/m²,남,75~79세,18,20.2,통계연보 구간분포 보간
BMI,kg/m²,남,75~79세,19,20.3,통계연보 구간분포 보간
BMI,kg/m²,남,75~79세,20,20.4,통계연보 구간분포 보간
BMI,kg/m²,남,75~79세,21,20.5,통계연보 구간분포 보간
BMI,kg/m²,남,75~79세,22,20.6,통계연보 구간분포 보간
BMI,kg/m²,남,75~79세,23,20.7,통계연보 구간분포 보간
BMI,kg/m²,남,75~79세,24,20.8,통계연보 구간분포 보간
BMI,kg/m²,남,75~79세,25,20.9,통계연보 구간분포 보간
BMI,kg/m²,남,75~79세,26,21.1,통계연보 구간분포 보간
BMI,kg/m²,남,75~79세,27,21.2,통계연보 구간분포 보간
BMI,kg/m²,남,75~79세,28,21.3,통계연보 구간분포 보간
BMI,kg/m²,남,75~79세,29,21.4,통계연보 구간분포 보간
BMI,kg/m²,남,75~79세,30,21.5,통계연보 구간분포 보간
BMI,kg/m²,남,75~79세,31,21.6,통계연보 구간분포 보간
BMI,kg/m²,남,75~79세,32,21.7,통계연보 구간분포 보간
BMI,kg/m²,남,75~79세,33,21.8,통계연보 구간분포 보간
BMI,kg/m²,남,75~79세,34,21.9,통계연보 구간분포 보간
BMI,kg/m²,남,75~79세,35,22,통계연보 구간분포 보간
BMI,kg/m²,남,75~79세,36,22.1,통계연보 구간분포 보간
BMI,kg/m²,남,75~79세,37,22.3,통계연보 구간분포 보간
BMI,kg/m²,남,75~79세,38,22.4,통계연보 구간분포 보간
BMI,kg/m²,남,75~79세,39,22.5,통계연보 구간분포 보간
BMI,kg/m²,남,75~79세,40,22.6,통계연보 구간분포 보간
BMI,kg/m²,남,75~79세,41,22.7,통계연보 구간분포 보간
BMI,kg/m²,남,75~79세,42,22.8,통계연보 구간분포 보간
BMI,kg/m²,남,75~79세,43,22.9,통계연보 구간분포 보간
BMI,kg/m²,남,75~79세,44,23,통계연보 구간분포 보간
BMI,kg/m²,남,75~79세,45,23.1,통계연보 구간분포 보간
BMI,kg/m²,남,75~79세,46,23.2,통계연보 구간분포 보간
BMI,kg/m²,남,75~79세,47,23.3,통계연보 구간분포 보간
BMI,kg/m²,남,75~79세,48,23.4,통계연보 구간분포 보간
BMI,kg/m²,남,75~79세,49,23.6,통계연보 구간분포 보간
BMI,kg/m²,남,75~79세,50,23.7,통계연보 구간분포 보간
BMI,kg/m²,남,75~79세,51,23.8,통계연보 구간분포 보간
BMI,kg/m²,남,75~79세,52,23.9,통계연보 구간분포 보간
BMI,kg/m²,남,75~79세,53,24,통계연보 구간분포 보간
BMI,kg/m²,남,75~79세,54,24.1,통계연보 구간분포 보간
BMI,kg/m²,남,75~79세,55,24.2,통계연보 구간분포 보간
BMI,kg/m²,남,75~79세,56,24.3,통계연보 구간분포 보간
BMI,kg/m²,남,75~79세,57,24.4,통계연보 구간분포 보간
BMI,kg/m²,남,75~79세,58,24.5,통계연보 구간분포 보간
BMI,kg/m²,남,75~79세,59,24.6,통계연보 구간분포 보간
BMI,kg/m²,남,75~79세,60,24.8,통계연보 구간분포 보간
BMI,kg/m²,남,75~79세,61,24.9,통계연보 구간분포 보간
BMI,kg/m²,남,75~79세,62,25,통계연보 구간분포 보간
BMI,kg/m²,남,75~79세,63,25.1,통계연보 구간분포 보간
BMI,kg/m²,남,75~79세,64,25.2,통계연보 구간분포 보간
BMI,kg/m²,남,75~79세,65,25.4,통계연보 구간분포 보간
BMI,kg/m²,남,75~79세,66,25.5,통계연보 구간분포 보간
BMI,kg/m²,남,75~79세,67,25.7,통계연보 구간분포 보간
BMI,kg/m²,남,75~79세,68,25.8,통계연보 구간분포 보간
BMI,kg/m²,남,75~79세,69,26,통계연보 구간분포 보간
BMI,kg/m²,남,75~79세,70,26.1,통계연보 구간분포 보간
BMI,kg/m²,남,75~79세,71,26.2,통계연보 구간분포 보간
BMI,kg/m²,남,75~79세,72,26.4,통계연보 구간분포 보간
BMI,kg/m²,남,75~79세,73,26.5,통계연보 구간분포 보간
BMI,kg/m²,남,75~79세,74,26.7,통계연보 구간분포 보간
BMI,kg/m²,남,75~79세,75,26.8,통계연보 구간분포 보간
BMI,kg/m²,남,75~79세,76,27,통계연보 구간분포 보간
BMI,kg/m²,남,75~79세,77,27.1,통계연보 구간분포 보간
BMI,kg/m²,남,75~79세,78,27.3,통계연보 구간분포 보간
BMI,kg/m²,남,75~79세,79,27.4,통계연보 구간분포 보간
BMI,kg/m²,남,75~79세,80,27.5,통계연보 구간분포 보간
BMI,kg/m²,남,75~79세,81,27.7,통계연보 구간분포 보간
BMI,kg/m²,남,75~79세,82,27.8,통계연보 구간분포 보간
BMI,kg/m²,남,75~79세,83,28,통계연보 구간분포 보간
BMI,kg/m²,남,75~79세,84,28.1,통계연보 구간분포 보간
BMI,kg/m²,남,75~79세,85,28.3,통계연보 구간분포 보간
BMI,kg/m²,남,75~79세,86,28.4,통계연보 구간분포 보간
BMI,kg/m²,남,75~79세,87,28.5,통계연보 구간분포 보간
BMI,kg/m²,남,75~79세,88,28.7,통계연보 구간분포 보간
BMI,kg/m²,남,75~79세,89,28.8,통계연보 구간분포 보간
BMI,kg/m²,남,75~79세,90,29,통계연보 구간분포 보간
BMI,kg/m²,남,75~79세,91,29.1,통계연보 구간분포 보간
BMI,kg/m²,남,75~79세,92,29.3,통계연보 구간분포 보간
BMI,kg/m²,남,75~79세,93,29.4,통계연보 구간분포 보간
BMI,kg/m²,남,75~79세,94,29.5,통계연보 구간분포 보간
BMI,kg/m²,남,75~79세,95,29.7,통계연보 구간분포 보간
BMI,kg/m²,남,75~79세,96,29.8,통계연보 구간분포 보간
BMI,kg/m²,남,75~79세,97,30,통계연보 구간분포 보간
BMI,kg/m²,남,75~79세,98,32.9,통계연보 구간분포 보간
BMI,kg/m²,남,75~79세,99,36.5,통계연보 구간분포 보간
BMI,kg/m²,남,75~79세,100,50,통계연보 구간분포 보간
BMI,kg/m²,여,75~79세,1,15.7,통계연보 구간분포 보간
BMI,kg/m²,여,75~79세,2,17.4,통계연보 구간분포 보간
BMI,kg/m²,여,75~79세,3,18.5,통계연보 구간분포 보간
BMI,kg/m²,여,75~79세,4,18.7,통계연보 구간분포 보간
BMI,kg/m²,여,75~79세,5,18.8,통계연보 구간분포 보간
BMI,kg/m²,여,75~79세,6,18.9,통계연보 구간분포 보간
BMI,kg/m²,여,75~79세,7,19,통계연보 구간분포 보간
BMI,kg/m²,여,75~79세,8,19.1,통계연보 구간분포 보간
BMI,kg/m²,여,75~79세,9,19.2,통계연보 구간분포 보간
BMI,kg/m²,여,75~79세,10,19.4,통계연보 구간분포 보간
BMI,kg/m²,여,75~79세,11,19.5,통계연보 구간분포 보간
BMI,kg/m²,여,75~79세,12,19.6,통계연보 구간분포 보간
BMI,kg/m²,여,75~79세,13,19.7,통계연보 구간분포 보간
BMI,kg/m²,여,75~79세,14,19.8,통계연보 구간분포 보간
BMI,kg/m²,여,75~79세,15,19.9,통계연보 구간분포 보간
BMI,kg/m²,여,75~79세,16,20.1,통계연보 구간분포 보간
BMI,kg/m²,여,75~79세,17,20.2,통계연보 구간분포 보간
BMI,kg/m²,여,75~79세,18,20.3,통계연보 구간분포 보간
BMI,kg/m²,여,75~79세,19,20.4,통계연보 구간분포 보간
BMI,kg/m²,여,75~79세,20,20.5,통계연보 구간분포 보간
BMI,kg/m²,여,75~79세,21,20.6,통계연보 구간분포 보간
BMI,kg/m²,여,75~79세,22,20.7,통계연보 구간분포 보간
BMI,kg/m²,여,75~79세,23,20.9,통계연보 구간분포 보간
BMI,kg/m²,여,75~79세,24,21,통계연보 구간분포 보간
BMI,kg/m²,여,75~79세,25,21.1,통계연보 구간분포 보간
BMI,kg/m²,여,75~79세,26,21.2,통계연보 구간분포 보간
BMI,kg/m²,여,75~79세,27,21.3,통계연보 구간분포 보간
BMI,kg/m²,여,75~79세,28,21.4,통계연보 구간분포 보간
BMI,kg/m²,여,75~79세,29,21.6,통계연보 구간분포 보간
BMI,kg/m²,여,75~79세,30,21.7,통계연보 구간분포 보간
BMI,kg/m²,여,75~79세,31,21.8,통계연보 구간분포 보간
BMI,kg/m²,여,75~79세,32,21.9,통계연보 구간분포 보간
BMI,kg/m²,여,75~79세,33,22,통계연보 구간분포 보간
BMI,kg/m²,여,75~79세,34,22.1,통계연보 구간분포 보간
BMI,kg/m²,여,75~79세,35,22.3,통계연보 구간분포 보간
BMI,kg/m²,여,75~79세,36,22.4,통계연보 구간분포 보간
BMI,kg/m²,여,75~79세,37,22.5,통계연보 구간분포 보간
BMI,kg/m²,여,75~79세,38,22.6,통계연보 구간분포 보간
BMI,kg/m²,여,75~79세,39,22.7,통계연보 구간분포 보간
BMI,kg/m²,여,75~79세,40,22.8,통계연보 구간분포 보간
BMI,kg/m²,여,75~79세,41,23,통계연보 구간분포 보간
BMI,kg/m²,여,75~79세,42,23.1,통계연보 구간분포 보간
BMI,kg/m²,여,75~79세,43,23.2,통계연보 구간분포 보간
BMI,kg/m²,여,75~79세,44,23.3,통계연보 구간분포 보간
BMI,kg/m²,여,75~79세,45,23.4,통계연보 구간분포 보간
BMI,kg/m²,여,75~79세,46,23.5,통계연보 구간분포 보간
BMI,kg/m²,여,75~79세,47,23.7,통계연보 구간분포 보간
BMI,kg/m²,여,75~79세,48,23.8,통계연보 구간분포 보간
BMI,kg/m²,여,75~79세,49,23.9,통계연보 구간분포 보간
BMI,kg/m²,여,75~79세,50,24,통계연보 구간분포 보간
BMI,kg/m²,여,75~79세,51,24.1,통계연보 구간분포 보간
BMI,kg/m²,여,75~79세,52,24.2,통계연보 구간분포 보간
BMI,kg/m²,여,75~79세,53,24.4,통계연보 구간분포 보간
BMI,kg/m²,여,75~79세,54,24.5,통계연보 구간분포 보간
BMI,kg/m²,여,75~79세,55,24.6,통계연보 구간분포 보간
BMI,kg/m²,여,75~79세,56,24.7,통계연보 구간분포 보간
BMI,kg/m²,여,75~79세,57,24.8,통계연보 구간분포 보간
BMI,kg/m²,여,75~79세,58,24.9,통계연보 구간분포 보간
BMI,kg/m²,여,75~79세,59,25.1,통계연보 구간분포 보간
BMI,kg/m²,여,75~79세,60,25.2,통계연보 구간분포 보간
BMI,kg/m²,여,75~79세,61,25.3,통계연보 구간분포 보간
BMI,kg/m²,여,75~79세,62,25.5,통계연보 구간분포 보간
BMI,kg/m²,여,75~79세,63,25.6,통계연보 구간분포 보간
BMI,kg/m²,여,75~79세,64,25.8,통계연보 구간분포 보간
BMI,kg/m²,여,75~79세,65,25.9,통계연보 구간분포 보간
BMI,kg/m²,여,75~79세,66,26.1,통계연보 구간분포 보간
BMI,kg/m²,여,75~79세,67,26.2,통계연보 구간분포 보간
BMI,kg/m²,여,75~79세,68,26.3,통계연보 구간분포 보간
BMI,kg/m²,여,75~79세,69,26.5,통계연보 구간분포 보간
BMI,kg/m²,여,75~79세,70,26.6,통계연보 구간분포 보간
BMI,kg/m²,여,75~79세,71,26.8,통계연보 구간분포 보간
BMI,kg/m²,여,75~79세,72,26.9,통계연보 구간분포 보간
BMI,kg/m²,여,75~79세,73,27,통계연보 구간분포 보간
BMI,kg/m²,여,75~79세,74,27.2,통계연보 구간분포 보간
BMI,kg/m²,여,75~79세,75,27.3,통계연보 구간분포 보간
BMI,kg/m²,여,75~79세,76,27.5,통계연보 구간분포 보간
BMI,kg/m²,여,75~79세,77,27.6,통계연보 구간분포 보간
BMI,kg/m²,여,75~79세,78,27.7,통계연보 구간분포 보간
BMI,kg/m²,여,75~79세,79,27.9,통계연보 구간분포 보간
BMI,kg/m²,여,75~79세,80,28,통계연보 구간분포 보간
BMI,kg/m²,여,75~79세,81,28.2,통계연보 구간분포 보간
BMI,kg/m²,여,75~79세,82,28.3,통계연보 구간분포 보간
BMI,kg/m²,여,75~79세,83,28.4,통계연보 구간분포 보간
BMI,kg/m²,여,75~79세,84,28.6,통계연보 구간분포 보간
BMI,kg/m²,여,75~79세,85,28.7,통계연보 구간분포 보간
BMI,kg/m²,여,75~79세,86,28.9,통계연보 구간분포 보간
BMI,kg/m²,여,75~79세,87,29,통계연보 구간분포 보간
BMI,kg/m²,여,75~79세,88,29.1,통계연보 구간분포 보간
BMI,kg/m²,여,75~79세,89,29.3,통계연보 구간분포 보간
BMI,kg/m²,여,75~79세,90,29.4,통계연보 구간분포 보간
BMI,kg/m²,여,75~79세,91,29.6,통계연보 구간분포 보간
BMI,kg/m²,여,75~79세,92,29.7,통계연보 구간분포 보간
BMI,kg/m²,여,75~79세,93,29.9,통계연보 구간분포 보간
BMI,kg/m²,여,75~79세,94,30,통계연보 구간분포 보간
BMI,kg/m²,여,75~79세,95,31.6,통계연보 구간분포 보간
BMI,kg/m²,여,75~79세,96,33.3,통계연보 구간분포 보간
BMI,kg/m²,여,75~79세,97,35,통계연보 구간분포 보간
BMI,kg/m²,여,75~79세,98,36.7,통계연보 구간분포 보간
BMI,kg/m²,여,75~79세,99,38.4,통계연보 구간분포 보간
BMI,kg/m²,여,75~79세,100,50,통계연보 구간분포 보간
BMI,kg/m²,남,80~84세,1,15.2,통계연보 구간분포 보간
BMI,kg/m²,남,80~84세,2,16.5,통계연보 구간분포 보간
BMI,kg/m²,남,80~84세,3,17.7,통계연보 구간분포 보간
BMI,kg/m²,남,80~84세,4,18.5,통계연보 구간분포 보간
BMI,kg/m²,남,80~84세,5,18.6,통계연보 구간분포 보간
BMI,kg/m²,남,80~84세,6,18.7,통계연보 구간분포 보간
BMI,kg/m²,남,80~84세,7,18.9,통계연보 구간분포 보간
BMI,kg/m²,남,80~84세,8,19,통계연보 구간분포 보간
BMI,kg/m²,남,80~84세,9,19.1,통계연보 구간분포 보간
BMI,kg/m²,남,80~84세,10,19.2,통계연보 구간분포 보간
BMI,kg/m²,남,80~84세,11,19.3,통계연보 구간분포 보간
BMI,kg/m²,남,80~84세,12,19.4,통계연보 구간분포 보간
BMI,kg/m²,남,80~84세,13,19.5,통계연보 구간분포 보간
BMI,kg/m²,남,80~84세,14,19.6,통계연보 구간분포 보간
BMI,kg/m²,남,80~84세,15,19.7,통계연보 구간분포 보간
BMI,kg/m²,남,80~84세,16,19.8,통계연보 구간분포 보간
BMI,kg/m²,남,80~84세,17,19.9,통계연보 구간분포 보간
BMI,kg/m²,남,80~84세,18,20,통계연보 구간분포 보간
BMI,kg/m²,남,80~84세,19,20.1,통계연보 구간분포 보간
BMI,kg/m²,남,80~84세,20,20.2,통계연보 구간분포 보간
BMI,kg/m²,남,80~84세,21,20.3,통계연보 구간분포 보간
BMI,kg/m²,남,80~84세,22,20.4,통계연보 구간분포 보간
BMI,kg/m²,남,80~84세,23,20.5,통계연보 구간분포 보간
BMI,kg/m²,남,80~84세,24,20.6,통계연보 구간분포 보간
BMI,kg/m²,남,80~84세,25,20.7,통계연보 구간분포 보간
BMI,kg/m²,남,80~84세,26,20.8,통계연보 구간분포 보간
BMI,kg/m²,남,80~84세,27,20.9,통계연보 구간분포 보간
BMI,kg/m²,남,80~84세,28,21,통계연보 구간분포 보간
BMI,kg/m²,남,80~84세,29,21.1,통계연보 구간분포 보간
BMI,kg/m²,남,80~84세,30,21.2,통계연보 구간분포 보간
BMI,kg/m²,남,80~84세,31,21.3,통계연보 구간분포 보간
BMI,kg/m²,남,80~84세,32,21.4,통계연보 구간분포 보간
BMI,kg/m²,남,80~84세,33,21.5,통계연보 구간분포 보간
BMI,kg/m²,남,80~84세,34,21.7,통계연보 구간분포 보간
BMI,kg/m²,남,80~84세,35,21.8,통계연보 구간분포 보간
BMI,kg/m²,남,80~84세,36,21.9,통계연보 구간분포 보간
BMI,kg/m²,남,80~84세,37,22,통계연보 구간분포 보간
BMI,kg/m²,남,80~84세,38,22.1,통계연보 구간분포 보간
BMI,kg/m²,남,80~84세,39,22.2,통계연보 구간분포 보간
BMI,kg/m²,남,80~84세,40,22.3,통계연보 구간분포 보간
BMI,kg/m²,남,80~84세,41,22.4,통계연보 구간분포 보간
BMI,kg/m²,남,80~84세,42,22.5,통계연보 구간분포 보간
BMI,kg/m²,남,80~84세,43,22.6,통계연보 구간분포 보간
BMI,kg/m²,남,80~84세,44,22.7,통계연보 구간분포 보간
BMI,kg/m²,남,80~84세,45,22.8,통계연보 구간분포 보간
BMI,kg/m²,남,80~84세,46,22.9,통계연보 구간분포 보간
BMI,kg/m²,남,80~84세,47,23,통계연보 구간분포 보간
BMI,kg/m²,남,80~84세,48,23.1,통계연보 구간분포 보간
BMI,kg/m²,남,80~84세,49,23.2,통계연보 구간분포 보간
BMI,kg/m²,남,80~84세,50,23.3,통계연보 구간분포 보간
BMI,kg/m²,남,80~84세,51,23.4,통계연보 구간분포 보간
BMI,kg/m²,남,80~84세,52,23.5,통계연보 구간분포 보간
BMI,kg/m²,남,80~84세,53,23.6,통계연보 구간분포 보간
BMI,kg/m²,남,80~84세,54,23.7,통계연보 구간분포 보간
BMI,kg/m²,남,80~84세,55,23.8,통계연보 구간분포 보간
BMI,kg/m²,남,80~84세,56,23.9,통계연보 구간분포 보간
BMI,kg/m²,남,80~84세,57,24,통계연보 구간분포 보간
BMI,kg/m²,남,80~84세,58,24.1,통계연보 구간분포 보간
BMI,kg/m²,남,80~84세,59,24.2,통계연보 구간분포 보간
BMI,kg/m²,남,80~84세,60,24.3,통계연보 구간분포 보간
BMI,kg/m²,남,80~84세,61,24.5,통계연보 구간분포 보간
BMI,kg/m²,남,80~84세,62,24.6,통계연보 구간분포 보간
BMI,kg/m²,남,80~84세,63,24.7,통계연보 구간분포 보간
BMI,kg/m²,남,80~84세,64,24.8,통계연보 구간분포 보간
BMI,kg/m²,남,80~84세,65,24.9,통계연보 구간분포 보간
BMI,kg/m²,남,80~84세,66,25,통계연보 구간분포 보간
BMI,kg/m²,남,80~84세,67,25.1,통계연보 구간분포 보간
BMI,kg/m²,남,80~84세,68,25.3,통계연보 구간분포 보간
BMI,kg/m²,남,80~84세,69,25.4,통계연보 구간분포 보간
BMI,kg/m²,남,80~84세,70,25.6,통계연보 구간분포 보간
BMI,kg/m²,남,80~84세,71,25.8,통계연보 구간분포 보간
BMI,kg/m²,남,80~84세,72,25.9,통계연보 구간분포 보간
BMI,kg/m²,남,80~84세,73,26.1,통계연보 구간분포 보간
BMI,kg/m²,남,80~84세,74,26.2,통계연보 구간분포 보간
BMI,kg/m²,남,80~84세,75,26.4,통계연보 구간분포 보간
BMI,kg/m²,남,80~84세,76,26.6,통계연보 구간분포 보간
BMI,kg/m²,남,80~84세,77,26.7,통계연보 구간분포 보간
BMI,kg/m²,남,80~84세,78,26.9,통계연보 구간분포 보간
BMI,kg/m²,남,80~84세,79,27,통계연보 구간분포 보간
BMI,kg/m²,남,80~84세,80,27.2,통계연보 구간분포 보간
BMI,kg/m²,남,80~84세,81,27.3,통계연보 구간분포 보간
BMI,kg/m²,남,80~84세,82,27.5,통계연보 구간분포 보간
BMI,kg/m²,남,80~84세,83,27.7,통계연보 구간분포 보간
BMI,kg/m²,남,80~84세,84,27.8,통계연보 구간분포 보간
BMI,kg/m²,남,80~84세,85,28,통계연보 구간분포 보간
BMI,kg/m²,남,80~84세,86,28.1,통계연보 구간분포 보간
BMI,kg/m²,남,80~84세,87,28.3,통계연보 구간분포 보간
BMI,kg/m²,남,80~84세,88,28.5,통계연보 구간분포 보간
BMI,kg/m²,남,80~84세,89,28.6,통계연보 구간분포 보간
BMI,kg/m²,남,80~84세,90,28.8,통계연보 구간분포 보간
BMI,kg/m²,남,80~84세,91,28.9,통계연보 구간분포 보간
BMI,kg/m²,남,80~84세,92,29.1,통계연보 구간분포 보간
BMI,kg/m²,남,80~84세,93,29.3,통계연보 구간분포 보간
BMI,kg/m²,남,80~84세,94,29.4,통계연보 구간분포 보간
BMI,kg/m²,남,80~84세,95,29.6,통계연보 구간분포 보간
BMI,kg/m²,남,80~84세,96,29.7,통계연보 구간분포 보간
BMI,kg/m²,남,80~84세,97,29.9,통계연보 구간분포 보간
BMI,kg/m²,남,80~84세,98,31.6,통계연보 구간분포 보간
BMI,kg/m²,남,80~84세,99,35.8,통계연보 구간분포 보간
BMI,kg/m²,남,80~84세,100,50,통계연보 구간분포 보간
BMI,kg/m²,여,80~84세,1,15.3,통계연보 구간분포 보간
BMI,kg/m²,여,80~84세,2,16.6,통계연보 구간분포 보간
BMI,kg/m²,여,80~84세,3,17.8,통계연보 구간분포 보간
BMI,kg/m²,여,80~84세,4,18.6,통계연보 구간분포 보간
BMI,kg/m²,여,80~84세,5,18.7,통계연보 구간분포 보간
BMI,kg/m²,여,80~84세,6,18.8,통계연보 구간분포 보간
BMI,kg/m²,여,80~84세,7,18.9,통계연보 구간분포 보간
BMI,kg/m²,여,80~84세,8,19,통계연보 구간분포 보간
BMI,kg/m²,여,80~84세,9,19.1,통계연보 구간분포 보간
BMI,kg/m²,여,80~84세,10,19.3,통계연보 구간분포 보간
BMI,kg/m²,여,80~84세,11,19.4,통계연보 구간분포 보간
BMI,kg/m²,여,80~84세,12,19.5,통계연보 구간분포 보간
BMI,kg/m²,여,80~84세,13,19.6,통계연보 구간분포 보간
BMI,kg/m²,여,80~84세,14,19.7,통계연보 구간분포 보간
BMI,kg/m²,여,80~84세,15,19.8,통계연보 구간분포 보간
BMI,kg/m²,여,80~84세,16,19.9,통계연보 구간분포 보간
BMI,kg/m²,여,80~84세,17,20.1,통계연보 구간분포 보간
BMI,kg/m²,여,80~84세,18,20.2,통계연보 구간분포 보간
BMI,kg/m²,여,80~84세,19,20.3,통계연보 구간분포 보간
BMI,kg/m²,여,80~84세,20,20.4,통계연보 구간분포 보간
BMI,kg/m²,여,80~84세,21,20.5,통계연보 구간분포 보간
BMI,kg/m²,여,80~84세,22,20.6,통계연보 구간분포 보간
BMI,kg/m²,여,80~84세,23,20.8,통계연보 구간분포 보간
BMI,kg/m²,여,80~84세,24,20.9,통계연보 구간분포 보간
BMI,kg/m²,여,80~84세,25,21,통계연보 구간분포 보간
BMI,kg/m²,여,80~84세,26,21.1,통계연보 구간분포 보간
BMI,kg/m²,여,80~84세,27,21.2,통계연보 구간분포 보간
BMI,kg/m²,여,80~84세,28,21.3,통계연보 구간분포 보간
BMI,kg/m²,여,80~84세,29,21.5,통계연보 구간분포 보간
BMI,kg/m²,여,80~84세,30,21.6,통계연보 구간분포 보간
BMI,kg/m²,여,80~84세,31,21.7,통계연보 구간분포 보간
BMI,kg/m²,여,80~84세,32,21.8,통계연보 구간분포 보간
BMI,kg/m²,여,80~84세,33,21.9,통계연보 구간분포 보간
BMI,kg/m²,여,80~84세,34,22,통계연보 구간분포 보간
BMI,kg/m²,여,80~84세,35,22.2,통계연보 구간분포 보간
BMI,kg/m²,여,80~84세,36,22.3,통계연보 구간분포 보간
BMI,kg/m²,여,80~84세,37,22.4,통계연보 구간분포 보간
BMI,kg/m²,여,80~84세,38,22.5,통계연보 구간분포 보간
BMI,kg/m²,여,80~84세,39,22.6,통계연보 구간분포 보간
BMI,kg/m²,여,80~84세,40,22.7,통계연보 구간분포 보간
BMI,kg/m²,여,80~84세,41,22.9,통계연보 구간분포 보간
BMI,kg/m²,여,80~84세,42,23,통계연보 구간분포 보간
BMI,kg/m²,여,80~84세,43,23.1,통계연보 구간분포 보간
BMI,kg/m²,여,80~84세,44,23.2,통계연보 구간분포 보간
BMI,kg/m²,여,80~84세,45,23.3,통계연보 구간분포 보간
BMI,kg/m²,여,80~84세,46,23.4,통계연보 구간분포 보간
BMI,kg/m²,여,80~84세,47,23.5,통계연보 구간분포 보간
BMI,kg/m²,여,80~84세,48,23.7,통계연보 구간분포 보간
BMI,kg/m²,여,80~84세,49,23.8,통계연보 구간분포 보간
BMI,kg/m²,여,80~84세,50,23.9,통계연보 구간분포 보간
BMI,kg/m²,여,80~84세,51,24,통계연보 구간분포 보간
BMI,kg/m²,여,80~84세,52,24.1,통계연보 구간분포 보간
BMI,kg/m²,여,80~84세,53,24.2,통계연보 구간분포 보간
BMI,kg/m²,여,80~84세,54,24.4,통계연보 구간분포 보간
BMI,kg/m²,여,80~84세,55,24.5,통계연보 구간분포 보간
BMI,kg/m²,여,80~84세,56,24.6,통계연보 구간분포 보간
BMI,kg/m²,여,80~84세,57,24.7,통계연보 구간분포 보간
BMI,kg/m²,여,80~84세,58,24.8,통계연보 구간분포 보간
BMI,kg/m²,여,80~84세,59,24.9,통계연보 구간분포 보간
BMI,kg/m²,여,80~84세,60,25.1,통계연보 구간분포 보간
BMI,kg/m²,여,80~84세,61,25.2,통계연보 구간분포 보간
BMI,kg/m²,여,80~84세,62,25.4,통계연보 구간분포 보간
BMI,kg/m²,여,80~84세,63,25.5,통계연보 구간분포 보간
BMI,kg/m²,여,80~84세,64,25.6,통계연보 구간분포 보간
BMI,kg/m²,여,80~84세,65,25.8,통계연보 구간분포 보간
BMI,kg/m²,여,80~84세,66,25.9,통계연보 구간분포 보간
BMI,kg/m²,여,80~84세,67,26.1,통계연보 구간분포 보간
BMI,kg/m²,여,80~84세,68,26.2,통계연보 구간분포 보간
BMI,kg/m²,여,80~84세,69,26.4,통계연보 구간분포 보간
BMI,kg/m²,여,80~84세,70,26.5,통계연보 구간분포 보간
BMI,kg/m²,여,80~84세,71,26.6,통계연보 구간분포 보간
BMI,kg/m²,여,80~84세,72,26.8,통계연보 구간분포 보간
BMI,kg/m²,여,80~84세,73,26.9,통계연보 구간분포 보간
BMI,kg/m²,여,80~84세,74,27.1,통계연보 구간분포 보간
BMI,kg/m²,여,80~84세,75,27.2,통계연보 구간분포 보간
BMI,kg/m²,여,80~84세,76,27.4,통계연보 구간분포 보간
BMI,kg/m²,여,80~84세,77,27.5,통계연보 구간분포 보간
BMI,kg/m²,여,80~84세,78,27.6,통계연보 구간분포 보간
BMI,kg/m²,여,80~84세,79,27.8,통계연보 구간분포 보간
BMI,kg/m²,여,80~84세,80,27.9,통계연보 구간분포 보간
BMI,kg/m²,여,80~84세,81,28.1,통계연보 구간분포 보간
BMI,kg/m²,여,80~84세,82,28.2,통계연보 구간분포 보간
BMI,kg/m²,여,80~84세,83,28.4,통계연보 구간분포 보간
BMI,kg/m²,여,80~84세,84,28.5,통계연보 구간분포 보간
BMI,kg/m²,여,80~84세,85,28.7,통계연보 구간분포 보간
BMI,kg/m²,여,80~84세,86,28.8,통계연보 구간분포 보간
BMI,kg/m²,여,80~84세,87,28.9,통계연보 구간분포 보간
BMI,kg/m²,여,80~84세,88,29.1,통계연보 구간분포 보간
BMI,kg/m²,여,80~84세,89,29.2,통계연보 구간분포 보간
BMI,kg/m²,여,80~84세,90,29.4,통계연보 구간분포 보간
BMI,kg/m²,여,80~84세,91,29.5,통계연보 구간분포 보간
BMI,kg/m²,여,80~84세,92,29.7,통계연보 구간분포 보간
BMI,kg/m²,여,80~84세,93,29.8,통계연보 구간분포 보간
BMI,kg/m²,여,80~84세,94,29.9,통계연보 구간분포 보간
BMI,kg/m²,여,80~84세,95,31.1,통계연보 구간분포 보간
BMI,kg/m²,여,80~84세,96,32.9,통계연보 구간분포 보간
BMI,kg/m²,여,80~84세,97,34.7,통계연보 구간분포 보간
BMI,kg/m²,여,80~84세,98,36.5,통계연보 구간분포 보간
BMI,kg/m²,여,80~84세,99,38.3,통계연보 구간분포 보간
BMI,kg/m²,여,80~84세,100,50,통계연보 구간분포 보간
BMI,kg/m²,남,85세이상,1,14.7,통계연보 구간분포 보간
BMI,kg/m²,남,85세이상,2,15.5,통계연보 구간분포 보간
BMI,kg/m²,남,85세이상,3,16.2,통계연보 구간분포 보간
BMI,kg/m²,남,85세이상,4,17,통계연보 구간분포 보간
BMI,kg/m²,남,85세이상,5,17.7,통계연보 구간분포 보간
BMI,kg/m²,남,85세이상,6,18.5,통계연보 구간분포 보간
BMI,kg/m²,남,85세이상,7,18.6,통계연보 구간분포 보간
BMI,kg/m²,남,85세이상,8,18.7,통계연보 구간분포 보간
BMI,kg/m²,남,85세이상,9,18.8,통계연보 구간분포 보간
BMI,kg/m²,남,85세이상,10,18.9,통계연보 구간분포 보간
BMI,kg/m²,남,85세이상,11,19,통계연보 구간분포 보간
BMI,kg/m²,남,85세이상,12,19.1,통계연보 구간분포 보간
BMI,kg/m²,남,85세이상,13,19.2,통계연보 구간분포 보간
BMI,kg/m²,남,85세이상,14,19.3,통계연보 구간분포 보간
BMI,kg/m²,남,85세이상,15,19.4,통계연보 구간분포 보간
BMI,kg/m²,남,85세이상,16,19.5,통계연보 구간분포 보간
BMI,kg/m²,남,85세이상,17,19.6,통계연보 구간분포 보간
BMI,kg/m²,남,85세이상,18,19.7,통계연보 구간분포 보간
BMI,kg/m²,남,85세이상,19,19.8,통계연보 구간분포 보간
BMI,kg/m²,남,85세이상,20,19.9,통계연보 구간분포 보간
BMI,kg/m²,남,85세이상,21,20,통계연보 구간분포 보간
BMI,kg/m²,남,85세이상,22,20.1,통계연보 구간분포 보간
BMI,kg/m²,남,85세이상,23,20.2,통계연보 구간분포 보간
BMI,kg/m²,남,85세이상,24,20.3,통계연보 구간분포 보간
BMI,kg/m²,남,85세이상,25,20.3,통계연보 구간분포 보간
BMI,kg/m²,남,85세이상,26,20.4,통계연보 구간분포 보간
BMI,kg/m²,남,85세이상,27,20.5,통계연보 구간분포 보간
BMI,kg/m²,남,85세이상,28,20.6,통계연보 구간분포 보간
BMI,kg/m²,남,85세이상,29,20.7,통계연보 구간분포 보간
BMI,kg/m²,남,85세이상,30,20.8,통계연보 구간분포 보간
BMI,kg/m²,남,85세이상,31,20.9,통계연보 구간분포 보간
BMI,kg/m²,남,85세이상,32,21,통계연보 구간분포 보간
BMI,kg/m²,남,85세이상,33,21.1,통계연보 구간분포 보간
BMI,kg/m²,남,85세이상,34,21.2,통계연보 구간분포 보간
BMI,kg/m²,남,85세이상,35,21.3,통계연보 구간분포 보간
BMI,kg/m²,남,85세이상,36,21.4,통계연보 구간분포 보간
BMI,kg/m²,남,85세이상,37,21.5,통계연보 구간분포 보간
BMI,kg/m²,남,85세이상,38,21.6,통계연보 구간분포 보간
BMI,kg/m²,남,85세이상,39,21.7,통계연보 구간분포 보간
BMI,kg/m²,남,85세이상,40,21.8,통계연보 구간분포 보간
BMI,kg/m²,남,85세이상,41,21.9,통계연보 구간분포 보간
BMI,kg/m²,남,85세이상,42,22,통계연보 구간분포 보간
BMI,kg/m²,남,85세이상,43,22.1,통계연보 구간분포 보간
BMI,kg/m²,남,85세이상,44,22.2,통계연보 구간분포 보간
BMI,kg/m²,남,85세이상,45,22.3,통계연보 구간분포 보간
BMI,kg/m²,남,85세이상,46,22.4,통계연보 구간분포 보간
BMI,kg/m²,남,85세이상,47,22.5,통계연보 구간분포 보간
BMI,kg/m²,남,85세이상,48,22.6,통계연보 구간분포 보간
BMI,kg/m²,남,85세이상,49,22.7,통계연보 구간분포 보간
BMI,kg/m²,남,85세이상,50,22.8,통계연보 구간분포 보간
BMI,kg/m²,남,85세이상,51,22.9,통계연보 구간분포 보간
BMI,kg/m²,남,85세이상,52,23,통계연보 구간분포 보간
BMI,kg/m²,남,85세이상,53,23.1,통계연보 구간분포 보간
BMI,kg/m²,남,85세이상,54,23.2,통계연보 구간분포 보간
BMI,kg/m²,남,85세이상,55,23.3,통계연보 구간분포 보간
BMI,kg/m²,남,85세이상,56,23.4,통계연보 구간분포 보간
BMI,kg/m²,남,85세이상,57,23.5,통계연보 구간분포 보간
BMI,kg/m²,남,85세이상,58,23.6,통계연보 구간분포 보간
BMI,kg/m²,남,85세이상,59,23.7,통계연보 구간분포 보간
BMI,kg/m²,남,85세이상,60,23.8,통계연보 구간분포 보간
BMI,kg/m²,남,85세이상,61,23.9,통계연보 구간분포 보간
BMI,kg/m²,남,85세이상,62,24,통계연보 구간분포 보간
BMI,kg/m²,남,85세이상,63,24,통계연보 구간분포 보간
BMI,kg/m²,남,85세이상,64,24.1,통계연보 구간분포 보간
BMI,kg/m²,남,85세이상,65,24.2,통계연보 구간분포 보간
BMI,kg/m²,남,85세이상,66,24.3,통계연보 구간분포 보간
BMI,kg/m²,남,85세이상,67,24.4,통계연보 구간분포 보간
BMI,kg/m²,남,85세이상,68,24.5,통계연보 구간분포 보간
BMI,kg/m²,남,85세이상,69,24.6,통계연보 구간분포 보간
BMI,kg/m²,남,85세이상,70,24.7,통계연보 구간분포 보간
BMI,kg/m²,남,85세이상,71,24.8,통계연보 구간분포 보간
BMI,kg/m²,남,85세이상,72,24.9,통계연보 구간분포 보간
BMI,kg/m²,남,85세이상,73,25,통계연보 구간분포 보간
BMI,kg/m²,남,85세이상,74,25.2,통계연보 구간분포 보간
BMI,kg/m²,남,85세이상,75,25.4,통계연보 구간분포 보간
BMI,kg/m²,남,85세이상,76,25.6,통계연보 구간분포 보간
BMI,kg/m²,남,85세이상,77,25.8,통계연보 구간분포 보간
BMI,kg/m²,남,85세이상,78,26,통계연보 구간분포 보간
BMI,kg/m²,남,85세이상,79,26.2,통계연보 구간분포 보간
BMI,kg/m²,남,85세이상,80,26.4,통계연보 구간분포 보간
BMI,kg/m²,남,85세이상,81,26.6,통계연보 구간분포 보간
BMI,kg/m²,남,85세이상,82,26.8,통계연보 구간분포 보간
BMI,kg/m²,남,85세이상,83,27,통계연보 구간분포 보간
BMI,kg/m²,남,85세이상,84,27.2,통계연보 구간분포 보간
BMI,kg/m²,남,85세이상,85,27.4,통계연보 구간분포 보간
BMI,kg/m²,남,85세이상,86,27.6,통계연보 구간분포 보간
BMI,kg/m²,남,85세이상,87,27.8,통계연보 구간분포 보간
BMI,kg/m²,남,85세이상,88,28,통계연보 구간분포 보간
BMI,kg/m²,남,85세이상,89,28.2,통계연보 구간분포 보간
BMI,kg/m²,남,85세이상,90,28.4,통계연보 구간분포 보간
BMI,kg/m²,남,85세이상,91,28.6,통계연보 구간분포 보간
BMI,kg/m²,남,85세이상,92,28.7,통계연보 구간분포 보간
BMI,kg/m²,남,85세이상,93,28.9,통계연보 구간분포 보간
BMI,kg/m²,남,85세이상,94,29.1,통계연보 구간분포 보간
BMI,kg/m²,남,85세이상,95,29.3,통계연보 구간분포 보간
BMI,kg/m²,남,85세이상,96,29.5,통계연보 구간분포 보간
BMI,kg/m²,남,85세이상,97,29.7,통계연보 구간분포 보간
BMI,kg/m²,남,85세이상,98,29.9,통계연보 구간분포 보간
BMI,kg/m²,남,85세이상,99,33.7,통계연보 구간분포 보간
BMI,kg/m²,남,85세이상,100,50,통계연보 구간분포 보간
BMI,kg/m²,여,85세이상,1,14.5,통계연보 구간분포 보간
BMI,kg/m²,여,85세이상,2,15,통계연보 구간분포 보간
BMI,kg/m²,여,85세이상,3,15.5,통계연보 구간분포 보간
BMI,kg/m²,여,85세이상,4,15.9,통계연보 구간분포 보간
BMI,kg/m²,여,85세이상,5,16.4,통계연보 구간분포 보간
BMI,kg/m²,여,85세이상,6,16.9,통계연보 구간분포 보간
BMI,kg/m²,여,85세이상,7,17.4,통계연보 구간분포 보간
BMI,kg/m²,여,85세이상,8,17.9,통계연보 구간분포 보간
BMI,kg/m²,여,85세이상,9,18.4,통계연보 구간분포 보간
BMI,kg/m²,여,85세이상,10,18.6,통계연보 구간분포 보간
BMI,kg/m²,여,85세이상,11,18.7,통계연보 구간분포 보간
BMI,kg/m²,여,85세이상,12,18.8,통계연보 구간분포 보간
BMI,kg/m²,여,85세이상,13,18.9,통계연보 구간분포 보간
BMI,kg/m²,여,85세이상,14,19,통계연보 구간분포 보간
BMI,kg/m²,여,85세이상,15,19.1,통계연보 구간분포 보간
BMI,kg/m²,여,85세이상,16,19.2,통계연보 구간분포 보간
BMI,kg/m²,여,85세이상,17,19.3,통계연보 구간분포 보간
BMI,kg/m²,여,85세이상,18,19.4,통계연보 구간분포 보간
BMI,kg/m²,여,85세이상,19,19.6,통계연보 구간분포 보간
BMI,kg/m²,여,85세이상,20,19.7,통계연보 구간분포 보간
BMI,kg/m²,여,85세이상,21,19.8,통계연보 구간분포 보간
BMI,kg/m²,여,85세이상,22,19.9,통계연보 구간분포 보간
BMI,kg/m²,여,85세이상,23,20,통계연보 구간분포 보간
BMI,kg/m²,여,85세이상,24,20.1,통계연보 구간분포 보간
BMI,kg/m²,여,85세이상,25,20.2,통계연보 구간분포 보간
BMI,kg/m²,여,85세이상,26,20.3,통계연보 구간분포 보간
BMI,kg/m²,여,85세이상,27,20.4,통계연보 구간분포 보간
BMI,kg/m²,여,85세이상,28,20.5,통계연보 구간분포 보간
BMI,kg/m²,여,85세이상,29,20.6,통계연보 구간분포 보간
BMI,kg/m²,여,85세이상,30,20.8,통계연보 구간분포 보간
BMI,kg/m²,여,85세이상,31,20.9,통계연보 구간분포 보간
BMI,kg/m²,여,85세이상,32,21,통계연보 구간분포 보간
BMI,kg/m²,여,85세이상,33,21.1,통계연보 구간분포 보간
BMI,kg/m²,여,85세이상,34,21.2,통계연보 구간분포 보간
BMI,kg/m²,여,85세이상,35,21.3,통계연보 구간분포 보간
BMI,kg/m²,여,85세이상,36,21.4,통계연보 구간분포 보간
BMI,kg/m²,여,85세이상,37,21.5,통계연보 구간분포 보간
BMI,kg/m²,여,85세이상,38,21.6,통계연보 구간분포 보간
BMI,kg/m²,여,85세이상,39,21.7,통계연보 구간분포 보간
BMI,kg/m²,여,85세이상,40,21.8,통계연보 구간분포 보간
BMI,kg/m²,여,85세이상,41,21.9,통계연보 구간분포 보간
BMI,kg/m²,여,85세이상,42,22.1,통계연보 구간분포 보간
BMI,kg/m²,여,85세이상,43,22.2,통계연보 구간분포 보간
BMI,kg/m²,여,85세이상,44,22.3,통계연보 구간분포 보간
BMI,kg/m²,여,85세이상,45,22.4,통계연보 구간분포 보간
BMI,kg/m²,여,85세이상,46,22.5,통계연보 구간분포 보간
BMI,kg/m²,여,85세이상,47,22.6,통계연보 구간분포 보간
BMI,kg/m²,여,85세이상,48,22.7,통계연보 구간분포 보간
BMI,kg/m²,여,85세이상,49,22.8,통계연보 구간분포 보간
BMI,kg/m²,여,85세이상,50,22.9,통계연보 구간분포 보간
BMI,kg/m²,여,85세이상,51,23,통계연보 구간분포 보간
BMI,kg/m²,여,85세이상,52,23.1,통계연보 구간분포 보간
BMI,kg/m²,여,85세이상,53,23.3,통계연보 구간분포 보간
BMI,kg/m²,여,85세이상,54,23.4,통계연보 구간분포 보간
BMI,kg/m²,여,85세이상,55,23.5,통계연보 구간분포 보간
BMI,kg/m²,여,85세이상,56,23.6,통계연보 구간분포 보간
BMI,kg/m²,여,85세이상,57,23.7,통계연보 구간분포 보간
BMI,kg/m²,여,85세이상,58,23.8,통계연보 구간분포 보간
BMI,kg/m²,여,85세이상,59,23.9,통계연보 구간분포 보간
BMI,kg/m²,여,85세이상,60,24,통계연보 구간분포 보간
BMI,kg/m²,여,85세이상,61,24.1,통계연보 구간분포 보간
BMI,kg/m²,여,85세이상,62,24.2,통계연보 구간분포 보간
BMI,kg/m²,여,85세이상,63,24.3,통계연보 구간분포 보간
BMI,kg/m²,여,85세이상,64,24.5,통계연보 구간분포 보간
BMI,kg/m²,여,85세이상,65,24.6,통계연보 구간분포 보간
BMI,kg/m²,여,85세이상,66,24.7,통계연보 구간분포 보간
BMI,kg/m²,여,85세이상,67,24.8,통계연보 구간분포 보간
BMI,kg/m²,여,85세이상,68,24.9,통계연보 구간분포 보간
BMI,kg/m²,여,85세이상,69,25,통계연보 구간분포 보간
BMI,kg/m²,여,85세이상,70,25.2,통계연보 구간분포 보간
BMI,kg/m²,여,85세이상,71,25.4,통계연보 구간분포 보간
BMI,kg/m²,여,85세이상,72,25.6,통계연보 구간분포 보간
BMI,kg/m²,여,85세이상,73,25.7,통계연보 구간분포 보간
BMI,kg/m²,여,85세이상,74,25.9,통계연보 구간분포 보간
BMI,kg/m²,여,85세이상,75,26.1,통계연보 구간분포 보간
BMI,kg/m²,여,85세이상,76,26.3,통계연보 구간분포 보간
BMI,kg/m²,여,85세이상,77,26.5,통계연보 구간분포 보간
BMI,kg/m²,여,85세이상,78,26.7,통계연보 구간분포 보간
BMI,kg/m²,여,85세이상,79,26.9,통계연보 구간분포 보간
BMI,kg/m²,여,85세이상,80,27,통계연보 구간분포 보간
BMI,kg/m²,여,85세이상,81,27.2,통계연보 구간분포 보간
BMI,kg/m²,여,85세이상,82,27.4,통계연보 구간분포 보간
BMI,kg/m²,여,85세이상,83,27.6,통계연보 구간분포 보간
BMI,kg/m²,여,85세이상,84,27.8,통계연보 구간분포 보간
BMI,kg/m²,여,85세이상,85,28,통계연보 구간분포 보간
BMI,kg/m²,여,85세이상,86,28.2,통계연보 구간분포 보간
BMI,kg/m²,여,85세이상,87,28.4,통계연보 구간분포 보간
BMI,kg/m²,여,85세이상,88,28.5,통계연보 구간분포 보간
BMI,kg/m²,여,85세이상,89,28.7,통계연보 구간분포 보간
BMI,kg/m²,여,85세이상,90,28.9,통계연보 구간분포 보간
BMI,kg/m²,여,85세이상,91,29.1,통계연보 구간분포 보간
BMI,kg/m²,여,85세이상,92,29.3,통계연보 구간분포 보간
BMI,kg/m²,여,85세이상,93,29.5,통계연보 구간분포 보간
BMI,kg/m²,여,85세이상,94,29.7,통계연보 구간분포 보간
BMI,kg/m²,여,85세이상,95,29.8,통계연보 구간분포 보간
BMI,kg/m²,여,85세이상,96,30.5,통계연보 구간분포 보간
BMI,kg/m²,여,85세이상,97,32.9,통계연보 구간분포 보간
BMI,kg/m²,여,85세이상,98,35.3,통계연보 구간분포 보간
BMI,kg/m²,여,85세이상,99,37.7,통계연보 구간분포 보간
BMI,kg/m²,여,85세이상,100,50,통계연보 구간분포 보간
허리둘레,cm,남,19세이하,1,55.5,통계연보 구간분포 보간
허리둘레,cm,남,19세이하,2,56.1,통계연보 구간분포 보간
허리둘레,cm,남,19세이하,3,56.6,통계연보 구간분포 보간
허리둘레,cm,남,19세이하,4,57.1,통계연보 구간분포 보간
허리둘레,cm,남,19세이하,5,57.6,통계연보 구간분포 보간
허리둘레,cm,남,19세이하,6,58.2,통계연보 구간분포 보간
허리둘레,cm,남,19세이하,7,58.7,통계연보 구간분포 보간
허리둘레,cm,남,19세이하,8,59.2,통계연보 구간분포 보간
허리둘레,cm,남,19세이하,9,59.8,통계연보 구간분포 보간
허리둘레,cm,남,19세이하,10,60.3,통계연보 구간분포 보간
허리둘레,cm,남,19세이하,11,60.8,통계연보 구간분포 보간
허리둘레,cm,남,19세이하,12,61.3,통계연보 구간분포 보간
허리둘레,cm,남,19세이하,13,61.9,통계연보 구간분포 보간
허리둘레,cm,남,19세이하,14,62.4,통계연보 구간분포 보간
허리둘레,cm,남,19세이하,15,62.9,통계연보 구간분포 보간
허리둘레,cm,남,19세이하,16,63.5,통계연보 구간분포 보간
허리둘레,cm,남,19세이하,17,64,통계연보 구간분포 보간
허리둘레,cm,남,19세이하,18,64.5,통계연보 구간분포 보간
허리둘레,cm,남,19세이하,19,65,통계연보 구간분포 보간
허리둘레,cm,남,19세이하,20,65.6,통계연보 구간분포 보간
허리둘레,cm,남,19세이하,21,66.1,통계연보 구간분포 보간
허리둘레,cm,남,19세이하,22,66.6,통계연보 구간분포 보간
허리둘레,cm,남,19세이하,23,67.2,통계연보 구간분포 보간
허리둘레,cm,남,19세이하,24,67.7,통계연보 구간분포 보간
허리둘레,cm,남,19세이하,25,68.2,통계연보 구간분포 보간
허리둘레,cm,남,19세이하,26,68.8,통계연보 구간분포 보간
허리둘레,cm,남,19세이하,27,69.3,통계연보 구간분포 보간
허리둘레,cm,남,19세이하,28,69.8,통계연보 구간분포 보간
허리둘레,cm,남,19세이하,29,70.3,통계연보 구간분포 보간
허리둘레,cm,남,19세이하,30,70.9,통계연보 구간분포 보간
허리둘레,cm,남,19세이하,31,71.4,통계연보 구간분포 보간
허리둘레,cm,남,19세이하,32,71.9,통계연보 구간분포 보간
허리둘레,cm,남,19세이하,33,72.5,통계연보 구간분포 보간
허리둘레,cm,남,19세이하,34,73,통계연보 구간분포 보간
허리둘레,cm,남,19세이하,35,73.5,통계연보 구간분포 보간
허리둘레,cm,남,19세이하,36,74,통계연보 구간분포 보간
허리둘레,cm,남,19세이하,37,74.6,통계연보 구간분포 보간
허리둘레,cm,남,19세이하,38,75.1,통계연보 구간분포 보간
허리둘레,cm,남,19세이하,39,75.4,통계연보 구간분포 보간
허리둘레,cm,남,19세이하,40,75.7,통계연보 구간분포 보간
허리둘레,cm,남,19세이하,41,76.1,통계연보 구간분포 보간
허리둘레,cm,남,19세이하,42,76.4,통계연보 구간분포 보간
허리둘레,cm,남,19세이하,43,76.7,통계연보 구간분포 보간
허리둘레,cm,남,19세이하,44,77.1,통계연보 구간분포 보간
허리둘레,cm,남,19세이하,45,77.4,통계연보 구간분포 보간
허리둘레,cm,남,19세이하,46,77.7,통계연보 구간분포 보간
허리둘레,cm,남,19세이하,47,78.1,통계연보 구간분포 보간
허리둘레,cm,남,19세이하,48,78.4,통계연보 구간분포 보간
허리둘레,cm,남,19세이하,49,78.7,통계연보 구간분포 보간
허리둘레,cm,남,19세이하,50,79.1,통계연보 구간분포 보간
허리둘레,cm,남,19세이하,51,79.4,통계연보 구간분포 보간
허리둘레,cm,남,19세이하,52,79.8,통계연보 구간분포 보간
허리둘레,cm,남,19세이하,53,80.1,통계연보 구간분포 보간
허리둘레,cm,남,19세이하,54,80.4,통계연보 구간분포 보간
허리둘레,cm,남,19세이하,55,80.8,통계연보 구간분포 보간
허리둘레,cm,남,19세이하,56,81.1,통계연보 구간분포 보간
허리둘레,cm,남,19세이하,57,81.4,통계연보 구간분포 보간
허리둘레,cm,남,19세이하,58,81.8,통계연보 구간분포 보간
허리둘레,cm,남,19세이하,59,82.1,통계연보 구간분포 보간
허리둘레,cm,남,19세이하,60,82.4,통계연보 구간분포 보간
허리둘레,cm,남,19세이하,61,82.8,통계연보 구간분포 보간
허리둘레,cm,남,19세이하,62,83.1,통계연보 구간분포 보간
허리둘레,cm,남,19세이하,63,83.4,통계연보 구간분포 보간
허리둘레,cm,남,19세이하,64,83.8,통계연보 구간분포 보간
허리둘레,cm,남,19세이하,65,84.1,통계연보 구간분포 보간
허리둘레,cm,남,19세이하,66,84.4,통계연보 구간분포 보간
허리둘레,cm,남,19세이하,67,84.8,통계연보 구간분포 보간
허리둘레,cm,남,19세이하,68,85.1,통계연보 구간분포 보간
허리둘레,cm,남,19세이하,69,85.6,통계연보 구간분포 보간
허리둘레,cm,남,19세이하,70,86.1,통계연보 구간분포 보간
허리둘레,cm,남,19세이하,71,86.6,통계연보 구간분포 보간
허리둘레,cm,남,19세이하,72,87.1,통계연보 구간분포 보간
허리둘레,cm,남,19세이하,73,87.6,통계연보 구간분포 보간
허리둘레,cm,남,19세이하,74,88.1,통계연보 구간분포 보간
허리둘레,cm,남,19세이하,75,88.6,통계연보 구간분포 보간
허리둘레,cm,남,19세이하,76,89,통계연보 구간분포 보간
허리둘레,cm,남,19세이하,77,89.5,통계연보 구간분포 보간
허리둘레,cm,남,19세이하,78,90,통계연보 구간분포 보간
허리둘레,cm,남,19세이하,79,90.7,통계연보 구간분포 보간
허리둘레,cm,남,19세이하,80,91.4,통계연보 구간분포 보간
허리둘레,cm,남,19세이하,81,92.1,통계연보 구간분포 보간
허리둘레,cm,남,19세이하,82,92.8,통계연보 구간분포 보간
허리둘레,cm,남,19세이하,83,93.5,통계연보 구간분포 보간
허리둘레,cm,남,19세이하,84,94.1,통계연보 구간분포 보간
허리둘레,cm,남,19세이하,85,94.8,통계연보 구간분포 보간
허리둘레,cm,남,19세이하,86,95.7,통계연보 구간분포 보간
허리둘레,cm,남,19세이하,87,96.6,통계연보 구간분포 보간
허리둘레,cm,남,19세이하,88,97.5,통계연보 구간분포 보간
허리둘레,cm,남,19세이하,89,98.4,통계연보 구간분포 보간
허리둘레,cm,남,19세이하,90,99.3,통계연보 구간분포 보간
허리둘레,cm,남,19세이하,91,100.3,통계연보 구간분포 보간
허리둘레,cm,남,19세이하,92,101.6,통계연보 구간분포 보간
허리둘레,cm,남,19세이하,93,102.9,통계연보 구간분포 보간
허리둘레,cm,남,19세이하,94,104.2,통계연보 구간분포 보간
허리둘레,cm,남,19세이하,95,105.9,통계연보 구간분포 보간
허리둘레,cm,남,19세이하,96,108.1,통계연보 구간분포 보간
허리둘레,cm,남,19세이하,97,110.8,통계연보 구간분포 보간
허리둘레,cm,남,19세이하,98,115.6,통계연보 구간분포 보간
허리둘레,cm,남,19세이하,99,120.3,통계연보 구간분포 보간
허리둘레,cm,남,19세이하,100,125,통계연보 구간분포 보간
허리둘레,cm,여,19세이하,1,55.3,통계연보 구간분포 보간
허리둘레,cm,여,19세이하,2,55.6,통계연보 구간분포 보간
허리둘레,cm,여,19세이하,3,55.8,통계연보 구간분포 보간
허리둘레,cm,여,19세이하,4,56.1,통계연보 구간분포 보간
허리둘레,cm,여,19세이하,5,56.4,통계연보 구간분포 보간
허리둘레,cm,여,19세이하,6,56.7,통계연보 구간분포 보간
허리둘레,cm,여,19세이하,7,56.9,통계연보 구간분포 보간
허리둘레,cm,여,19세이하,8,57.2,통계연보 구간분포 보간
허리둘레,cm,여,19세이하,9,57.5,통계연보 구간분포 보간
허리둘레,cm,여,19세이하,10,57.8,통계연보 구간분포 보간
허리둘레,cm,여,19세이하,11,58,통계연보 구간분포 보간
허리둘레,cm,여,19세이하,12,58.3,통계연보 구간분포 보간
허리둘레,cm,여,19세이하,13,58.6,통계연보 구간분포 보간
허리둘레,cm,여,19세이하,14,58.9,통계연보 구간분포 보간
허리둘레,cm,여,19세이하,15,59.1,통계연보 구간분포 보간
허리둘레,cm,여,19세이하,16,59.4,통계연보 구간분포 보간
허리둘레,cm,여,19세이하,17,59.7,통계연보 구간분포 보간
허리둘레,cm,여,19세이하,18,60,통계연보 구간분포 보간
허리둘레,cm,여,19세이하,19,60.3,통계연보 구간분포 보간
허리둘레,cm,여,19세이하,20,60.5,통계연보 구간분포 보간
허리둘레,cm,여,19세이하,21,60.8,통계연보 구간분포 보간
허리둘레,cm,여,19세이하,22,61.1,통계연보 구간분포 보간
허리둘레,cm,여,19세이하,23,61.4,통계연보 구간분포 보간
허리둘레,cm,여,19세이하,24,61.6,통계연보 구간분포 보간
허리둘레,cm,여,19세이하,25,61.9,통계연보 구간분포 보간
허리둘레,cm,여,19세이하,26,62.2,통계연보 구간분포 보간
허리둘레,cm,여,19세이하,27,62.5,통계연보 구간분포 보간
허리둘레,cm,여,19세이하,28,62.7,통계연보 구간분포 보간
허리둘레,cm,여,19세이하,29,63,통계연보 구간분포 보간
허리둘레,cm,여,19세이하,30,63.3,통계연보 구간분포 보간
허리둘레,cm,여,19세이하,31,63.6,통계연보 구간분포 보간
허리둘레,cm,여,19세이하,32,63.8,통계연보 구간분포 보간
허리둘레,cm,여,19세이하,33,64.1,통계연보 구간분포 보간
허리둘레,cm,여,19세이하,34,64.4,통계연보 구간분포 보간
허리둘레,cm,여,19세이하,35,64.7,통계연보 구간분포 보간
허리둘레,cm,여,19세이하,36,64.9,통계연보 구간분포 보간
허리둘레,cm,여,19세이하,37,65.2,통계연보 구간분포 보간
허리둘레,cm,여,19세이하,38,65.5,통계연보 구간분포 보간
허리둘레,cm,여,19세이하,39,65.8,통계연보 구간분포 보간
허리둘레,cm,여,19세이하,40,66.1,통계연보 구간분포 보간
허리둘레,cm,여,19세이하,41,66.3,통계연보 구간분포 보간
허리둘레,cm,여,19세이하,42,66.6,통계연보 구간분포 보간
허리둘레,cm,여,19세이하,43,66.9,통계연보 구간분포 보간
허리둘레,cm,여,19세이하,44,67.2,통계연보 구간분포 보간
허리둘레,cm,여,19세이하,45,67.4,통계연보 구간분포 보간
허리둘레,cm,여,19세이하,46,67.7,통계연보 구간분포 보간
허리둘레,cm,여,19세이하,47,68,통계연보 구간분포 보간
허리둘레,cm,여,19세이하,48,68.3,통계연보 구간분포 보간
허리둘레,cm,여,19세이하,49,68.5,통계연보 구간분포 보간
허리둘레,cm,여,19세이하,50,68.8,통계연보 구간분포 보간
허리둘레,cm,여,19세이하,51,69.1,통계연보 구간분포 보간
허리둘레,cm,여,19세이하,52,69.4,통계연보 구간분포 보간
허리둘레,cm,여,19세이하,53,69.6,통계연보 구간분포 보간
허리둘레,cm,여,19세이하,54,69.9,통계연보 구간분포 보간
허리둘레,cm,여,19세이하,55,70.2,통계연보 구간분포 보간
허리둘레,cm,여,19세이하,56,70.5,통계연보 구간분포 보간
허리둘레,cm,여,19세이하,57,70.8,통계연보 구간분포 보간
허리둘레,cm,여,19세이하,58,71,통계연보 구간분포 보간
허리둘레,cm,여,19세이하,59,71.3,통계연보 구간분포 보간
허리둘레,cm,여,19세이하,60,71.6,통계연보 구간분포 보간
허리둘레,cm,여,19세이하,61,71.9,통계연보 구간분포 보간
허리둘레,cm,여,19세이하,62,72.1,통계연보 구간분포 보간
허리둘레,cm,여,19세이하,63,72.4,통계연보 구간분포 보간
허리둘레,cm,여,19세이하,64,72.7,통계연보 구간분포 보간
허리둘레,cm,여,19세이하,65,73,통계연보 구간분포 보간
허리둘레,cm,여,19세이하,66,73.2,통계연보 구간분포 보간
허리둘레,cm,여,19세이하,67,73.5,통계연보 구간분포 보간
허리둘레,cm,여,19세이하,68,73.8,통계연보 구간분포 보간
허리둘레,cm,여,19세이하,69,74.1,통계연보 구간분포 보간
허리둘레,cm,여,19세이하,70,74.3,통계연보 구간분포 보간
허리둘레,cm,여,19세이하,71,74.6,통계연보 구간분포 보간
허리둘레,cm,여,19세이하,72,74.9,통계연보 구간분포 보간
허리둘레,cm,여,19세이하,73,75.3,통계연보 구간분포 보간
허리둘레,cm,여,19세이하,74,75.8,통계연보 구간분포 보간
허리둘레,cm,여,19세이하,75,76.2,통계연보 구간분포 보간
허리둘레,cm,여,19세이하,76,76.7,통계연보 구간분포 보간
허리둘레,cm,여,19세이하,77,77.2,통계연보 구간분포 보간
허리둘레,cm,여,19세이하,78,77.6,통계연보 구간분포 보간
허리둘레,cm,여,19세이하,79,78.1,통계연보 구간분포 보간
허리둘레,cm,여,19세이하,80,78.6,통계연보 구간분포 보간
허리둘레,cm,여,19세이하,81,79,통계연보 구간분포 보간
허리둘레,cm,여,19세이하,82,79.5,통계연보 구간분포 보간
허리둘레,cm,여,19세이하,83,80,통계연보 구간분포 보간
허리둘레,cm,여,19세이하,84,80.7,통계연보 구간분포 보간
허리둘레,cm,여,19세이하,85,81.4,통계연보 구간분포 보간
허리둘레,cm,여,19세이하,86,82.2,통계연보 구간분포 보간
허리둘레,cm,여,19세이하,87,82.9,통계연보 구간분포 보간
허리둘레,cm,여,19세이하,88,83.6,통계연보 구간분포 보간
허리둘레,cm,여,19세이하,89,84.4,통계연보 구간분포 보간
허리둘레,cm,여,19세이하,90,85.2,통계연보 구간분포 보간
허리둘레,cm,여,19세이하,91,86.3,통계연보 구간분포 보간
허리둘레,cm,여,19세이하,92,87.4,통계연보 구간분포 보간
허리둘레,cm,여,19세이하,93,88.6,통계연보 구간분포 보간
허리둘레,cm,여,19세이하,94,89.7,통계연보 구간분포 보간
허리둘레,cm,여,19세이하,95,91.6,통계연보 구간분포 보간
허리둘레,cm,여,19세이하,96,93.7,통계연보 구간분포 보간
허리둘레,cm,여,19세이하,97,96.3,통계연보 구간분포 보간
허리둘레,cm,여,19세이하,98,99.8,통계연보 구간분포 보간
허리둘레,cm,여,19세이하,99,105.3,통계연보 구간분포 보간
허리둘레,cm,여,19세이하,100,125,통계연보 구간분포 보간
허리둘레,cm,남,20~24세,1,55.6,통계연보 구간분포 보간
허리둘레,cm,남,20~24세,2,56.3,통계연보 구간분포 보간
허리둘레,cm,남,20~24세,3,56.9,통계연보 구간분포 보간
허리둘레,cm,남,20~24세,4,57.6,통계연보 구간분포 보간
허리둘레,cm,남,20~24세,5,58.2,통계연보 구간분포 보간
허리둘레,cm,남,20~24세,6,58.9,통계연보 구간분포 보간
허리둘레,cm,남,20~24세,7,59.5,통계연보 구간분포 보간
허리둘레,cm,남,20~24세,8,60.2,통계연보 구간분포 보간
허리둘레,cm,남,20~24세,9,60.8,통계연보 구간분포 보간
허리둘레,cm,남,20~24세,10,61.5,통계연보 구간분포 보간
허리둘레,cm,남,20~24세,11,62.1,통계연보 구간분포 보간
허리둘레,cm,남,20~24세,12,62.7,통계연보 구간분포 보간
허리둘레,cm,남,20~24세,13,63.4,통계연보 구간분포 보간
허리둘레,cm,남,20~24세,14,64,통계연보 구간분포 보간
허리둘레,cm,남,20~24세,15,64.7,통계연보 구간분포 보간
허리둘레,cm,남,20~24세,16,65.3,통계연보 구간분포 보간
허리둘레,cm,남,20~24세,17,66,통계연보 구간분포 보간
허리둘레,cm,남,20~24세,18,66.6,통계연보 구간분포 보간
허리둘레,cm,남,20~24세,19,67.3,통계연보 구간분포 보간
허리둘레,cm,남,20~24세,20,67.9,통계연보 구간분포 보간
허리둘레,cm,남,20~24세,21,68.6,통계연보 구간분포 보간
허리둘레,cm,남,20~24세,22,69.2,통계연보 구간분포 보간
허리둘레,cm,남,20~24세,23,69.9,통계연보 구간분포 보간
허리둘레,cm,남,20~24세,24,70.5,통계연보 구간분포 보간
허리둘레,cm,남,20~24세,25,71.1,통계연보 구간분포 보간
허리둘레,cm,남,20~24세,26,71.8,통계연보 구간분포 보간
허리둘레,cm,남,20~24세,27,72.4,통계연보 구간분포 보간
허리둘레,cm,남,20~24세,28,73.1,통계연보 구간분포 보간
허리둘레,cm,남,20~24세,29,73.7,통계연보 구간분포 보간
허리둘레,cm,남,20~24세,30,74.4,통계연보 구간분포 보간
허리둘레,cm,남,20~24세,31,75,통계연보 구간분포 보간
허리둘레,cm,남,20~24세,32,75.3,통계연보 구간분포 보간
허리둘레,cm,남,20~24세,33,75.6,통계연보 구간분포 보간
허리둘레,cm,남,20~24세,34,75.9,통계연보 구간분포 보간
허리둘레,cm,남,20~24세,35,76.2,통계연보 구간분포 보간
허리둘레,cm,남,20~24세,36,76.4,통계연보 구간분포 보간
허리둘레,cm,남,20~24세,37,76.7,통계연보 구간분포 보간
허리둘레,cm,남,20~24세,38,77,통계연보 구간분포 보간
허리둘레,cm,남,20~24세,39,77.3,통계연보 구간분포 보간
허리둘레,cm,남,20~24세,40,77.6,통계연보 구간분포 보간
허리둘레,cm,남,20~24세,41,77.9,통계연보 구간분포 보간
허리둘레,cm,남,20~24세,42,78.2,통계연보 구간분포 보간
허리둘레,cm,남,20~24세,43,78.5,통계연보 구간분포 보간
허리둘레,cm,남,20~24세,44,78.8,통계연보 구간분포 보간
허리둘레,cm,남,20~24세,45,79,통계연보 구간분포 보간
허리둘레,cm,남,20~24세,46,79.3,통계연보 구간분포 보간
허리둘레,cm,남,20~24세,47,79.6,통계연보 구간분포 보간
허리둘레,cm,남,20~24세,48,79.9,통계연보 구간분포 보간
허리둘레,cm,남,20~24세,49,80.2,통계연보 구간분포 보간
허리둘레,cm,남,20~24세,50,80.5,통계연보 구간분포 보간
허리둘레,cm,남,20~24세,51,80.7,통계연보 구간분포 보간
허리둘레,cm,남,20~24세,52,81,통계연보 구간분포 보간
허리둘레,cm,남,20~24세,53,81.3,통계연보 구간분포 보간
허리둘레,cm,남,20~24세,54,81.6,통계연보 구간분포 보간
허리둘레,cm,남,20~24세,55,81.8,통계연보 구간분포 보간
허리둘레,cm,남,20~24세,56,82.1,통계연보 구간분포 보간
허리둘레,cm,남,20~24세,57,82.4,통계연보 구간분포 보간
허리둘레,cm,남,20~24세,58,82.7,통계연보 구간분포 보간
허리둘레,cm,남,20~24세,59,83,통계연보 구간분포 보간
허리둘레,cm,남,20~24세,60,83.2,통계연보 구간분포 보간
허리둘레,cm,남,20~24세,61,83.5,통계연보 구간분포 보간
허리둘레,cm,남,20~24세,62,83.8,통계연보 구간분포 보간
허리둘레,cm,남,20~24세,63,84.1,통계연보 구간분포 보간
허리둘레,cm,남,20~24세,64,84.3,통계연보 구간분포 보간
허리둘레,cm,남,20~24세,65,84.6,통계연보 구간분포 보간
허리둘레,cm,남,20~24세,66,84.9,통계연보 구간분포 보간
허리둘레,cm,남,20~24세,67,85.2,통계연보 구간분포 보간
허리둘레,cm,남,20~24세,68,85.6,통계연보 구간분포 보간
허리둘레,cm,남,20~24세,69,86,통계연보 구간분포 보간
허리둘레,cm,남,20~24세,70,86.4,통계연보 구간분포 보간
허리둘레,cm,남,20~24세,71,86.8,통계연보 구간분포 보간
허리둘레,cm,남,20~24세,72,87.2,통계연보 구간분포 보간
허리둘레,cm,남,20~24세,73,87.6,통계연보 구간분포 보간
허리둘레,cm,남,20~24세,74,88,통계연보 구간분포 보간
허리둘레,cm,남,20~24세,75,88.4,통계연보 구간분포 보간
허리둘레,cm,남,20~24세,76,88.8,통계연보 구간분포 보간
허리둘레,cm,남,20~24세,77,89.2,통계연보 구간분포 보간
허리둘레,cm,남,20~24세,78,89.6,통계연보 구간분포 보간
허리둘레,cm,남,20~24세,79,90,통계연보 구간분포 보간
허리둘레,cm,남,20~24세,80,90.6,통계연보 구간분포 보간
허리둘레,cm,남,20~24세,81,91.2,통계연보 구간분포 보간
허리둘레,cm,남,20~24세,82,91.8,통계연보 구간분포 보간
허리둘레,cm,남,20~24세,83,92.4,통계연보 구간분포 보간
허리둘레,cm,남,20~24세,84,93.1,통계연보 구간분포 보간
허리둘레,cm,남,20~24세,85,93.7,통계연보 구간분포 보간
허리둘레,cm,남,20~24세,86,94.3,통계연보 구간분포 보간
허리둘레,cm,남,20~24세,87,94.9,통계연보 구간분포 보간
허리둘레,cm,남,20~24세,88,95.9,통계연보 구간분포 보간
허리둘레,cm,남,20~24세,89,96.8,통계연보 구간분포 보간
허리둘레,cm,남,20~24세,90,97.8,통계연보 구간분포 보간
허리둘레,cm,남,20~24세,91,98.8,통계연보 구간분포 보간
허리둘레,cm,남,20~24세,92,99.7,통계연보 구간분포 보간
허리둘레,cm,남,20~24세,93,101.1,통계연보 구간분포 보간
허리둘레,cm,남,20~24세,94,102.6,통계연보 구간분포 보간
허리둘레,cm,남,20~24세,95,104.2,통계연보 구간분포 보간
허리둘레,cm,남,20~24세,96,106.2,통계연보 구간분포 보간
허리둘레,cm,남,20~24세,97,108.8,통계연보 구간분포 보간
허리둘레,cm,남,20~24세,98,113.1,통계연보 구간분포 보간
허리둘레,cm,남,20~24세,99,119.1,통계연보 구간분포 보간
허리둘레,cm,남,20~24세,100,125,통계연보 구간분포 보간
허리둘레,cm,여,20~24세,1,55.3,통계연보 구간분포 보간
허리둘레,cm,여,20~24세,2,55.5,통계연보 구간분포 보간
허리둘레,cm,여,20~24세,3,55.8,통계연보 구간분포 보간
허리둘레,cm,여,20~24세,4,56,통계연보 구간분포 보간
허리둘레,cm,여,20~24세,5,56.3,통계연보 구간분포 보간
허리둘레,cm,여,20~24세,6,56.6,통계연보 구간분포 보간
허리둘레,cm,여,20~24세,7,56.8,통계연보 구간분포 보간
허리둘레,cm,여,20~24세,8,57.1,통계연보 구간분포 보간
허리둘레,cm,여,20~24세,9,57.3,통계연보 구간분포 보간
허리둘레,cm,여,20~24세,10,57.6,통계연보 구간분포 보간
허리둘레,cm,여,20~24세,11,57.9,통계연보 구간분포 보간
허리둘레,cm,여,20~24세,12,58.1,통계연보 구간분포 보간
허리둘레,cm,여,20~24세,13,58.4,통계연보 구간분포 보간
허리둘레,cm,여,20~24세,14,58.6,통계연보 구간분포 보간
허리둘레,cm,여,20~24세,15,58.9,통계연보 구간분포 보간
허리둘레,cm,여,20~24세,16,59.2,통계연보 구간분포 보간
허리둘레,cm,여,20~24세,17,59.4,통계연보 구간분포 보간
허리둘레,cm,여,20~24세,18,59.7,통계연보 구간분포 보간
허리둘레,cm,여,20~24세,19,59.9,통계연보 구간분포 보간
허리둘레,cm,여,20~24세,20,60.2,통계연보 구간분포 보간
허리둘레,cm,여,20~24세,21,60.5,통계연보 구간분포 보간
허리둘레,cm,여,20~24세,22,60.7,통계연보 구간분포 보간
허리둘레,cm,여,20~24세,23,61,통계연보 구간분포 보간
허리둘레,cm,여,20~24세,24,61.3,통계연보 구간분포 보간
허리둘레,cm,여,20~24세,25,61.5,통계연보 구간분포 보간
허리둘레,cm,여,20~24세,26,61.8,통계연보 구간분포 보간
허리둘레,cm,여,20~24세,27,62,통계연보 구간분포 보간
허리둘레,cm,여,20~24세,28,62.3,통계연보 구간분포 보간
허리둘레,cm,여,20~24세,29,62.6,통계연보 구간분포 보간
허리둘레,cm,여,20~24세,30,62.8,통계연보 구간분포 보간
허리둘레,cm,여,20~24세,31,63.1,통계연보 구간분포 보간
허리둘레,cm,여,20~24세,32,63.3,통계연보 구간분포 보간
허리둘레,cm,여,20~24세,33,63.6,통계연보 구간분포 보간
허리둘레,cm,여,20~24세,34,63.9,통계연보 구간분포 보간
허리둘레,cm,여,20~24세,35,64.1,통계연보 구간분포 보간
허리둘레,cm,여,20~24세,36,64.4,통계연보 구간분포 보간
허리둘레,cm,여,20~24세,37,64.6,통계연보 구간분포 보간
허리둘레,cm,여,20~24세,38,64.9,통계연보 구간분포 보간
허리둘레,cm,여,20~24세,39,65.2,통계연보 구간분포 보간
허리둘레,cm,여,20~24세,40,65.4,통계연보 구간분포 보간
허리둘레,cm,여,20~24세,41,65.7,통계연보 구간분포 보간
허리둘레,cm,여,20~24세,42,65.9,통계연보 구간분포 보간
허리둘레,cm,여,20~24세,43,66.2,통계연보 구간분포 보간
허리둘레,cm,여,20~24세,44,66.5,통계연보 구간분포 보간
허리둘레,cm,여,20~24세,45,66.7,통계연보 구간분포 보간
허리둘레,cm,여,20~24세,46,67,통계연보 구간분포 보간
허리둘레,cm,여,20~24세,47,67.2,통계연보 구간분포 보간
허리둘레,cm,여,20~24세,48,67.5,통계연보 구간분포 보간
허리둘레,cm,여,20~24세,49,67.8,통계연보 구간분포 보간
허리둘레,cm,여,20~24세,50,68,통계연보 구간분포 보간
허리둘레,cm,여,20~24세,51,68.3,통계연보 구간분포 보간
허리둘레,cm,여,20~24세,52,68.5,통계연보 구간분포 보간
허리둘레,cm,여,20~24세,53,68.8,통계연보 구간분포 보간
허리둘레,cm,여,20~24세,54,69.1,통계연보 구간분포 보간
허리둘레,cm,여,20~24세,55,69.3,통계연보 구간분포 보간
허리둘레,cm,여,20~24세,56,69.6,통계연보 구간분포 보간
허리둘레,cm,여,20~24세,57,69.8,통계연보 구간분포 보간
허리둘레,cm,여,20~24세,58,70.1,통계연보 구간분포 보간
허리둘레,cm,여,20~24세,59,70.4,통계연보 구간분포 보간
허리둘레,cm,여,20~24세,60,70.6,통계연보 구간분포 보간
허리둘레,cm,여,20~24세,61,70.9,통계연보 구간분포 보간
허리둘레,cm,여,20~24세,62,71.2,통계연보 구간분포 보간
허리둘레,cm,여,20~24세,63,71.4,통계연보 구간분포 보간
허리둘레,cm,여,20~24세,64,71.7,통계연보 구간분포 보간
허리둘레,cm,여,20~24세,65,71.9,통계연보 구간분포 보간
허리둘레,cm,여,20~24세,66,72.2,통계연보 구간분포 보간
허리둘레,cm,여,20~24세,67,72.5,통계연보 구간분포 보간
허리둘레,cm,여,20~24세,68,72.7,통계연보 구간분포 보간
허리둘레,cm,여,20~24세,69,73,통계연보 구간분포 보간
허리둘레,cm,여,20~24세,70,73.2,통계연보 구간분포 보간
허리둘레,cm,여,20~24세,71,73.5,통계연보 구간분포 보간
허리둘레,cm,여,20~24세,72,73.8,통계연보 구간분포 보간
허리둘레,cm,여,20~24세,73,74,통계연보 구간분포 보간
허리둘레,cm,여,20~24세,74,74.3,통계연보 구간분포 보간
허리둘레,cm,여,20~24세,75,74.5,통계연보 구간분포 보간
허리둘레,cm,여,20~24세,76,74.8,통계연보 구간분포 보간
허리둘레,cm,여,20~24세,77,75.1,통계연보 구간분포 보간
허리둘레,cm,여,20~24세,78,75.7,통계연보 구간분포 보간
허리둘레,cm,여,20~24세,79,76.2,통계연보 구간분포 보간
허리둘레,cm,여,20~24세,80,76.8,통계연보 구간분포 보간
허리둘레,cm,여,20~24세,81,77.4,통계연보 구간분포 보간
허리둘레,cm,여,20~24세,82,77.9,통계연보 구간분포 보간
허리둘레,cm,여,20~24세,83,78.5,통계연보 구간분포 보간
허리둘레,cm,여,20~24세,84,79,통계연보 구간분포 보간
허리둘레,cm,여,20~24세,85,79.6,통계연보 구간분포 보간
허리둘레,cm,여,20~24세,86,80.2,통계연보 구간분포 보간
허리둘레,cm,여,20~24세,87,81,통계연보 구간분포 보간
허리둘레,cm,여,20~24세,88,81.8,통계연보 구간분포 보간
허리둘레,cm,여,20~24세,89,82.7,통계연보 구간분포 보간
허리둘레,cm,여,20~24세,90,83.5,통계연보 구간분포 보간
허리둘레,cm,여,20~24세,91,84.3,통계연보 구간분포 보간
허리둘레,cm,여,20~24세,92,85.2,통계연보 구간분포 보간
허리둘레,cm,여,20~24세,93,86.6,통계연보 구간분포 보간
허리둘레,cm,여,20~24세,94,88,통계연보 구간분포 보간
허리둘레,cm,여,20~24세,95,89.5,통계연보 구간분포 보간
허리둘레,cm,여,20~24세,96,91.6,통계연보 구간분포 보간
허리둘레,cm,여,20~24세,97,94,통계연보 구간분포 보간
허리둘레,cm,여,20~24세,98,97.4,통계연보 구간분포 보간
허리둘레,cm,여,20~24세,99,102.9,통계연보 구간분포 보간
허리둘레,cm,여,20~24세,100,125,통계연보 구간분포 보간
허리둘레,cm,남,25~29세,1,56,통계연보 구간분포 보간
허리둘레,cm,남,25~29세,2,57.1,통계연보 구간분포 보간
허리둘레,cm,남,25~29세,3,58.1,통계연보 구간분포 보간
허리둘레,cm,남,25~29세,4,59.1,통계연보 구간분포 보간
허리둘레,cm,남,25~29세,5,60.2,통계연보 구간분포 보간
허리둘레,cm,남,25~29세,6,61.2,통계연보 구간분포 보간
허리둘레,cm,남,25~29세,7,62.3,통계연보 구간분포 보간
허리둘레,cm,남,25~29세,8,63.3,통계연보 구간분포 보간
허리둘레,cm,남,25~29세,9,64.3,통계연보 구간분포 보간
허리둘레,cm,남,25~29세,10,65.4,통계연보 구간분포 보간
허리둘레,cm,남,25~29세,11,66.4,통계연보 구간분포 보간
허리둘레,cm,남,25~29세,12,67.4,통계연보 구간분포 보간
허리둘레,cm,남,25~29세,13,68.5,통계연보 구간분포 보간
허리둘레,cm,남,25~29세,14,69.5,통계연보 구간분포 보간
허리둘레,cm,남,25~29세,15,70.6,통계연보 구간분포 보간
허리둘레,cm,남,25~29세,16,71.6,통계연보 구간분포 보간
허리둘레,cm,남,25~29세,17,72.6,통계연보 구간분포 보간
허리둘레,cm,남,25~29세,18,73.7,통계연보 구간분포 보간
허리둘레,cm,남,25~29세,19,74.7,통계연보 구간분포 보간
허리둘레,cm,남,25~29세,20,75.2,통계연보 구간분포 보간
허리둘레,cm,남,25~29세,21,75.5,통계연보 구간분포 보간
허리둘레,cm,남,25~29세,22,75.8,통계연보 구간분포 보간
허리둘레,cm,남,25~29세,23,76.1,통계연보 구간분포 보간
허리둘레,cm,남,25~29세,24,76.4,통계연보 구간분포 보간
허리둘레,cm,남,25~29세,25,76.7,통계연보 구간분포 보간
허리둘레,cm,남,25~29세,26,77,통계연보 구간분포 보간
허리둘레,cm,남,25~29세,27,77.3,통계연보 구간분포 보간
허리둘레,cm,남,25~29세,28,77.5,통계연보 구간분포 보간
허리둘레,cm,남,25~29세,29,77.8,통계연보 구간분포 보간
허리둘레,cm,남,25~29세,30,78.1,통계연보 구간분포 보간
허리둘레,cm,남,25~29세,31,78.4,통계연보 구간분포 보간
허리둘레,cm,남,25~29세,32,78.7,통계연보 구간분포 보간
허리둘레,cm,남,25~29세,33,79,통계연보 구간분포 보간
허리둘레,cm,남,25~29세,34,79.3,통계연보 구간분포 보간
허리둘레,cm,남,25~29세,35,79.6,통계연보 구간분포 보간
허리둘레,cm,남,25~29세,36,79.9,통계연보 구간분포 보간
허리둘레,cm,남,25~29세,37,80.1,통계연보 구간분포 보간
허리둘레,cm,남,25~29세,38,80.4,통계연보 구간분포 보간
허리둘레,cm,남,25~29세,39,80.6,통계연보 구간분포 보간
허리둘레,cm,남,25~29세,40,80.8,통계연보 구간분포 보간
허리둘레,cm,남,25~29세,41,81.1,통계연보 구간분포 보간
허리둘레,cm,남,25~29세,42,81.3,통계연보 구간분포 보간
허리둘레,cm,남,25~29세,43,81.5,통계연보 구간분포 보간
허리둘레,cm,남,25~29세,44,81.8,통계연보 구간분포 보간
허리둘레,cm,남,25~29세,45,82,통계연보 구간분포 보간
허리둘레,cm,남,25~29세,46,82.2,통계연보 구간분포 보간
허리둘레,cm,남,25~29세,47,82.5,통계연보 구간분포 보간
허리둘레,cm,남,25~29세,48,82.7,통계연보 구간분포 보간
허리둘레,cm,남,25~29세,49,82.9,통계연보 구간분포 보간
허리둘레,cm,남,25~29세,50,83.2,통계연보 구간분포 보간
허리둘레,cm,남,25~29세,51,83.4,통계연보 구간분포 보간
허리둘레,cm,남,25~29세,52,83.6,통계연보 구간분포 보간
허리둘레,cm,남,25~29세,53,83.9,통계연보 구간분포 보간
허리둘레,cm,남,25~29세,54,84.1,통계연보 구간분포 보간
허리둘레,cm,남,25~29세,55,84.3,통계연보 구간분포 보간
허리둘레,cm,남,25~29세,56,84.6,통계연보 구간분포 보간
허리둘레,cm,남,25~29세,57,84.8,통계연보 구간분포 보간
허리둘레,cm,남,25~29세,58,85,통계연보 구간분포 보간
허리둘레,cm,남,25~29세,59,85.3,통계연보 구간분포 보간
허리둘레,cm,남,25~29세,60,85.6,통계연보 구간분포 보간
허리둘레,cm,남,25~29세,61,85.9,통계연보 구간분포 보간
허리둘레,cm,남,25~29세,62,86.2,통계연보 구간분포 보간
허리둘레,cm,남,25~29세,63,86.5,통계연보 구간분포 보간
허리둘레,cm,남,25~29세,64,86.8,통계연보 구간분포 보간
허리둘레,cm,남,25~29세,65,87.1,통계연보 구간분포 보간
허리둘레,cm,남,25~29세,66,87.4,통계연보 구간분포 보간
허리둘레,cm,남,25~29세,67,87.7,통계연보 구간분포 보간
허리둘레,cm,남,25~29세,68,88,통계연보 구간분포 보간
허리둘레,cm,남,25~29세,69,88.3,통계연보 구간분포 보간
허리둘레,cm,남,25~29세,70,88.6,통계연보 구간분포 보간
허리둘레,cm,남,25~29세,71,88.9,통계연보 구간분포 보간
허리둘레,cm,남,25~29세,72,89.3,통계연보 구간분포 보간
허리둘레,cm,남,25~29세,73,89.6,통계연보 구간분포 보간
허리둘레,cm,남,25~29세,74,89.9,통계연보 구간분포 보간
허리둘레,cm,남,25~29세,75,90.2,통계연보 구간분포 보간
허리둘레,cm,남,25~29세,76,90.7,통계연보 구간분포 보간
허리둘레,cm,남,25~29세,77,91.2,통계연보 구간분포 보간
허리둘레,cm,남,25~29세,78,91.7,통계연보 구간분포 보간
허리둘레,cm,남,25~29세,79,92.1,통계연보 구간분포 보간
허리둘레,cm,남,25~29세,80,92.6,통계연보 구간분포 보간
허리둘레,cm,남,25~29세,81,93.1,통계연보 구간분포 보간
허리둘레,cm,남,25~29세,82,93.6,통계연보 구간분포 보간
허리둘레,cm,남,25~29세,83,94,통계연보 구간분포 보간
허리둘레,cm,남,25~29세,84,94.5,통계연보 구간분포 보간
허리둘레,cm,남,25~29세,85,95,통계연보 구간분포 보간
허리둘레,cm,남,25~29세,86,95.7,통계연보 구간분포 보간
허리둘레,cm,남,25~29세,87,96.5,통계연보 구간분포 보간
허리둘레,cm,남,25~29세,88,97.3,통계연보 구간분포 보간
허리둘레,cm,남,25~29세,89,98,통계연보 구간분포 보간
허리둘레,cm,남,25~29세,90,98.8,통계연보 구간분포 보간
허리둘레,cm,남,25~29세,91,99.6,통계연보 구간분포 보간
허리둘레,cm,남,25~29세,92,100.6,통계연보 구간분포 보간
허리둘레,cm,남,25~29세,93,101.9,통계연보 구간분포 보간
허리둘레,cm,남,25~29세,94,103.2,통계연보 구간분포 보간
허리둘레,cm,남,25~29세,95,104.5,통계연보 구간분포 보간
허리둘레,cm,남,25~29세,96,106.5,통계연보 구간분포 보간
허리둘레,cm,남,25~29세,97,108.8,통계연보 구간분포 보간
허리둘레,cm,남,25~29세,98,113,통계연보 구간분포 보간
허리둘레,cm,남,25~29세,99,119,통계연보 구간분포 보간
허리둘레,cm,남,25~29세,100,125,통계연보 구간분포 보간
허리둘레,cm,여,25~29세,1,55.3,통계연보 구간분포 보간
허리둘레,cm,여,25~29세,2,55.5,통계연보 구간분포 보간
허리둘레,cm,여,25~29세,3,55.8,통계연보 구간분포 보간
허리둘레,cm,여,25~29세,4,56.1,통계연보 구간분포 보간
허리둘레,cm,여,25~29세,5,56.3,통계연보 구간분포 보간
허리둘레,cm,여,25~29세,6,56.6,통계연보 구간분포 보간
허리둘레,cm,여,25~29세,7,56.9,통계연보 구간분포 보간
허리둘레,cm,여,25~29세,8,57.1,통계연보 구간분포 보간
허리둘레,cm,여,25~29세,9,57.4,통계연보 구간분포 보간
허리둘레,cm,여,25~29세,10,57.7,통계연보 구간분포 보간
허리둘레,cm,여,25~29세,11,57.9,통계연보 구간분포 보간
허리둘레,cm,여,25~29세,12,58.2,통계연보 구간분포 보간
허리둘레,cm,여,25~29세,13,58.5,통계연보 구간분포 보간
허리둘레,cm,여,25~29세,14,58.7,통계연보 구간분포 보간
허리둘레,cm,여,25~29세,15,59,통계연보 구간분포 보간
허리둘레,cm,여,25~29세,16,59.3,통계연보 구간분포 보간
허리둘레,cm,여,25~29세,17,59.5,통계연보 구간분포 보간
허리둘레,cm,여,25~29세,18,59.8,통계연보 구간분포 보간
허리둘레,cm,여,25~29세,19,60.1,통계연보 구간분포 보간
허리둘레,cm,여,25~29세,20,60.3,통계연보 구간분포 보간
허리둘레,cm,여,25~29세,21,60.6,통계연보 구간분포 보간
허리둘레,cm,여,25~29세,22,60.9,통계연보 구간분포 보간
허리둘레,cm,여,25~29세,23,61.1,통계연보 구간분포 보간
허리둘레,cm,여,25~29세,24,61.4,통계연보 구간분포 보간
허리둘레,cm,여,25~29세,25,61.7,통계연보 구간분포 보간
허리둘레,cm,여,25~29세,26,61.9,통계연보 구간분포 보간
허리둘레,cm,여,25~29세,27,62.2,통계연보 구간분포 보간
허리둘레,cm,여,25~29세,28,62.5,통계연보 구간분포 보간
허리둘레,cm,여,25~29세,29,62.8,통계연보 구간분포 보간
허리둘레,cm,여,25~29세,30,63,통계연보 구간분포 보간
허리둘레,cm,여,25~29세,31,63.3,통계연보 구간분포 보간
허리둘레,cm,여,25~29세,32,63.6,통계연보 구간분포 보간
허리둘레,cm,여,25~29세,33,63.8,통계연보 구간분포 보간
허리둘레,cm,여,25~29세,34,64.1,통계연보 구간분포 보간
허리둘레,cm,여,25~29세,35,64.4,통계연보 구간분포 보간
허리둘레,cm,여,25~29세,36,64.6,통계연보 구간분포 보간
허리둘레,cm,여,25~29세,37,64.9,통계연보 구간분포 보간
허리둘레,cm,여,25~29세,38,65.2,통계연보 구간분포 보간
허리둘레,cm,여,25~29세,39,65.4,통계연보 구간분포 보간
허리둘레,cm,여,25~29세,40,65.7,통계연보 구간분포 보간
허리둘레,cm,여,25~29세,41,66,통계연보 구간분포 보간
허리둘레,cm,여,25~29세,42,66.2,통계연보 구간분포 보간
허리둘레,cm,여,25~29세,43,66.5,통계연보 구간분포 보간
허리둘레,cm,여,25~29세,44,66.8,통계연보 구간분포 보간
허리둘레,cm,여,25~29세,45,67,통계연보 구간분포 보간
허리둘레,cm,여,25~29세,46,67.3,통계연보 구간분포 보간
허리둘레,cm,여,25~29세,47,67.6,통계연보 구간분포 보간
허리둘레,cm,여,25~29세,48,67.8,통계연보 구간분포 보간
허리둘레,cm,여,25~29세,49,68.1,통계연보 구간분포 보간
허리둘레,cm,여,25~29세,50,68.4,통계연보 구간분포 보간
허리둘레,cm,여,25~29세,51,68.6,통계연보 구간분포 보간
허리둘레,cm,여,25~29세,52,68.9,통계연보 구간분포 보간
허리둘레,cm,여,25~29세,53,69.2,통계연보 구간분포 보간
허리둘레,cm,여,25~29세,54,69.4,통계연보 구간분포 보간
허리둘레,cm,여,25~29세,55,69.7,통계연보 구간분포 보간
허리둘레,cm,여,25~29세,56,70,통계연보 구간분포 보간
허리둘레,cm,여,25~29세,57,70.2,통계연보 구간분포 보간
허리둘레,cm,여,25~29세,58,70.5,통계연보 구간분포 보간
허리둘레,cm,여,25~29세,59,70.8,통계연보 구간분포 보간
허리둘레,cm,여,25~29세,60,71,통계연보 구간분포 보간
허리둘레,cm,여,25~29세,61,71.3,통계연보 구간분포 보간
허리둘레,cm,여,25~29세,62,71.6,통계연보 구간분포 보간
허리둘레,cm,여,25~29세,63,71.8,통계연보 구간분포 보간
허리둘레,cm,여,25~29세,64,72.1,통계연보 구간분포 보간
허리둘레,cm,여,25~29세,65,72.4,통계연보 구간분포 보간
허리둘레,cm,여,25~29세,66,72.6,통계연보 구간분포 보간
허리둘레,cm,여,25~29세,67,72.9,통계연보 구간분포 보간
허리둘레,cm,여,25~29세,68,73.2,통계연보 구간분포 보간
허리둘레,cm,여,25~29세,69,73.4,통계연보 구간분포 보간
허리둘레,cm,여,25~29세,70,73.7,통계연보 구간분포 보간
허리둘레,cm,여,25~29세,71,74,통계연보 구간분포 보간
허리둘레,cm,여,25~29세,72,74.2,통계연보 구간분포 보간
허리둘레,cm,여,25~29세,73,74.5,통계연보 구간분포 보간
허리둘레,cm,여,25~29세,74,74.8,통계연보 구간분포 보간
허리둘레,cm,여,25~29세,75,75.1,통계연보 구간분포 보간
허리둘레,cm,여,25~29세,76,75.6,통계연보 구간분포 보간
허리둘레,cm,여,25~29세,77,76.2,통계연보 구간분포 보간
허리둘레,cm,여,25~29세,78,76.7,통계연보 구간분포 보간
허리둘레,cm,여,25~29세,79,77.2,통계연보 구간분포 보간
허리둘레,cm,여,25~29세,80,77.8,통계연보 구간분포 보간
허리둘레,cm,여,25~29세,81,78.3,통계연보 구간분포 보간
허리둘레,cm,여,25~29세,82,78.8,통계연보 구간분포 보간
허리둘레,cm,여,25~29세,83,79.4,통계연보 구간분포 보간
허리둘레,cm,여,25~29세,84,79.9,통계연보 구간분포 보간
허리둘레,cm,여,25~29세,85,80.6,통계연보 구간분포 보간
허리둘레,cm,여,25~29세,86,81.3,통계연보 구간분포 보간
허리둘레,cm,여,25~29세,87,82.1,통계연보 구간분포 보간
허리둘레,cm,여,25~29세,88,82.9,통계연보 구간분포 보간
허리둘레,cm,여,25~29세,89,83.6,통계연보 구간분포 보간
허리둘레,cm,여,25~29세,90,84.4,통계연보 구간분포 보간
허리둘레,cm,여,25~29세,91,85.2,통계연보 구간분포 보간
허리둘레,cm,여,25~29세,92,86.5,통계연보 구간분포 보간
허리둘레,cm,여,25~29세,93,87.8,통계연보 구간분포 보간
허리둘레,cm,여,25~29세,94,89.2,통계연보 구간분포 보간
허리둘레,cm,여,25~29세,95,90.8,통계연보 구간분포 보간
허리둘레,cm,여,25~29세,96,92.9,통계연보 구간분포 보간
허리둘레,cm,여,25~29세,97,95.2,통계연보 구간분포 보간
허리둘레,cm,여,25~29세,98,98.8,통계연보 구간분포 보간
허리둘레,cm,여,25~29세,99,104.3,통계연보 구간분포 보간
허리둘레,cm,여,25~29세,100,125,통계연보 구간분포 보간
허리둘레,cm,남,30~34세,1,56.6,통계연보 구간분포 보간
허리둘레,cm,남,30~34세,2,58.3,통계연보 구간분포 보간
허리둘레,cm,남,30~34세,3,59.9,통계연보 구간분포 보간
허리둘레,cm,남,30~34세,4,61.6,통계연보 구간분포 보간
허리둘레,cm,남,30~34세,5,63.2,통계연보 구간분포 보간
허리둘레,cm,남,30~34세,6,64.9,통계연보 구간분포 보간
허리둘레,cm,남,30~34세,7,66.5,통계연보 구간분포 보간
허리둘레,cm,남,30~34세,8,68.2,통계연보 구간분포 보간
허리둘레,cm,남,30~34세,9,69.8,통계연보 구간분포 보간
허리둘레,cm,남,30~34세,10,71.5,통계연보 구간분포 보간
허리둘레,cm,남,30~34세,11,73.1,통계연보 구간분포 보간
허리둘레,cm,남,30~34세,12,74.8,통계연보 구간분포 보간
허리둘레,cm,남,30~34세,13,75.3,통계연보 구간분포 보간
허리둘레,cm,남,30~34세,14,75.7,통계연보 구간분포 보간
허리둘레,cm,남,30~34세,15,76,통계연보 구간분포 보간
허리둘레,cm,남,30~34세,16,76.4,통계연보 구간분포 보간
허리둘레,cm,남,30~34세,17,76.7,통계연보 구간분포 보간
허리둘레,cm,남,30~34세,18,77.1,통계연보 구간분포 보간
허리둘레,cm,남,30~34세,19,77.4,통계연보 구간분포 보간
허리둘레,cm,남,30~34세,20,77.8,통계연보 구간분포 보간
허리둘레,cm,남,30~34세,21,78.1,통계연보 구간분포 보간
허리둘레,cm,남,30~34세,22,78.5,통계연보 구간분포 보간
허리둘레,cm,남,30~34세,23,78.8,통계연보 구간분포 보간
허리둘레,cm,남,30~34세,24,79.2,통계연보 구간분포 보간
허리둘레,cm,남,30~34세,25,79.5,통계연보 구간분포 보간
허리둘레,cm,남,30~34세,26,79.9,통계연보 구간분포 보간
허리둘레,cm,남,30~34세,27,80.2,통계연보 구간분포 보간
허리둘레,cm,남,30~34세,28,80.4,통계연보 구간분포 보간
허리둘레,cm,남,30~34세,29,80.6,통계연보 구간분포 보간
허리둘레,cm,남,30~34세,30,80.8,통계연보 구간분포 보간
허리둘레,cm,남,30~34세,31,81.1,통계연보 구간분포 보간
허리둘레,cm,남,30~34세,32,81.3,통계연보 구간분포 보간
허리둘레,cm,남,30~34세,33,81.5,통계연보 구간분포 보간
허리둘레,cm,남,30~34세,34,81.8,통계연보 구간분포 보간
허리둘레,cm,남,30~34세,35,82,통계연보 구간분포 보간
허리둘레,cm,남,30~34세,36,82.2,통계연보 구간분포 보간
허리둘레,cm,남,30~34세,37,82.5,통계연보 구간분포 보간
허리둘레,cm,남,30~34세,38,82.7,통계연보 구간분포 보간
허리둘레,cm,남,30~34세,39,82.9,통계연보 구간분포 보간
허리둘레,cm,남,30~34세,40,83.1,통계연보 구간분포 보간
허리둘레,cm,남,30~34세,41,83.4,통계연보 구간분포 보간
허리둘레,cm,남,30~34세,42,83.6,통계연보 구간분포 보간
허리둘레,cm,남,30~34세,43,83.8,통계연보 구간분포 보간
허리둘레,cm,남,30~34세,44,84.1,통계연보 구간분포 보간
허리둘레,cm,남,30~34세,45,84.3,통계연보 구간분포 보간
허리둘레,cm,남,30~34세,46,84.5,통계연보 구간분포 보간
허리둘레,cm,남,30~34세,47,84.7,통계연보 구간분포 보간
허리둘레,cm,남,30~34세,48,85,통계연보 구간분포 보간
허리둘레,cm,남,30~34세,49,85.2,통계연보 구간분포 보간
허리둘레,cm,남,30~34세,50,85.5,통계연보 구간분포 보간
허리둘레,cm,남,30~34세,51,85.7,통계연보 구간분포 보간
허리둘레,cm,남,30~34세,52,86,통계연보 구간분포 보간
허리둘레,cm,남,30~34세,53,86.3,통계연보 구간분포 보간
허리둘레,cm,남,30~34세,54,86.5,통계연보 구간분포 보간
허리둘레,cm,남,30~34세,55,86.8,통계연보 구간분포 보간
허리둘레,cm,남,30~34세,56,87,통계연보 구간분포 보간
허리둘레,cm,남,30~34세,57,87.3,통계연보 구간분포 보간
허리둘레,cm,남,30~34세,58,87.5,통계연보 구간분포 보간
허리둘레,cm,남,30~34세,59,87.8,통계연보 구간분포 보간
허리둘레,cm,남,30~34세,60,88,통계연보 구간분포 보간
허리둘레,cm,남,30~34세,61,88.3,통계연보 구간분포 보간
허리둘레,cm,남,30~34세,62,88.6,통계연보 구간분포 보간
허리둘레,cm,남,30~34세,63,88.8,통계연보 구간분포 보간
허리둘레,cm,남,30~34세,64,89.1,통계연보 구간분포 보간
허리둘레,cm,남,30~34세,65,89.3,통계연보 구간분포 보간
허리둘레,cm,남,30~34세,66,89.6,통계연보 구간분포 보간
허리둘레,cm,남,30~34세,67,89.8,통계연보 구간분포 보간
허리둘레,cm,남,30~34세,68,90.1,통계연보 구간분포 보간
허리둘레,cm,남,30~34세,69,90.5,통계연보 구간분포 보간
허리둘레,cm,남,30~34세,70,90.9,통계연보 구간분포 보간
허리둘레,cm,남,30~34세,71,91.2,통계연보 구간분포 보간
허리둘레,cm,남,30~34세,72,91.6,통계연보 구간분포 보간
허리둘레,cm,남,30~34세,73,92,통계연보 구간분포 보간
허리둘레,cm,남,30~34세,74,92.3,통계연보 구간분포 보간
허리둘레,cm,남,30~34세,75,92.7,통계연보 구간분포 보간
허리둘레,cm,남,30~34세,76,93.1,통계연보 구간분포 보간
허리둘레,cm,남,30~34세,77,93.5,통계연보 구간분포 보간
허리둘레,cm,남,30~34세,78,93.8,통계연보 구간분포 보간
허리둘레,cm,남,30~34세,79,94.2,통계연보 구간분포 보간
허리둘레,cm,남,30~34세,80,94.6,통계연보 구간분포 보간
허리둘레,cm,남,30~34세,81,94.9,통계연보 구간분포 보간
허리둘레,cm,남,30~34세,82,95.5,통계연보 구간분포 보간
허리둘레,cm,남,30~34세,83,96.1,통계연보 구간분포 보간
허리둘레,cm,남,30~34세,84,96.7,통계연보 구간분포 보간
허리둘레,cm,남,30~34세,85,97.3,통계연보 구간분포 보간
허리둘레,cm,남,30~34세,86,97.9,통계연보 구간분포 보간
허리둘레,cm,남,30~34세,87,98.5,통계연보 구간분포 보간
허리둘레,cm,남,30~34세,88,99.1,통계연보 구간분포 보간
허리둘레,cm,남,30~34세,89,99.7,통계연보 구간분포 보간
허리둘레,cm,남,30~34세,90,100.4,통계연보 구간분포 보간
허리둘레,cm,남,30~34세,91,101.5,통계연보 구간분포 보간
허리둘레,cm,남,30~34세,92,102.5,통계연보 구간분포 보간
허리둘레,cm,남,30~34세,93,103.6,통계연보 구간분포 보간
허리둘레,cm,남,30~34세,94,104.6,통계연보 구간분포 보간
허리둘레,cm,남,30~34세,95,106.1,통계연보 구간분포 보간
허리둘레,cm,남,30~34세,96,108,통계연보 구간분포 보간
허리둘레,cm,남,30~34세,97,109.9,통계연보 구간분포 보간
허리둘레,cm,남,30~34세,98,114.9,통계연보 구간분포 보간
허리둘레,cm,남,30~34세,99,119.9,통계연보 구간분포 보간
허리둘레,cm,남,30~34세,100,125,통계연보 구간분포 보간
허리둘레,cm,여,30~34세,1,55.3,통계연보 구간분포 보간
허리둘레,cm,여,30~34세,2,55.6,통계연보 구간분포 보간
허리둘레,cm,여,30~34세,3,55.9,통계연보 구간분포 보간
허리둘레,cm,여,30~34세,4,56.2,통계연보 구간분포 보간
허리둘레,cm,여,30~34세,5,56.5,통계연보 구간분포 보간
허리둘레,cm,여,30~34세,6,56.8,통계연보 구간분포 보간
허리둘레,cm,여,30~34세,7,57.1,통계연보 구간분포 보간
허리둘레,cm,여,30~34세,8,57.4,통계연보 구간분포 보간
허리둘레,cm,여,30~34세,9,57.6,통계연보 구간분포 보간
허리둘레,cm,여,30~34세,10,57.9,통계연보 구간분포 보간
허리둘레,cm,여,30~34세,11,58.2,통계연보 구간분포 보간
허리둘레,cm,여,30~34세,12,58.5,통계연보 구간분포 보간
허리둘레,cm,여,30~34세,13,58.8,통계연보 구간분포 보간
허리둘레,cm,여,30~34세,14,59.1,통계연보 구간분포 보간
허리둘레,cm,여,30~34세,15,59.4,통계연보 구간분포 보간
허리둘레,cm,여,30~34세,16,59.7,통계연보 구간분포 보간
허리둘레,cm,여,30~34세,17,60,통계연보 구간분포 보간
허리둘레,cm,여,30~34세,18,60.3,통계연보 구간분포 보간
허리둘레,cm,여,30~34세,19,60.6,통계연보 구간분포 보간
허리둘레,cm,여,30~34세,20,60.9,통계연보 구간분포 보간
허리둘레,cm,여,30~34세,21,61.2,통계연보 구간분포 보간
허리둘레,cm,여,30~34세,22,61.5,통계연보 구간분포 보간
허리둘레,cm,여,30~34세,23,61.8,통계연보 구간분포 보간
허리둘레,cm,여,30~34세,24,62.1,통계연보 구간분포 보간
허리둘레,cm,여,30~34세,25,62.4,통계연보 구간분포 보간
허리둘레,cm,여,30~34세,26,62.6,통계연보 구간분포 보간
허리둘레,cm,여,30~34세,27,62.9,통계연보 구간분포 보간
허리둘레,cm,여,30~34세,28,63.2,통계연보 구간분포 보간
허리둘레,cm,여,30~34세,29,63.5,통계연보 구간분포 보간
허리둘레,cm,여,30~34세,30,63.8,통계연보 구간분포 보간
허리둘레,cm,여,30~34세,31,64.1,통계연보 구간분포 보간
허리둘레,cm,여,30~34세,32,64.4,통계연보 구간분포 보간
허리둘레,cm,여,30~34세,33,64.7,통계연보 구간분포 보간
허리둘레,cm,여,30~34세,34,65,통계연보 구간분포 보간
허리둘레,cm,여,30~34세,35,65.3,통계연보 구간분포 보간
허리둘레,cm,여,30~34세,36,65.6,통계연보 구간분포 보간
허리둘레,cm,여,30~34세,37,65.9,통계연보 구간분포 보간
허리둘레,cm,여,30~34세,38,66.2,통계연보 구간분포 보간
허리둘레,cm,여,30~34세,39,66.5,통계연보 구간분포 보간
허리둘레,cm,여,30~34세,40,66.8,통계연보 구간분포 보간
허리둘레,cm,여,30~34세,41,67.1,통계연보 구간분포 보간
허리둘레,cm,여,30~34세,42,67.3,통계연보 구간분포 보간
허리둘레,cm,여,30~34세,43,67.6,통계연보 구간분포 보간
허리둘레,cm,여,30~34세,44,67.9,통계연보 구간분포 보간
허리둘레,cm,여,30~34세,45,68.2,통계연보 구간분포 보간
허리둘레,cm,여,30~34세,46,68.5,통계연보 구간분포 보간
허리둘레,cm,여,30~34세,47,68.8,통계연보 구간분포 보간
허리둘레,cm,여,30~34세,48,69.1,통계연보 구간분포 보간
허리둘레,cm,여,30~34세,49,69.4,통계연보 구간분포 보간
허리둘레,cm,여,30~34세,50,69.7,통계연보 구간분포 보간
허리둘레,cm,여,30~34세,51,70,통계연보 구간분포 보간
허리둘레,cm,여,30~34세,52,70.3,통계연보 구간분포 보간
허리둘레,cm,여,30~34세,53,70.6,통계연보 구간분포 보간
허리둘레,cm,여,30~34세,54,70.9,통계연보 구간분포 보간
허리둘레,cm,여,30~34세,55,71.2,통계연보 구간분포 보간
허리둘레,cm,여,30~34세,56,71.5,통계연보 구간분포 보간
허리둘레,cm,여,30~34세,57,71.8,통계연보 구간분포 보간
허리둘레,cm,여,30~34세,58,72.1,통계연보 구간분포 보간
허리둘레,cm,여,30~34세,59,72.3,통계연보 구간분포 보간
허리둘레,cm,여,30~34세,60,72.6,통계연보 구간분포 보간
허리둘레,cm,여,30~34세,61,72.9,통계연보 구간분포 보간
허리둘레,cm,여,30~34세,62,73.2,통계연보 구간분포 보간
허리둘레,cm,여,30~34세,63,73.5,통계연보 구간분포 보간
허리둘레,cm,여,30~34세,64,73.8,통계연보 구간분포 보간
허리둘레,cm,여,30~34세,65,74.1,통계연보 구간분포 보간
허리둘레,cm,여,30~34세,66,74.4,통계연보 구간분포 보간
허리둘레,cm,여,30~34세,67,74.7,통계연보 구간분포 보간
허리둘레,cm,여,30~34세,68,75,통계연보 구간분포 보간
허리둘레,cm,여,30~34세,69,75.4,통계연보 구간분포 보간
허리둘레,cm,여,30~34세,70,75.9,통계연보 구간분포 보간
허리둘레,cm,여,30~34세,71,76.3,통계연보 구간분포 보간
허리둘레,cm,여,30~34세,72,76.8,통계연보 구간분포 보간
허리둘레,cm,여,30~34세,73,77.2,통계연보 구간분포 보간
허리둘레,cm,여,30~34세,74,77.6,통계연보 구간분포 보간
허리둘레,cm,여,30~34세,75,78.1,통계연보 구간분포 보간
허리둘레,cm,여,30~34세,76,78.5,통계연보 구간분포 보간
허리둘레,cm,여,30~34세,77,79,통계연보 구간분포 보간
허리둘레,cm,여,30~34세,78,79.4,통계연보 구간분포 보간
허리둘레,cm,여,30~34세,79,79.9,통계연보 구간분포 보간
허리둘레,cm,여,30~34세,80,80.4,통계연보 구간분포 보간
허리둘레,cm,여,30~34세,81,81,통계연보 구간분포 보간
허리둘레,cm,여,30~34세,82,81.6,통계연보 구간분포 보간
허리둘레,cm,여,30~34세,83,82.1,통계연보 구간분포 보간
허리둘레,cm,여,30~34세,84,82.7,통계연보 구간분포 보간
허리둘레,cm,여,30~34세,85,83.3,통계연보 구간분포 보간
허리둘레,cm,여,30~34세,86,83.9,통계연보 구간분포 보간
허리둘레,cm,여,30~34세,87,84.5,통계연보 구간분포 보간
허리둘레,cm,여,30~34세,88,85.1,통계연보 구간분포 보간
허리둘레,cm,여,30~34세,89,86.1,통계연보 구간분포 보간
허리둘레,cm,여,30~34세,90,87.1,통계연보 구간분포 보간
허리둘레,cm,여,30~34세,91,88.1,통계연보 구간분포 보간
허리둘레,cm,여,30~34세,92,89.1,통계연보 구간분포 보간
허리둘레,cm,여,30~34세,93,90.1,통계연보 구간분포 보간
허리둘레,cm,여,30~34세,94,91.8,통계연보 구간분포 보간
허리둘레,cm,여,30~34세,95,93.4,통계연보 구간분포 보간
허리둘레,cm,여,30~34세,96,95.1,통계연보 구간분포 보간
허리둘레,cm,여,30~34세,97,97.8,통계연보 구간분포 보간
허리둘레,cm,여,30~34세,98,100.8,통계연보 구간분포 보간
허리둘레,cm,여,30~34세,99,106.3,통계연보 구간분포 보간
허리둘레,cm,여,30~34세,100,125,통계연보 구간분포 보간
허리둘레,cm,남,35~39세,1,57.4,통계연보 구간분포 보간
허리둘레,cm,남,35~39세,2,59.7,통계연보 구간분포 보간
허리둘레,cm,남,35~39세,3,62.1,통계연보 구간분포 보간
허리둘레,cm,남,35~39세,4,64.4,통계연보 구간분포 보간
허리둘레,cm,남,35~39세,5,66.8,통계연보 구간분포 보간
허리둘레,cm,남,35~39세,6,69.2,통계연보 구간분포 보간
허리둘레,cm,남,35~39세,7,71.5,통계연보 구간분포 보간
허리둘레,cm,남,35~39세,8,73.9,통계연보 구간분포 보간
허리둘레,cm,남,35~39세,9,75.2,통계연보 구간분포 보간
허리둘레,cm,남,35~39세,10,75.7,통계연보 구간분포 보간
허리둘레,cm,남,35~39세,11,76.1,통계연보 구간분포 보간
허리둘레,cm,남,35~39세,12,76.5,통계연보 구간분포 보간
허리둘레,cm,남,35~39세,13,77,통계연보 구간분포 보간
허리둘레,cm,남,35~39세,14,77.4,통계연보 구간분포 보간
허리둘레,cm,남,35~39세,15,77.9,통계연보 구간분포 보간
허리둘레,cm,남,35~39세,16,78.3,통계연보 구간분포 보간
허리둘레,cm,남,35~39세,17,78.7,통계연보 구간분포 보간
허리둘레,cm,남,35~39세,18,79.2,통계연보 구간분포 보간
허리둘레,cm,남,35~39세,19,79.6,통계연보 구간분포 보간
허리둘레,cm,남,35~39세,20,80,통계연보 구간분포 보간
허리둘레,cm,남,35~39세,21,80.3,통계연보 구간분포 보간
허리둘레,cm,남,35~39세,22,80.5,통계연보 구간분포 보간
허리둘레,cm,남,35~39세,23,80.8,통계연보 구간분포 보간
허리둘레,cm,남,35~39세,24,81,통계연보 구간분포 보간
허리둘레,cm,남,35~39세,25,81.3,통계연보 구간분포 보간
허리둘레,cm,남,35~39세,26,81.5,통계연보 구간분포 보간
허리둘레,cm,남,35~39세,27,81.7,통계연보 구간분포 보간
허리둘레,cm,남,35~39세,28,82,통계연보 구간분포 보간
허리둘레,cm,남,35~39세,29,82.2,통계연보 구간분포 보간
허리둘레,cm,남,35~39세,30,82.5,통계연보 구간분포 보간
허리둘레,cm,남,35~39세,31,82.7,통계연보 구간분포 보간
허리둘레,cm,남,35~39세,32,83,통계연보 구간분포 보간
허리둘레,cm,남,35~39세,33,83.2,통계연보 구간분포 보간
허리둘레,cm,남,35~39세,34,83.4,통계연보 구간분포 보간
허리둘레,cm,남,35~39세,35,83.7,통계연보 구간분포 보간
허리둘레,cm,남,35~39세,36,83.9,통계연보 구간분포 보간
허리둘레,cm,남,35~39세,37,84.2,통계연보 구간분포 보간
허리둘레,cm,남,35~39세,38,84.4,통계연보 구간분포 보간
허리둘레,cm,남,35~39세,39,84.7,통계연보 구간분포 보간
허리둘레,cm,남,35~39세,40,84.9,통계연보 구간분포 보간
허리둘레,cm,남,35~39세,41,85.1,통계연보 구간분포 보간
허리둘레,cm,남,35~39세,42,85.4,통계연보 구간분포 보간
허리둘레,cm,남,35~39세,43,85.6,통계연보 구간분포 보간
허리둘레,cm,남,35~39세,44,85.8,통계연보 구간분포 보간
허리둘레,cm,남,35~39세,45,86.1,통계연보 구간분포 보간
허리둘레,cm,남,35~39세,46,86.3,통계연보 구간분포 보간
허리둘레,cm,남,35~39세,47,86.6,통계연보 구간분포 보간
허리둘레,cm,남,35~39세,48,86.8,통계연보 구간분포 보간
허리둘레,cm,남,35~39세,49,87,통계연보 구간분포 보간
허리둘레,cm,남,35~39세,50,87.3,통계연보 구간분포 보간
허리둘레,cm,남,35~39세,51,87.5,통계연보 구간분포 보간
허리둘레,cm,남,35~39세,52,87.7,통계연보 구간분포 보간
허리둘레,cm,남,35~39세,53,88,통계연보 구간분포 보간
허리둘레,cm,남,35~39세,54,88.2,통계연보 구간분포 보간
허리둘레,cm,남,35~39세,55,88.4,통계연보 구간분포 보간
허리둘레,cm,남,35~39세,56,88.7,통계연보 구간분포 보간
허리둘레,cm,남,35~39세,57,88.9,통계연보 구간분포 보간
허리둘레,cm,남,35~39세,58,89.1,통계연보 구간분포 보간
허리둘레,cm,남,35~39세,59,89.4,통계연보 구간분포 보간
허리둘레,cm,남,35~39세,60,89.6,통계연보 구간분포 보간
허리둘레,cm,남,35~39세,61,89.8,통계연보 구간분포 보간
허리둘레,cm,남,35~39세,62,90.1,통계연보 구간분포 보간
허리둘레,cm,남,35~39세,63,90.4,통계연보 구간분포 보간
허리둘레,cm,남,35~39세,64,90.7,통계연보 구간분포 보간
허리둘레,cm,남,35~39세,65,91,통계연보 구간분포 보간
허리둘레,cm,남,35~39세,66,91.4,통계연보 구간분포 보간
허리둘레,cm,남,35~39세,67,91.7,통계연보 구간분포 보간
허리둘레,cm,남,35~39세,68,92,통계연보 구간분포 보간
허리둘레,cm,남,35~39세,69,92.3,통계연보 구간분포 보간
허리둘레,cm,남,35~39세,70,92.6,통계연보 구간분포 보간
허리둘레,cm,남,35~39세,71,92.9,통계연보 구간분포 보간
허리둘레,cm,남,35~39세,72,93.2,통계연보 구간분포 보간
허리둘레,cm,남,35~39세,73,93.5,통계연보 구간분포 보간
허리둘레,cm,남,35~39세,74,93.9,통계연보 구간분포 보간
허리둘레,cm,남,35~39세,75,94.2,통계연보 구간분포 보간
허리둘레,cm,남,35~39세,76,94.5,통계연보 구간분포 보간
허리둘레,cm,남,35~39세,77,94.8,통계연보 구간분포 보간
허리둘레,cm,남,35~39세,78,95.2,통계연보 구간분포 보간
허리둘레,cm,남,35~39세,79,95.7,통계연보 구간분포 보간
허리둘레,cm,남,35~39세,80,96.1,통계연보 구간분포 보간
허리둘레,cm,남,35~39세,81,96.6,통계연보 구간분포 보간
허리둘레,cm,남,35~39세,82,97.1,통계연보 구간분포 보간
허리둘레,cm,남,35~39세,83,97.6,통계연보 구간분포 보간
허리둘레,cm,남,35~39세,84,98.1,통계연보 구간분포 보간
허리둘레,cm,남,35~39세,85,98.6,통계연보 구간분포 보간
허리둘레,cm,남,35~39세,86,99.1,통계연보 구간분포 보간
허리둘레,cm,남,35~39세,87,99.6,통계연보 구간분포 보간
허리둘레,cm,남,35~39세,88,100.1,통계연보 구간분포 보간
허리둘레,cm,남,35~39세,89,100.9,통계연보 구간분포 보간
허리둘레,cm,남,35~39세,90,101.8,통계연보 구간분포 보간
허리둘레,cm,남,35~39세,91,102.7,통계연보 구간분포 보간
허리둘레,cm,남,35~39세,92,103.5,통계연보 구간분포 보간
허리둘레,cm,남,35~39세,93,104.4,통계연보 구간분포 보간
허리둘레,cm,남,35~39세,94,105.4,통계연보 구간분포 보간
허리둘레,cm,남,35~39세,95,107.1,통계연보 구간분포 보간
허리둘레,cm,남,35~39세,96,108.7,통계연보 구간분포 보간
허리둘레,cm,남,35~39세,97,111,통계연보 구간분포 보간
허리둘레,cm,남,35~39세,98,115.6,통계연보 구간분포 보간
허리둘레,cm,남,35~39세,99,120.3,통계연보 구간분포 보간
허리둘레,cm,남,35~39세,100,125,통계연보 구간분포 보간
허리둘레,cm,여,35~39세,1,55.3,통계연보 구간분포 보간
허리둘레,cm,여,35~39세,2,55.7,통계연보 구간분포 보간
허리둘레,cm,여,35~39세,3,56,통계연보 구간분포 보간
허리둘레,cm,여,35~39세,4,56.3,통계연보 구간분포 보간
허리둘레,cm,여,35~39세,5,56.6,통계연보 구간분포 보간
허리둘레,cm,여,35~39세,6,57,통계연보 구간분포 보간
허리둘레,cm,여,35~39세,7,57.3,통계연보 구간분포 보간
허리둘레,cm,여,35~39세,8,57.6,통계연보 구간분포 보간
허리둘레,cm,여,35~39세,9,57.9,통계연보 구간분포 보간
허리둘레,cm,여,35~39세,10,58.3,통계연보 구간분포 보간
허리둘레,cm,여,35~39세,11,58.6,통계연보 구간분포 보간
허리둘레,cm,여,35~39세,12,58.9,통계연보 구간분포 보간
허리둘레,cm,여,35~39세,13,59.2,통계연보 구간분포 보간
허리둘레,cm,여,35~39세,14,59.6,통계연보 구간분포 보간
허리둘레,cm,여,35~39세,15,59.9,통계연보 구간분포 보간
허리둘레,cm,여,35~39세,16,60.2,통계연보 구간분포 보간
허리둘레,cm,여,35~39세,17,60.6,통계연보 구간분포 보간
허리둘레,cm,여,35~39세,18,60.9,통계연보 구간분포 보간
허리둘레,cm,여,35~39세,19,61.2,통계연보 구간분포 보간
허리둘레,cm,여,35~39세,20,61.5,통계연보 구간분포 보간
허리둘레,cm,여,35~39세,21,61.9,통계연보 구간분포 보간
허리둘레,cm,여,35~39세,22,62.2,통계연보 구간분포 보간
허리둘레,cm,여,35~39세,23,62.5,통계연보 구간분포 보간
허리둘레,cm,여,35~39세,24,62.8,통계연보 구간분포 보간
허리둘레,cm,여,35~39세,25,63.2,통계연보 구간분포 보간
허리둘레,cm,여,35~39세,26,63.5,통계연보 구간분포 보간
허리둘레,cm,여,35~39세,27,63.8,통계연보 구간분포 보간
허리둘레,cm,여,35~39세,28,64.1,통계연보 구간분포 보간
허리둘레,cm,여,35~39세,29,64.5,통계연보 구간분포 보간
허리둘레,cm,여,35~39세,30,64.8,통계연보 구간분포 보간
허리둘레,cm,여,35~39세,31,65.1,통계연보 구간분포 보간
허리둘레,cm,여,35~39세,32,65.4,통계연보 구간분포 보간
허리둘레,cm,여,35~39세,33,65.8,통계연보 구간분포 보간
허리둘레,cm,여,35~39세,34,66.1,통계연보 구간분포 보간
허리둘레,cm,여,35~39세,35,66.4,통계연보 구간분포 보간
허리둘레,cm,여,35~39세,36,66.8,통계연보 구간분포 보간
허리둘레,cm,여,35~39세,37,67.1,통계연보 구간분포 보간
허리둘레,cm,여,35~39세,38,67.4,통계연보 구간분포 보간
허리둘레,cm,여,35~39세,39,67.7,통계연보 구간분포 보간
허리둘레,cm,여,35~39세,40,68.1,통계연보 구간분포 보간
허리둘레,cm,여,35~39세,41,68.4,통계연보 구간분포 보간
허리둘레,cm,여,35~39세,42,68.7,통계연보 구간분포 보간
허리둘레,cm,여,35~39세,43,69,통계연보 구간분포 보간
허리둘레,cm,여,35~39세,44,69.4,통계연보 구간분포 보간
허리둘레,cm,여,35~39세,45,69.7,통계연보 구간분포 보간
허리둘레,cm,여,35~39세,46,70,통계연보 구간분포 보간
허리둘레,cm,여,35~39세,47,70.3,통계연보 구간분포 보간
허리둘레,cm,여,35~39세,48,70.7,통계연보 구간분포 보간
허리둘레,cm,여,35~39세,49,71,통계연보 구간분포 보간
허리둘레,cm,여,35~39세,50,71.3,통계연보 구간분포 보간
허리둘레,cm,여,35~39세,51,71.7,통계연보 구간분포 보간
허리둘레,cm,여,35~39세,52,72,통계연보 구간분포 보간
허리둘레,cm,여,35~39세,53,72.3,통계연보 구간분포 보간
허리둘레,cm,여,35~39세,54,72.6,통계연보 구간분포 보간
허리둘레,cm,여,35~39세,55,73,통계연보 구간분포 보간
허리둘레,cm,여,35~39세,56,73.3,통계연보 구간분포 보간
허리둘레,cm,여,35~39세,57,73.6,통계연보 구간분포 보간
허리둘레,cm,여,35~39세,58,73.9,통계연보 구간분포 보간
허리둘레,cm,여,35~39세,59,74.3,통계연보 구간분포 보간
허리둘레,cm,여,35~39세,60,74.6,통계연보 구간분포 보간
허리둘레,cm,여,35~39세,61,74.9,통계연보 구간분포 보간
허리둘레,cm,여,35~39세,62,75.3,통계연보 구간분포 보간
허리둘레,cm,여,35~39세,63,75.7,통계연보 구간분포 보간
허리둘레,cm,여,35~39세,64,76.1,통계연보 구간분포 보간
허리둘레,cm,여,35~39세,65,76.4,통계연보 구간분포 보간
허리둘레,cm,여,35~39세,66,76.8,통계연보 구간분포 보간
허리둘레,cm,여,35~39세,67,77.2,통계연보 구간분포 보간
허리둘레,cm,여,35~39세,68,77.6,통계연보 구간분포 보간
허리둘레,cm,여,35~39세,69,78,통계연보 구간분포 보간
허리둘레,cm,여,35~39세,70,78.3,통계연보 구간분포 보간
허리둘레,cm,여,35~39세,71,78.7,통계연보 구간분포 보간
허리둘레,cm,여,35~39세,72,79.1,통계연보 구간분포 보간
허리둘레,cm,여,35~39세,73,79.5,통계연보 구간분포 보간
허리둘레,cm,여,35~39세,74,79.9,통계연보 구간분포 보간
허리둘레,cm,여,35~39세,75,80.3,통계연보 구간분포 보간
허리둘레,cm,여,35~39세,76,80.8,통계연보 구간분포 보간
허리둘레,cm,여,35~39세,77,81.3,통계연보 구간분포 보간
허리둘레,cm,여,35~39세,78,81.8,통계연보 구간분포 보간
허리둘레,cm,여,35~39세,79,82.2,통계연보 구간분포 보간
허리둘레,cm,여,35~39세,80,82.7,통계연보 구간분포 보간
허리둘레,cm,여,35~39세,81,83.2,통계연보 구간분포 보간
허리둘레,cm,여,35~39세,82,83.7,통계연보 구간분포 보간
허리둘레,cm,여,35~39세,83,84.1,통계연보 구간분포 보간
허리둘레,cm,여,35~39세,84,84.6,통계연보 구간분포 보간
허리둘레,cm,여,35~39세,85,85.1,통계연보 구간분포 보간
허리둘레,cm,여,35~39세,86,85.9,통계연보 구간분포 보간
허리둘레,cm,여,35~39세,87,86.7,통계연보 구간분포 보간
허리둘레,cm,여,35~39세,88,87.5,통계연보 구간분포 보간
허리둘레,cm,여,35~39세,89,88.2,통계연보 구간분포 보간
허리둘레,cm,여,35~39세,90,89,통계연보 구간분포 보간
허리둘레,cm,여,35~39세,91,89.8,통계연보 구간분포 보간
허리둘레,cm,여,35~39세,92,90.9,통계연보 구간분포 보간
허리둘레,cm,여,35~39세,93,92.2,통계연보 구간분포 보간
허리둘레,cm,여,35~39세,94,93.5,통계연보 구간분포 보간
허리둘레,cm,여,35~39세,95,94.8,통계연보 구간분포 보간
허리둘레,cm,여,35~39세,96,96.9,통계연보 구간분포 보간
허리둘레,cm,여,35~39세,97,99,통계연보 구간분포 보간
허리둘레,cm,여,35~39세,98,102.3,통계연보 구간분포 보간
허리둘레,cm,여,35~39세,99,107.5,통계연보 구간분포 보간
허리둘레,cm,여,35~39세,100,125,통계연보 구간분포 보간
허리둘레,cm,남,40~44세,1,57.6,통계연보 구간분포 보간
허리둘레,cm,남,40~44세,2,60.2,통계연보 구간분포 보간
허리둘레,cm,남,40~44세,3,62.8,통계연보 구간분포 보간
허리둘레,cm,남,40~44세,4,65.4,통계연보 구간분포 보간
허리둘레,cm,남,40~44세,5,68,통계연보 구간분포 보간
허리둘레,cm,남,40~44세,6,70.6,통계연보 구간분포 보간
허리둘레,cm,남,40~44세,7,73.2,통계연보 구간분포 보간
허리둘레,cm,남,40~44세,8,75.2,통계연보 구간분포 보간
허리둘레,cm,남,40~44세,9,75.6,통계연보 구간분포 보간
허리둘레,cm,남,40~44세,10,76.1,통계연보 구간분포 보간
허리둘레,cm,남,40~44세,11,76.6,통계연보 구간분포 보간
허리둘레,cm,남,40~44세,12,77,통계연보 구간분포 보간
허리둘레,cm,남,40~44세,13,77.5,통계연보 구간분포 보간
허리둘레,cm,남,40~44세,14,78,통계연보 구간분포 보간
허리둘레,cm,남,40~44세,15,78.4,통계연보 구간분포 보간
허리둘레,cm,남,40~44세,16,78.9,통계연보 구간분포 보간
허리둘레,cm,남,40~44세,17,79.4,통계연보 구간분포 보간
허리둘레,cm,남,40~44세,18,79.9,통계연보 구간분포 보간
허리둘레,cm,남,40~44세,19,80.2,통계연보 구간분포 보간
허리둘레,cm,남,40~44세,20,80.4,통계연보 구간분포 보간
허리둘레,cm,남,40~44세,21,80.6,통계연보 구간분포 보간
허리둘레,cm,남,40~44세,22,80.9,통계연보 구간분포 보간
허리둘레,cm,남,40~44세,23,81.1,통계연보 구간분포 보간
허리둘레,cm,남,40~44세,24,81.4,통계연보 구간분포 보간
허리둘레,cm,남,40~44세,25,81.6,통계연보 구간분포 보간
허리둘레,cm,남,40~44세,26,81.9,통계연보 구간분포 보간
허리둘레,cm,남,40~44세,27,82.1,통계연보 구간분포 보간
허리둘레,cm,남,40~44세,28,82.3,통계연보 구간분포 보간
허리둘레,cm,남,40~44세,29,82.6,통계연보 구간분포 보간
허리둘레,cm,남,40~44세,30,82.8,통계연보 구간분포 보간
허리둘레,cm,남,40~44세,31,83.1,통계연보 구간분포 보간
허리둘레,cm,남,40~44세,32,83.3,통계연보 구간분포 보간
허리둘레,cm,남,40~44세,33,83.5,통계연보 구간분포 보간
허리둘레,cm,남,40~44세,34,83.8,통계연보 구간분포 보간
허리둘레,cm,남,40~44세,35,84,통계연보 구간분포 보간
허리둘레,cm,남,40~44세,36,84.3,통계연보 구간분포 보간
허리둘레,cm,남,40~44세,37,84.5,통계연보 구간분포 보간
허리둘레,cm,남,40~44세,38,84.7,통계연보 구간분포 보간
허리둘레,cm,남,40~44세,39,85,통계연보 구간분포 보간
허리둘레,cm,남,40~44세,40,85.2,통계연보 구간분포 보간
허리둘레,cm,남,40~44세,41,85.4,통계연보 구간분포 보간
허리둘레,cm,남,40~44세,42,85.6,통계연보 구간분포 보간
허리둘레,cm,남,40~44세,43,85.9,통계연보 구간분포 보간
허리둘레,cm,남,40~44세,44,86.1,통계연보 구간분포 보간
허리둘레,cm,남,40~44세,45,86.3,통계연보 구간분포 보간
허리둘레,cm,남,40~44세,46,86.5,통계연보 구간분포 보간
허리둘레,cm,남,40~44세,47,86.7,통계연보 구간분포 보간
허리둘레,cm,남,40~44세,48,87,통계연보 구간분포 보간
허리둘레,cm,남,40~44세,49,87.2,통계연보 구간분포 보간
허리둘레,cm,남,40~44세,50,87.4,통계연보 구간분포 보간
허리둘레,cm,남,40~44세,51,87.6,통계연보 구간분포 보간
허리둘레,cm,남,40~44세,52,87.9,통계연보 구간분포 보간
허리둘레,cm,남,40~44세,53,88.1,통계연보 구간분포 보간
허리둘레,cm,남,40~44세,54,88.3,통계연보 구간분포 보간
허리둘레,cm,남,40~44세,55,88.5,통계연보 구간분포 보간
허리둘레,cm,남,40~44세,56,88.7,통계연보 구간분포 보간
허리둘레,cm,남,40~44세,57,89,통계연보 구간분포 보간
허리둘레,cm,남,40~44세,58,89.2,통계연보 구간분포 보간
허리둘레,cm,남,40~44세,59,89.4,통계연보 구간분포 보간
허리둘레,cm,남,40~44세,60,89.6,통계연보 구간분포 보간
허리둘레,cm,남,40~44세,61,89.8,통계연보 구간분포 보간
허리둘레,cm,남,40~44세,62,90.1,통계연보 구간분포 보간
허리둘레,cm,남,40~44세,63,90.4,통계연보 구간분포 보간
허리둘레,cm,남,40~44세,64,90.7,통계연보 구간분포 보간
허리둘레,cm,남,40~44세,65,91,통계연보 구간분포 보간
허리둘레,cm,남,40~44세,66,91.3,통계연보 구간분포 보간
허리둘레,cm,남,40~44세,67,91.6,통계연보 구간분포 보간
허리둘레,cm,남,40~44세,68,91.8,통계연보 구간분포 보간
허리둘레,cm,남,40~44세,69,92.1,통계연보 구간분포 보간
허리둘레,cm,남,40~44세,70,92.4,통계연보 구간분포 보간
허리둘레,cm,남,40~44세,71,92.7,통계연보 구간분포 보간
허리둘레,cm,남,40~44세,72,93,통계연보 구간분포 보간
허리둘레,cm,남,40~44세,73,93.3,통계연보 구간분포 보간
허리둘레,cm,남,40~44세,74,93.6,통계연보 구간분포 보간
허리둘레,cm,남,40~44세,75,93.9,통계연보 구간분포 보간
허리둘레,cm,남,40~44세,76,94.2,통계연보 구간분포 보간
허리둘레,cm,남,40~44세,77,94.5,통계연보 구간분포 보간
허리둘레,cm,남,40~44세,78,94.8,통계연보 구간분포 보간
허리둘레,cm,남,40~44세,79,95.1,통계연보 구간분포 보간
허리둘레,cm,남,40~44세,80,95.6,통계연보 구간분포 보간
허리둘레,cm,남,40~44세,81,96,통계연보 구간분포 보간
허리둘레,cm,남,40~44세,82,96.5,통계연보 구간분포 보간
허리둘레,cm,남,40~44세,83,97,통계연보 구간분포 보간
허리둘레,cm,남,40~44세,84,97.5,통계연보 구간분포 보간
허리둘레,cm,남,40~44세,85,98,통계연보 구간분포 보간
허리둘레,cm,남,40~44세,86,98.4,통계연보 구간분포 보간
허리둘레,cm,남,40~44세,87,98.9,통계연보 구간분포 보간
허리둘레,cm,남,40~44세,88,99.4,통계연보 구간분포 보간
허리둘레,cm,남,40~44세,89,99.9,통계연보 구간분포 보간
허리둘레,cm,남,40~44세,90,100.6,통계연보 구간분포 보간
허리둘레,cm,남,40~44세,91,101.5,통계연보 구간분포 보간
허리둘레,cm,남,40~44세,92,102.4,통계연보 구간분포 보간
허리둘레,cm,남,40~44세,93,103.3,통계연보 구간분포 보간
허리둘레,cm,남,40~44세,94,104.2,통계연보 구간분포 보간
허리둘레,cm,남,40~44세,95,105.2,통계연보 구간분포 보간
허리둘레,cm,남,40~44세,96,107,통계연보 구간분포 보간
허리둘레,cm,남,40~44세,97,108.9,통계연보 구간분포 보간
허리둘레,cm,남,40~44세,98,112.4,통계연보 구간분포 보간
허리둘레,cm,남,40~44세,99,118.7,통계연보 구간분포 보간
허리둘레,cm,남,40~44세,100,125,통계연보 구간분포 보간
허리둘레,cm,여,40~44세,1,55.3,통계연보 구간분포 보간
허리둘레,cm,여,40~44세,2,55.7,통계연보 구간분포 보간
허리둘레,cm,여,40~44세,3,56,통계연보 구간분포 보간
허리둘레,cm,여,40~44세,4,56.4,통계연보 구간분포 보간
허리둘레,cm,여,40~44세,5,56.7,통계연보 구간분포 보간
허리둘레,cm,여,40~44세,6,57,통계연보 구간분포 보간
허리둘레,cm,여,40~44세,7,57.4,통계연보 구간분포 보간
허리둘레,cm,여,40~44세,8,57.7,통계연보 구간분포 보간
허리둘레,cm,여,40~44세,9,58.1,통계연보 구간분포 보간
허리둘레,cm,여,40~44세,10,58.4,통계연보 구간분포 보간
허리둘레,cm,여,40~44세,11,58.7,통계연보 구간분포 보간
허리둘레,cm,여,40~44세,12,59.1,통계연보 구간분포 보간
허리둘레,cm,여,40~44세,13,59.4,통계연보 구간분포 보간
허리둘레,cm,여,40~44세,14,59.8,통계연보 구간분포 보간
허리둘레,cm,여,40~44세,15,60.1,통계연보 구간분포 보간
허리둘레,cm,여,40~44세,16,60.4,통계연보 구간분포 보간
허리둘레,cm,여,40~44세,17,60.8,통계연보 구간분포 보간
허리둘레,cm,여,40~44세,18,61.1,통계연보 구간분포 보간
허리둘레,cm,여,40~44세,19,61.5,통계연보 구간분포 보간
허리둘레,cm,여,40~44세,20,61.8,통계연보 구간분포 보간
허리둘레,cm,여,40~44세,21,62.1,통계연보 구간분포 보간
허리둘레,cm,여,40~44세,22,62.5,통계연보 구간분포 보간
허리둘레,cm,여,40~44세,23,62.8,통계연보 구간분포 보간
허리둘레,cm,여,40~44세,24,63.1,통계연보 구간분포 보간
허리둘레,cm,여,40~44세,25,63.5,통계연보 구간분포 보간
허리둘레,cm,여,40~44세,26,63.8,통계연보 구간분포 보간
허리둘레,cm,여,40~44세,27,64.2,통계연보 구간분포 보간
허리둘레,cm,여,40~44세,28,64.5,통계연보 구간분포 보간
허리둘레,cm,여,40~44세,29,64.8,통계연보 구간분포 보간
허리둘레,cm,여,40~44세,30,65.2,통계연보 구간분포 보간
허리둘레,cm,여,40~44세,31,65.5,통계연보 구간분포 보간
허리둘레,cm,여,40~44세,32,65.9,통계연보 구간분포 보간
허리둘레,cm,여,40~44세,33,66.2,통계연보 구간분포 보간
허리둘레,cm,여,40~44세,34,66.5,통계연보 구간분포 보간
허리둘레,cm,여,40~44세,35,66.9,통계연보 구간분포 보간
허리둘레,cm,여,40~44세,36,67.2,통계연보 구간분포 보간
허리둘레,cm,여,40~44세,37,67.6,통계연보 구간분포 보간
허리둘레,cm,여,40~44세,38,67.9,통계연보 구간분포 보간
허리둘레,cm,여,40~44세,39,68.2,통계연보 구간분포 보간
허리둘레,cm,여,40~44세,40,68.6,통계연보 구간분포 보간
허리둘레,cm,여,40~44세,41,68.9,통계연보 구간분포 보간
허리둘레,cm,여,40~44세,42,69.3,통계연보 구간분포 보간
허리둘레,cm,여,40~44세,43,69.6,통계연보 구간분포 보간
허리둘레,cm,여,40~44세,44,69.9,통계연보 구간분포 보간
허리둘레,cm,여,40~44세,45,70.3,통계연보 구간분포 보간
허리둘레,cm,여,40~44세,46,70.6,통계연보 구간분포 보간
허리둘레,cm,여,40~44세,47,71,통계연보 구간분포 보간
허리둘레,cm,여,40~44세,48,71.3,통계연보 구간분포 보간
허리둘레,cm,여,40~44세,49,71.6,통계연보 구간분포 보간
허리둘레,cm,여,40~44세,50,72,통계연보 구간분포 보간
허리둘레,cm,여,40~44세,51,72.3,통계연보 구간분포 보간
허리둘레,cm,여,40~44세,52,72.7,통계연보 구간분포 보간
허리둘레,cm,여,40~44세,53,73,통계연보 구간분포 보간
허리둘레,cm,여,40~44세,54,73.3,통계연보 구간분포 보간
허리둘레,cm,여,40~44세,55,73.7,통계연보 구간분포 보간
허리둘레,cm,여,40~44세,56,74,통계연보 구간분포 보간
허리둘레,cm,여,40~44세,57,74.4,통계연보 구간분포 보간
허리둘레,cm,여,40~44세,58,74.7,통계연보 구간분포 보간
허리둘레,cm,여,40~44세,59,75,통계연보 구간분포 보간
허리둘레,cm,여,40~44세,60,75.4,통계연보 구간분포 보간
허리둘레,cm,여,40~44세,61,75.7,통계연보 구간분포 보간
허리둘레,cm,여,40~44세,62,76.1,통계연보 구간분포 보간
허리둘레,cm,여,40~44세,63,76.4,통계연보 구간분포 보간
허리둘레,cm,여,40~44세,64,76.8,통계연보 구간분포 보간
허리둘레,cm,여,40~44세,65,77.1,통계연보 구간분포 보간
허리둘레,cm,여,40~44세,66,77.5,통계연보 구간분포 보간
허리둘레,cm,여,40~44세,67,77.8,통계연보 구간분포 보간
허리둘레,cm,여,40~44세,68,78.2,통계연보 구간분포 보간
허리둘레,cm,여,40~44세,69,78.5,통계연보 구간분포 보간
허리둘레,cm,여,40~44세,70,78.9,통계연보 구간분포 보간
허리둘레,cm,여,40~44세,71,79.2,통계연보 구간분포 보간
허리둘레,cm,여,40~44세,72,79.6,통계연보 구간분포 보간
허리둘레,cm,여,40~44세,73,80,통계연보 구간분포 보간
허리둘레,cm,여,40~44세,74,80.4,통계연보 구간분포 보간
허리둘레,cm,여,40~44세,75,80.8,통계연보 구간분포 보간
허리둘레,cm,여,40~44세,76,81.2,통계연보 구간분포 보간
허리둘레,cm,여,40~44세,77,81.7,통계연보 구간분포 보간
허리둘레,cm,여,40~44세,78,82.1,통계연보 구간분포 보간
허리둘레,cm,여,40~44세,79,82.5,통계연보 구간분포 보간
허리둘레,cm,여,40~44세,80,83,통계연보 구간분포 보간
허리둘레,cm,여,40~44세,81,83.4,통계연보 구간분포 보간
허리둘레,cm,여,40~44세,82,83.8,통계연보 구간분포 보간
허리둘레,cm,여,40~44세,83,84.3,통계연보 구간분포 보간
허리둘레,cm,여,40~44세,84,84.7,통계연보 구간분포 보간
허리둘레,cm,여,40~44세,85,85.2,통계연보 구간분포 보간
허리둘레,cm,여,40~44세,86,85.9,통계연보 구간분포 보간
허리둘레,cm,여,40~44세,87,86.7,통계연보 구간분포 보간
허리둘레,cm,여,40~44세,88,87.4,통계연보 구간분포 보간
허리둘레,cm,여,40~44세,89,88.1,통계연보 구간분포 보간
허리둘레,cm,여,40~44세,90,88.9,통계연보 구간분포 보간
허리둘레,cm,여,40~44세,91,89.6,통계연보 구간분포 보간
허리둘레,cm,여,40~44세,92,90.6,통계연보 구간분포 보간
허리둘레,cm,여,40~44세,93,91.8,통계연보 구간분포 보간
허리둘레,cm,여,40~44세,94,93.1,통계연보 구간분포 보간
허리둘레,cm,여,40~44세,95,94.3,통계연보 구간분포 보간
허리둘레,cm,여,40~44세,96,96,통계연보 구간분포 보간
허리둘레,cm,여,40~44세,97,98.3,통계연보 구간분포 보간
허리둘레,cm,여,40~44세,98,101,통계연보 구간분포 보간
허리둘레,cm,여,40~44세,99,105.6,통계연보 구간분포 보간
허리둘레,cm,여,40~44세,100,125,통계연보 구간분포 보간
허리둘레,cm,남,45~49세,1,57.5,통계연보 구간분포 보간
허리둘레,cm,남,45~49세,2,60,통계연보 구간분포 보간
허리둘레,cm,남,45~49세,3,62.5,통계연보 구간분포 보간
허리둘레,cm,남,45~49세,4,65,통계연보 구간분포 보간
허리둘레,cm,남,45~49세,5,67.6,통계연보 구간분포 보간
허리둘레,cm,남,45~49세,6,70.1,통계연보 구간분포 보간
허리둘레,cm,남,45~49세,7,72.6,통계연보 구간분포 보간
허리둘레,cm,남,45~49세,8,75,통계연보 구간분포 보간
허리둘레,cm,남,45~49세,9,75.5,통계연보 구간분포 보간
허리둘레,cm,남,45~49세,10,75.9,통계연보 구간분포 보간
허리둘레,cm,남,45~49세,11,76.4,통계연보 구간분포 보간
허리둘레,cm,남,45~49세,12,76.8,통계연보 구간분포 보간
허리둘레,cm,남,45~49세,13,77.3,통계연보 구간분포 보간
허리둘레,cm,남,45~49세,14,77.7,통계연보 구간분포 보간
허리둘레,cm,남,45~49세,15,78.2,통계연보 구간분포 보간
허리둘레,cm,남,45~49세,16,78.6,통계연보 구간분포 보간
허리둘레,cm,남,45~49세,17,79.1,통계연보 구간분포 보간
허리둘레,cm,남,45~49세,18,79.5,통계연보 구간분포 보간
허리둘레,cm,남,45~49세,19,79.9,통계연보 구간분포 보간
허리둘레,cm,남,45~49세,20,80.2,통계연보 구간분포 보간
허리둘레,cm,남,45~49세,21,80.4,통계연보 구간분포 보간
허리둘레,cm,남,45~49세,22,80.7,통계연보 구간분포 보간
허리둘레,cm,남,45~49세,23,80.9,통계연보 구간분포 보간
허리둘레,cm,남,45~49세,24,81.1,통계연보 구간분포 보간
허리둘레,cm,남,45~49세,25,81.3,통계연보 구간분포 보간
허리둘레,cm,남,45~49세,26,81.6,통계연보 구간분포 보간
허리둘레,cm,남,45~49세,27,81.8,통계연보 구간분포 보간
허리둘레,cm,남,45~49세,28,82,통계연보 구간분포 보간
허리둘레,cm,남,45~49세,29,82.3,통계연보 구간분포 보간
허리둘레,cm,남,45~49세,30,82.5,통계연보 구간분포 보간
허리둘레,cm,남,45~49세,31,82.7,통계연보 구간분포 보간
허리둘레,cm,남,45~49세,32,82.9,통계연보 구간분포 보간
허리둘레,cm,남,45~49세,33,83.2,통계연보 구간분포 보간
허리둘레,cm,남,45~49세,34,83.4,통계연보 구간분포 보간
허리둘레,cm,남,45~49세,35,83.6,통계연보 구간분포 보간
허리둘레,cm,남,45~49세,36,83.9,통계연보 구간분포 보간
허리둘레,cm,남,45~49세,37,84.1,통계연보 구간분포 보간
허리둘레,cm,남,45~49세,38,84.3,통계연보 구간분포 보간
허리둘레,cm,남,45~49세,39,84.5,통계연보 구간분포 보간
허리둘레,cm,남,45~49세,40,84.8,통계연보 구간분포 보간
허리둘레,cm,남,45~49세,41,85,통계연보 구간분포 보간
허리둘레,cm,남,45~49세,42,85.2,통계연보 구간분포 보간
허리둘레,cm,남,45~49세,43,85.4,통계연보 구간분포 보간
허리둘레,cm,남,45~49세,44,85.6,통계연보 구간분포 보간
허리둘레,cm,남,45~49세,45,85.8,통계연보 구간분포 보간
허리둘레,cm,남,45~49세,46,86.1,통계연보 구간분포 보간
허리둘레,cm,남,45~49세,47,86.3,통계연보 구간분포 보간
허리둘레,cm,남,45~49세,48,86.5,통계연보 구간분포 보간
허리둘레,cm,남,45~49세,49,86.7,통계연보 구간분포 보간
허리둘레,cm,남,45~49세,50,86.9,통계연보 구간분포 보간
허리둘레,cm,남,45~49세,51,87.1,통계연보 구간분포 보간
허리둘레,cm,남,45~49세,52,87.3,통계연보 구간분포 보간
허리둘레,cm,남,45~49세,53,87.5,통계연보 구간분포 보간
허리둘레,cm,남,45~49세,54,87.8,통계연보 구간분포 보간
허리둘레,cm,남,45~49세,55,88,통계연보 구간분포 보간
허리둘레,cm,남,45~49세,56,88.2,통계연보 구간분포 보간
허리둘레,cm,남,45~49세,57,88.4,통계연보 구간분포 보간
허리둘레,cm,남,45~49세,58,88.6,통계연보 구간분포 보간
허리둘레,cm,남,45~49세,59,88.8,통계연보 구간분포 보간
허리둘레,cm,남,45~49세,60,89,통계연보 구간분포 보간
허리둘레,cm,남,45~49세,61,89.2,통계연보 구간분포 보간
허리둘레,cm,남,45~49세,62,89.4,통계연보 구간분포 보간
허리둘레,cm,남,45~49세,63,89.7,통계연보 구간분포 보간
허리둘레,cm,남,45~49세,64,89.9,통계연보 구간분포 보간
허리둘레,cm,남,45~49세,65,90.1,통계연보 구간분포 보간
허리둘레,cm,남,45~49세,66,90.4,통계연보 구간분포 보간
허리둘레,cm,남,45~49세,67,90.7,통계연보 구간분포 보간
허리둘레,cm,남,45~49세,68,91,통계연보 구간분포 보간
허리둘레,cm,남,45~49세,69,91.3,통계연보 구간분포 보간
허리둘레,cm,남,45~49세,70,91.6,통계연보 구간분포 보간
허리둘레,cm,남,45~49세,71,91.9,통계연보 구간분포 보간
허리둘레,cm,남,45~49세,72,92.2,통계연보 구간분포 보간
허리둘레,cm,남,45~49세,73,92.4,통계연보 구간분포 보간
허리둘레,cm,남,45~49세,74,92.7,통계연보 구간분포 보간
허리둘레,cm,남,45~49세,75,93,통계연보 구간분포 보간
허리둘레,cm,남,45~49세,76,93.3,통계연보 구간분포 보간
허리둘레,cm,남,45~49세,77,93.6,통계연보 구간분포 보간
허리둘레,cm,남,45~49세,78,93.9,통계연보 구간분포 보간
허리둘레,cm,남,45~49세,79,94.2,통계연보 구간분포 보간
허리둘레,cm,남,45~49세,80,94.5,통계연보 구간분포 보간
허리둘레,cm,남,45~49세,81,94.8,통계연보 구간분포 보간
허리둘레,cm,남,45~49세,82,95.1,통계연보 구간분포 보간
허리둘레,cm,남,45~49세,83,95.6,통계연보 구간분포 보간
허리둘레,cm,남,45~49세,84,96.1,통계연보 구간분포 보간
허리둘레,cm,남,45~49세,85,96.6,통계연보 구간분포 보간
허리둘레,cm,남,45~49세,86,97.2,통계연보 구간분포 보간
허리둘레,cm,남,45~49세,87,97.7,통계연보 구간분포 보간
허리둘레,cm,남,45~49세,88,98.2,통계연보 구간분포 보간
허리둘레,cm,남,45~49세,89,98.7,통계연보 구간분포 보간
허리둘레,cm,남,45~49세,90,99.2,통계연보 구간분포 보간
허리둘레,cm,남,45~49세,91,99.7,통계연보 구간분포 보간
허리둘레,cm,남,45~49세,92,100.4,통계연보 구간분포 보간
허리둘레,cm,남,45~49세,93,101.5,통계연보 구간분포 보간
허리둘레,cm,남,45~49세,94,102.5,통계연보 구간분포 보간
허리둘레,cm,남,45~49세,95,103.6,통계연보 구간분포 보간
허리둘레,cm,남,45~49세,96,104.7,통계연보 구간분포 보간
허리둘레,cm,남,45~49세,97,106.6,통계연보 구간분포 보간
허리둘레,cm,남,45~49세,98,109,통계연보 구간분포 보간
허리둘레,cm,남,45~49세,99,115.6,통계연보 구간분포 보간
허리둘레,cm,남,45~49세,100,125,통계연보 구간분포 보간
허리둘레,cm,여,45~49세,1,55.4,통계연보 구간분포 보간
허리둘레,cm,여,45~49세,2,55.7,통계연보 구간분포 보간
허리둘레,cm,여,45~49세,3,56.1,통계연보 구간분포 보간
허리둘레,cm,여,45~49세,4,56.4,통계연보 구간분포 보간
허리둘레,cm,여,45~49세,5,56.8,통계연보 구간분포 보간
허리둘레,cm,여,45~49세,6,57.1,통계연보 구간분포 보간
허리둘레,cm,여,45~49세,7,57.5,통계연보 구간분포 보간
허리둘레,cm,여,45~49세,8,57.9,통계연보 구간분포 보간
허리둘레,cm,여,45~49세,9,58.2,통계연보 구간분포 보간
허리둘레,cm,여,45~49세,10,58.6,통계연보 구간분포 보간
허리둘레,cm,여,45~49세,11,58.9,통계연보 구간분포 보간
허리둘레,cm,여,45~49세,12,59.3,통계연보 구간분포 보간
허리둘레,cm,여,45~49세,13,59.6,통계연보 구간분포 보간
허리둘레,cm,여,45~49세,14,60,통계연보 구간분포 보간
허리둘레,cm,여,45~49세,15,60.4,통계연보 구간분포 보간
허리둘레,cm,여,45~49세,16,60.7,통계연보 구간분포 보간
허리둘레,cm,여,45~49세,17,61.1,통계연보 구간분포 보간
허리둘레,cm,여,45~49세,18,61.4,통계연보 구간분포 보간
허리둘레,cm,여,45~49세,19,61.8,통계연보 구간분포 보간
허리둘레,cm,여,45~49세,20,62.1,통계연보 구간분포 보간
허리둘레,cm,여,45~49세,21,62.5,통계연보 구간분포 보간
허리둘레,cm,여,45~49세,22,62.9,통계연보 구간분포 보간
허리둘레,cm,여,45~49세,23,63.2,통계연보 구간분포 보간
허리둘레,cm,여,45~49세,24,63.6,통계연보 구간분포 보간
허리둘레,cm,여,45~49세,25,63.9,통계연보 구간분포 보간
허리둘레,cm,여,45~49세,26,64.3,통계연보 구간분포 보간
허리둘레,cm,여,45~49세,27,64.6,통계연보 구간분포 보간
허리둘레,cm,여,45~49세,28,65,통계연보 구간분포 보간
허리둘레,cm,여,45~49세,29,65.4,통계연보 구간분포 보간
허리둘레,cm,여,45~49세,30,65.7,통계연보 구간분포 보간
허리둘레,cm,여,45~49세,31,66.1,통계연보 구간분포 보간
허리둘레,cm,여,45~49세,32,66.4,통계연보 구간분포 보간
허리둘레,cm,여,45~49세,33,66.8,통계연보 구간분포 보간
허리둘레,cm,여,45~49세,34,67.1,통계연보 구간분포 보간
허리둘레,cm,여,45~49세,35,67.5,통계연보 구간분포 보간
허리둘레,cm,여,45~49세,36,67.8,통계연보 구간분포 보간
허리둘레,cm,여,45~49세,37,68.2,통계연보 구간분포 보간
허리둘레,cm,여,45~49세,38,68.6,통계연보 구간분포 보간
허리둘레,cm,여,45~49세,39,68.9,통계연보 구간분포 보간
허리둘레,cm,여,45~49세,40,69.3,통계연보 구간분포 보간
허리둘레,cm,여,45~49세,41,69.6,통계연보 구간분포 보간
허리둘레,cm,여,45~49세,42,70,통계연보 구간분포 보간
허리둘레,cm,여,45~49세,43,70.3,통계연보 구간분포 보간
허리둘레,cm,여,45~49세,44,70.7,통계연보 구간분포 보간
허리둘레,cm,여,45~49세,45,71.1,통계연보 구간분포 보간
허리둘레,cm,여,45~49세,46,71.4,통계연보 구간분포 보간
허리둘레,cm,여,45~49세,47,71.8,통계연보 구간분포 보간
허리둘레,cm,여,45~49세,48,72.1,통계연보 구간분포 보간
허리둘레,cm,여,45~49세,49,72.5,통계연보 구간분포 보간
허리둘레,cm,여,45~49세,50,72.8,통계연보 구간분포 보간
허리둘레,cm,여,45~49세,51,73.2,통계연보 구간분포 보간
허리둘레,cm,여,45~49세,52,73.6,통계연보 구간분포 보간
허리둘레,cm,여,45~49세,53,73.9,통계연보 구간분포 보간
허리둘레,cm,여,45~49세,54,74.3,통계연보 구간분포 보간
허리둘레,cm,여,45~49세,55,74.6,통계연보 구간분포 보간
허리둘레,cm,여,45~49세,56,75,통계연보 구간분포 보간
허리둘레,cm,여,45~49세,57,75.3,통계연보 구간분포 보간
허리둘레,cm,여,45~49세,58,75.6,통계연보 구간분포 보간
허리둘레,cm,여,45~49세,59,76,통계연보 구간분포 보간
허리둘레,cm,여,45~49세,60,76.3,통계연보 구간분포 보간
허리둘레,cm,여,45~49세,61,76.6,통계연보 구간분포 보간
허리둘레,cm,여,45~49세,62,76.9,통계연보 구간분포 보간
허리둘레,cm,여,45~49세,63,77.2,통계연보 구간분포 보간
허리둘레,cm,여,45~49세,64,77.6,통계연보 구간분포 보간
허리둘레,cm,여,45~49세,65,77.9,통계연보 구간분포 보간
허리둘레,cm,여,45~49세,66,78.2,통계연보 구간분포 보간
허리둘레,cm,여,45~49세,67,78.5,통계연보 구간분포 보간
허리둘레,cm,여,45~49세,68,78.9,통계연보 구간분포 보간
허리둘레,cm,여,45~49세,69,79.2,통계연보 구간분포 보간
허리둘레,cm,여,45~49세,70,79.5,통계연보 구간분포 보간
허리둘레,cm,여,45~49세,71,79.8,통계연보 구간분포 보간
허리둘레,cm,여,45~49세,72,80.2,통계연보 구간분포 보간
허리둘레,cm,여,45~49세,73,80.6,통계연보 구간분포 보간
허리둘레,cm,여,45~49세,74,81,통계연보 구간분포 보간
허리둘레,cm,여,45~49세,75,81.4,통계연보 구간분포 보간
허리둘레,cm,여,45~49세,76,81.7,통계연보 구간분포 보간
허리둘레,cm,여,45~49세,77,82.1,통계연보 구간분포 보간
허리둘레,cm,여,45~49세,78,82.5,통계연보 구간분포 보간
허리둘레,cm,여,45~49세,79,82.9,통계연보 구간분포 보간
허리둘레,cm,여,45~49세,80,83.3,통계연보 구간분포 보간
허리둘레,cm,여,45~49세,81,83.7,통계연보 구간분포 보간
허리둘레,cm,여,45~49세,82,84.1,통계연보 구간분포 보간
허리둘레,cm,여,45~49세,83,84.5,통계연보 구간분포 보간
허리둘레,cm,여,45~49세,84,84.9,통계연보 구간분포 보간
허리둘레,cm,여,45~49세,85,85.4,통계연보 구간분포 보간
허리둘레,cm,여,45~49세,86,86.1,통계연보 구간분포 보간
허리둘레,cm,여,45~49세,87,86.7,통계연보 구간분포 보간
허리둘레,cm,여,45~49세,88,87.4,통계연보 구간분포 보간
허리둘레,cm,여,45~49세,89,88.1,통계연보 구간분포 보간
허리둘레,cm,여,45~49세,90,88.7,통계연보 구간분포 보간
허리둘레,cm,여,45~49세,91,89.4,통계연보 구간분포 보간
허리둘레,cm,여,45~49세,92,90.1,통계연보 구간분포 보간
허리둘레,cm,여,45~49세,93,91.4,통계연보 구간분포 보간
허리둘레,cm,여,45~49세,94,92.6,통계연보 구간분포 보간
허리둘레,cm,여,45~49세,95,93.8,통계연보 구간분포 보간
허리둘레,cm,여,45~49세,96,95.1,통계연보 구간분포 보간
허리둘레,cm,여,45~49세,97,97.5,통계연보 구간분포 보간
허리둘레,cm,여,45~49세,98,99.8,통계연보 구간분포 보간
허리둘레,cm,여,45~49세,99,104.3,통계연보 구간분포 보간
허리둘레,cm,여,45~49세,100,125,통계연보 구간분포 보간
허리둘레,cm,남,50~54세,1,57.4,통계연보 구간분포 보간
허리둘레,cm,남,50~54세,2,59.7,통계연보 구간분포 보간
허리둘레,cm,남,50~54세,3,62.1,통계연보 구간분포 보간
허리둘레,cm,남,50~54세,4,64.4,통계연보 구간분포 보간
허리둘레,cm,남,50~54세,5,66.8,통계연보 구간분포 보간
허리둘레,cm,남,50~54세,6,69.2,통계연보 구간분포 보간
허리둘레,cm,남,50~54세,7,71.5,통계연보 구간분포 보간
허리둘레,cm,남,50~54세,8,73.9,통계연보 구간분포 보간
허리둘레,cm,남,50~54세,9,75.2,통계연보 구간분포 보간
허리둘레,cm,남,50~54세,10,75.7,통계연보 구간분포 보간
허리둘레,cm,남,50~54세,11,76.1,통계연보 구간분포 보간
허리둘레,cm,남,50~54세,12,76.5,통계연보 구간분포 보간
허리둘레,cm,남,50~54세,13,77,통계연보 구간분포 보간
허리둘레,cm,남,50~54세,14,77.4,통계연보 구간분포 보간
허리둘레,cm,남,50~54세,15,77.8,통계연보 구간분포 보간
허리둘레,cm,남,50~54세,16,78.2,통계연보 구간분포 보간
허리둘레,cm,남,50~54세,17,78.7,통계연보 구간분포 보간
허리둘레,cm,남,50~54세,18,79.1,통계연보 구간분포 보간
허리둘레,cm,남,50~54세,19,79.5,통계연보 구간분포 보간
허리둘레,cm,남,50~54세,20,80,통계연보 구간분포 보간
허리둘레,cm,남,50~54세,21,80.2,통계연보 구간분포 보간
허리둘레,cm,남,50~54세,22,80.4,통계연보 구간분포 보간
허리둘레,cm,남,50~54세,23,80.6,통계연보 구간분포 보간
허리둘레,cm,남,50~54세,24,80.9,통계연보 구간분포 보간
허리둘레,cm,남,50~54세,25,81.1,통계연보 구간분포 보간
허리둘레,cm,남,50~54세,26,81.3,통계연보 구간분포 보간
허리둘레,cm,남,50~54세,27,81.5,통계연보 구간분포 보간
허리둘레,cm,남,50~54세,28,81.7,통계연보 구간분포 보간
허리둘레,cm,남,50~54세,29,81.9,통계연보 구간분포 보간
허리둘레,cm,남,50~54세,30,82.2,통계연보 구간분포 보간
허리둘레,cm,남,50~54세,31,82.4,통계연보 구간분포 보간
허리둘레,cm,남,50~54세,32,82.6,통계연보 구간분포 보간
허리둘레,cm,남,50~54세,33,82.8,통계연보 구간분포 보간
허리둘레,cm,남,50~54세,34,83,통계연보 구간분포 보간
허리둘레,cm,남,50~54세,35,83.3,통계연보 구간분포 보간
허리둘레,cm,남,50~54세,36,83.5,통계연보 구간분포 보간
허리둘레,cm,남,50~54세,37,83.7,통계연보 구간분포 보간
허리둘레,cm,남,50~54세,38,83.9,통계연보 구간분포 보간
허리둘레,cm,남,50~54세,39,84.1,통계연보 구간분포 보간
허리둘레,cm,남,50~54세,40,84.3,통계연보 구간분포 보간
허리둘레,cm,남,50~54세,41,84.6,통계연보 구간분포 보간
허리둘레,cm,남,50~54세,42,84.8,통계연보 구간분포 보간
허리둘레,cm,남,50~54세,43,85,통계연보 구간분포 보간
허리둘레,cm,남,50~54세,44,85.2,통계연보 구간분포 보간
허리둘레,cm,남,50~54세,45,85.4,통계연보 구간분포 보간
허리둘레,cm,남,50~54세,46,85.6,통계연보 구간분포 보간
허리둘레,cm,남,50~54세,47,85.8,통계연보 구간분포 보간
허리둘레,cm,남,50~54세,48,86,통계연보 구간분포 보간
허리둘레,cm,남,50~54세,49,86.2,통계연보 구간분포 보간
허리둘레,cm,남,50~54세,50,86.4,통계연보 구간분포 보간
허리둘레,cm,남,50~54세,51,86.6,통계연보 구간분포 보간
허리둘레,cm,남,50~54세,52,86.8,통계연보 구간분포 보간
허리둘레,cm,남,50~54세,53,87,통계연보 구간분포 보간
허리둘레,cm,남,50~54세,54,87.3,통계연보 구간분포 보간
허리둘레,cm,남,50~54세,55,87.5,통계연보 구간분포 보간
허리둘레,cm,남,50~54세,56,87.7,통계연보 구간분포 보간
허리둘레,cm,남,50~54세,57,87.9,통계연보 구간분포 보간
허리둘레,cm,남,50~54세,58,88.1,통계연보 구간분포 보간
허리둘레,cm,남,50~54세,59,88.3,통계연보 구간분포 보간
허리둘레,cm,남,50~54세,60,88.5,통계연보 구간분포 보간
허리둘레,cm,남,50~54세,61,88.7,통계연보 구간분포 보간
허리둘레,cm,남,50~54세,62,88.9,통계연보 구간분포 보간
허리둘레,cm,남,50~54세,63,89.1,통계연보 구간분포 보간
허리둘레,cm,남,50~54세,64,89.3,통계연보 구간분포 보간
허리둘레,cm,남,50~54세,65,89.5,통계연보 구간분포 보간
허리둘레,cm,남,50~54세,66,89.7,통계연보 구간분포 보간
허리둘레,cm,남,50~54세,67,89.9,통계연보 구간분포 보간
허리둘레,cm,남,50~54세,68,90.2,통계연보 구간분포 보간
허리둘레,cm,남,50~54세,69,90.5,통계연보 구간분포 보간
허리둘레,cm,남,50~54세,70,90.8,통계연보 구간분포 보간
허리둘레,cm,남,50~54세,71,91.1,통계연보 구간분포 보간
허리둘레,cm,남,50~54세,72,91.4,통계연보 구간분포 보간
허리둘레,cm,남,50~54세,73,91.7,통계연보 구간분포 보간
허리둘레,cm,남,50~54세,74,91.9,통계연보 구간분포 보간
허리둘레,cm,남,50~54세,75,92.2,통계연보 구간분포 보간
허리둘레,cm,남,50~54세,76,92.5,통계연보 구간분포 보간
허리둘레,cm,남,50~54세,77,92.8,통계연보 구간분포 보간
허리둘레,cm,남,50~54세,78,93.1,통계연보 구간분포 보간
허리둘레,cm,남,50~54세,79,93.4,통계연보 구간분포 보간
허리둘레,cm,남,50~54세,80,93.7,통계연보 구간분포 보간
허리둘레,cm,남,50~54세,81,94,통계연보 구간분포 보간
허리둘레,cm,남,50~54세,82,94.3,통계연보 구간분포 보간
허리둘레,cm,남,50~54세,83,94.6,통계연보 구간분포 보간
허리둘레,cm,남,50~54세,84,94.9,통계연보 구간분포 보간
허리둘레,cm,남,50~54세,85,95.4,통계연보 구간분포 보간
허리둘레,cm,남,50~54세,86,95.9,통계연보 구간분포 보간
허리둘레,cm,남,50~54세,87,96.5,통계연보 구간분포 보간
허리둘레,cm,남,50~54세,88,97,통계연보 구간분포 보간
허리둘레,cm,남,50~54세,89,97.6,통계연보 구간분포 보간
허리둘레,cm,남,50~54세,90,98.1,통계연보 구간분포 보간
허리둘레,cm,남,50~54세,91,98.7,통계연보 구간분포 보간
허리둘레,cm,남,50~54세,92,99.2,통계연보 구간분포 보간
허리둘레,cm,남,50~54세,93,99.8,통계연보 구간분포 보간
허리둘레,cm,남,50~54세,94,100.8,통계연보 구간분포 보간
허리둘레,cm,남,50~54세,95,102,통계연보 구간분포 보간
허리둘레,cm,남,50~54세,96,103.3,통계연보 구간분포 보간
허리둘레,cm,남,50~54세,97,104.5,통계연보 구간분포 보간
허리둘레,cm,남,50~54세,98,106.9,통계연보 구간분포 보간
허리둘레,cm,남,50~54세,99,110.6,통계연보 구간분포 보간
허리둘레,cm,남,50~54세,100,125,통계연보 구간분포 보간
허리둘레,cm,여,50~54세,1,55.4,통계연보 구간분포 보간
허리둘레,cm,여,50~54세,2,55.8,통계연보 구간분포 보간
허리둘레,cm,여,50~54세,3,56.1,통계연보 구간분포 보간
허리둘레,cm,여,50~54세,4,56.5,통계연보 구간분포 보간
허리둘레,cm,여,50~54세,5,56.9,통계연보 구간분포 보간
허리둘레,cm,여,50~54세,6,57.3,통계연보 구간분포 보간
허리둘레,cm,여,50~54세,7,57.7,통계연보 구간분포 보간
허리둘레,cm,여,50~54세,8,58,통계연보 구간분포 보간
허리둘레,cm,여,50~54세,9,58.4,통계연보 구간분포 보간
허리둘레,cm,여,50~54세,10,58.8,통계연보 구간분포 보간
허리둘레,cm,여,50~54세,11,59.2,통계연보 구간분포 보간
허리둘레,cm,여,50~54세,12,59.5,통계연보 구간분포 보간
허리둘레,cm,여,50~54세,13,59.9,통계연보 구간분포 보간
허리둘레,cm,여,50~54세,14,60.3,통계연보 구간분포 보간
허리둘레,cm,여,50~54세,15,60.7,통계연보 구간분포 보간
허리둘레,cm,여,50~54세,16,61.1,통계연보 구간분포 보간
허리둘레,cm,여,50~54세,17,61.4,통계연보 구간분포 보간
허리둘레,cm,여,50~54세,18,61.8,통계연보 구간분포 보간
허리둘레,cm,여,50~54세,19,62.2,통계연보 구간분포 보간
허리둘레,cm,여,50~54세,20,62.6,통계연보 구간분포 보간
허리둘레,cm,여,50~54세,21,63,통계연보 구간분포 보간
허리둘레,cm,여,50~54세,22,63.3,통계연보 구간분포 보간
허리둘레,cm,여,50~54세,23,63.7,통계연보 구간분포 보간
허리둘레,cm,여,50~54세,24,64.1,통계연보 구간분포 보간
허리둘레,cm,여,50~54세,25,64.5,통계연보 구간분포 보간
허리둘레,cm,여,50~54세,26,64.9,통계연보 구간분포 보간
허리둘레,cm,여,50~54세,27,65.2,통계연보 구간분포 보간
허리둘레,cm,여,50~54세,28,65.6,통계연보 구간분포 보간
허리둘레,cm,여,50~54세,29,66,통계연보 구간분포 보간
허리둘레,cm,여,50~54세,30,66.4,통계연보 구간분포 보간
허리둘레,cm,여,50~54세,31,66.7,통계연보 구간분포 보간
허리둘레,cm,여,50~54세,32,67.1,통계연보 구간분포 보간
허리둘레,cm,여,50~54세,33,67.5,통계연보 구간분포 보간
허리둘레,cm,여,50~54세,34,67.9,통계연보 구간분포 보간
허리둘레,cm,여,50~54세,35,68.3,통계연보 구간분포 보간
허리둘레,cm,여,50~54세,36,68.6,통계연보 구간분포 보간
허리둘레,cm,여,50~54세,37,69,통계연보 구간분포 보간
허리둘레,cm,여,50~54세,38,69.4,통계연보 구간분포 보간
허리둘레,cm,여,50~54세,39,69.8,통계연보 구간분포 보간
허리둘레,cm,여,50~54세,40,70.2,통계연보 구간분포 보간
허리둘레,cm,여,50~54세,41,70.5,통계연보 구간분포 보간
허리둘레,cm,여,50~54세,42,70.9,통계연보 구간분포 보간
허리둘레,cm,여,50~54세,43,71.3,통계연보 구간분포 보간
허리둘레,cm,여,50~54세,44,71.7,통계연보 구간분포 보간
허리둘레,cm,여,50~54세,45,72,통계연보 구간분포 보간
허리둘레,cm,여,50~54세,46,72.4,통계연보 구간분포 보간
허리둘레,cm,여,50~54세,47,72.8,통계연보 구간분포 보간
허리둘레,cm,여,50~54세,48,73.2,통계연보 구간분포 보간
허리둘레,cm,여,50~54세,49,73.6,통계연보 구간분포 보간
허리둘레,cm,여,50~54세,50,73.9,통계연보 구간분포 보간
허리둘레,cm,여,50~54세,51,74.3,통계연보 구간분포 보간
허리둘레,cm,여,50~54세,52,74.7,통계연보 구간분포 보간
허리둘레,cm,여,50~54세,53,75.1,통계연보 구간분포 보간
허리둘레,cm,여,50~54세,54,75.4,통계연보 구간분포 보간
허리둘레,cm,여,50~54세,55,75.7,통계연보 구간분포 보간
허리둘레,cm,여,50~54세,56,76,통계연보 구간분포 보간
허리둘레,cm,여,50~54세,57,76.2,통계연보 구간분포 보간
허리둘레,cm,여,50~54세,58,76.5,통계연보 구간분포 보간
허리둘레,cm,여,50~54세,59,76.8,통계연보 구간분포 보간
허리둘레,cm,여,50~54세,60,77.1,통계연보 구간분포 보간
허리둘레,cm,여,50~54세,61,77.4,통계연보 구간분포 보간
허리둘레,cm,여,50~54세,62,77.7,통계연보 구간분포 보간
허리둘레,cm,여,50~54세,63,78,통계연보 구간분포 보간
허리둘레,cm,여,50~54세,64,78.3,통계연보 구간분포 보간
허리둘레,cm,여,50~54세,65,78.6,통계연보 구간분포 보간
허리둘레,cm,여,50~54세,66,78.9,통계연보 구간분포 보간
허리둘레,cm,여,50~54세,67,79.2,통계연보 구간분포 보간
허리둘레,cm,여,50~54세,68,79.5,통계연보 구간분포 보간
허리둘레,cm,여,50~54세,69,79.8,통계연보 구간분포 보간
허리둘레,cm,여,50~54세,70,80.1,통계연보 구간분포 보간
허리둘레,cm,여,50~54세,71,80.5,통계연보 구간분포 보간
허리둘레,cm,여,50~54세,72,80.8,통계연보 구간분포 보간
허리둘레,cm,여,50~54세,73,81.2,통계연보 구간분포 보간
허리둘레,cm,여,50~54세,74,81.5,통계연보 구간분포 보간
허리둘레,cm,여,50~54세,75,81.9,통계연보 구간분포 보간
허리둘레,cm,여,50~54세,76,82.2,통계연보 구간분포 보간
허리둘레,cm,여,50~54세,77,82.6,통계연보 구간분포 보간
허리둘레,cm,여,50~54세,78,82.9,통계연보 구간분포 보간
허리둘레,cm,여,50~54세,79,83.3,통계연보 구간분포 보간
허리둘레,cm,여,50~54세,80,83.6,통계연보 구간분포 보간
허리둘레,cm,여,50~54세,81,84,통계연보 구간분포 보간
허리둘레,cm,여,50~54세,82,84.3,통계연보 구간분포 보간
허리둘레,cm,여,50~54세,83,84.7,통계연보 구간분포 보간
허리둘레,cm,여,50~54세,84,85.1,통계연보 구간분포 보간
허리둘레,cm,여,50~54세,85,85.7,통계연보 구간분포 보간
허리둘레,cm,여,50~54세,86,86.3,통계연보 구간분포 보간
허리둘레,cm,여,50~54세,87,86.9,통계연보 구간분포 보간
허리둘레,cm,여,50~54세,88,87.5,통계연보 구간분포 보간
허리둘레,cm,여,50~54세,89,88.1,통계연보 구간분포 보간
허리둘레,cm,여,50~54세,90,88.7,통계연보 구간분포 보간
허리둘레,cm,여,50~54세,91,89.3,통계연보 구간분포 보간
허리둘레,cm,여,50~54세,92,89.9,통계연보 구간분포 보간
허리둘레,cm,여,50~54세,93,91.1,통계연보 구간분포 보간
허리둘레,cm,여,50~54세,94,92.3,통계연보 구간분포 보간
허리둘레,cm,여,50~54세,95,93.4,통계연보 구간분포 보간
허리둘레,cm,여,50~54세,96,94.6,통계연보 구간분포 보간
허리둘레,cm,여,50~54세,97,96.6,통계연보 구간분포 보간
허리둘레,cm,여,50~54세,98,99.1,통계연보 구간분포 보간
허리둘레,cm,여,50~54세,99,103.3,통계연보 구간분포 보간
허리둘레,cm,여,50~54세,100,125,통계연보 구간분포 보간
허리둘레,cm,남,55~59세,1,57.3,통계연보 구간분포 보간
허리둘레,cm,남,55~59세,2,59.6,통계연보 구간분포 보간
허리둘레,cm,남,55~59세,3,61.8,통계연보 구간분포 보간
허리둘레,cm,남,55~59세,4,64.1,통계연보 구간분포 보간
허리둘레,cm,남,55~59세,5,66.4,통계연보 구간분포 보간
허리둘레,cm,남,55~59세,6,68.7,통계연보 구간분포 보간
허리둘레,cm,남,55~59세,7,70.9,통계연보 구간분포 보간
허리둘레,cm,남,55~59세,8,73.2,통계연보 구간분포 보간
허리둘레,cm,남,55~59세,9,75.1,통계연보 구간분포 보간
허리둘레,cm,남,55~59세,10,75.5,통계연보 구간분포 보간
허리둘레,cm,남,55~59세,11,75.9,통계연보 구간분포 보간
허리둘레,cm,남,55~59세,12,76.4,통계연보 구간분포 보간
허리둘레,cm,남,55~59세,13,76.8,통계연보 구간분포 보간
허리둘레,cm,남,55~59세,14,77.2,통계연보 구간분포 보간
허리둘레,cm,남,55~59세,15,77.6,통계연보 구간분포 보간
허리둘레,cm,남,55~59세,16,78,통계연보 구간분포 보간
허리둘레,cm,남,55~59세,17,78.5,통계연보 구간분포 보간
허리둘레,cm,남,55~59세,18,78.9,통계연보 구간분포 보간
허리둘레,cm,남,55~59세,19,79.3,통계연보 구간분포 보간
허리둘레,cm,남,55~59세,20,79.7,통계연보 구간분포 보간
허리둘레,cm,남,55~59세,21,80.1,통계연보 구간분포 보간
허리둘레,cm,남,55~59세,22,80.3,통계연보 구간분포 보간
허리둘레,cm,남,55~59세,23,80.5,통계연보 구간분포 보간
허리둘레,cm,남,55~59세,24,80.7,통계연보 구간분포 보간
허리둘레,cm,남,55~59세,25,80.9,통계연보 구간분포 보간
허리둘레,cm,남,55~59세,26,81.1,통계연보 구간분포 보간
허리둘레,cm,남,55~59세,27,81.3,통계연보 구간분포 보간
허리둘레,cm,남,55~59세,28,81.6,통계연보 구간분포 보간
허리둘레,cm,남,55~59세,29,81.8,통계연보 구간분포 보간
허리둘레,cm,남,55~59세,30,82,통계연보 구간분포 보간
허리둘레,cm,남,55~59세,31,82.2,통계연보 구간분포 보간
허리둘레,cm,남,55~59세,32,82.4,통계연보 구간분포 보간
허리둘레,cm,남,55~59세,33,82.6,통계연보 구간분포 보간
허리둘레,cm,남,55~59세,34,82.8,통계연보 구간분포 보간
허리둘레,cm,남,55~59세,35,83,통계연보 구간분포 보간
허리둘레,cm,남,55~59세,36,83.3,통계연보 구간분포 보간
허리둘레,cm,남,55~59세,37,83.5,통계연보 구간분포 보간
허리둘레,cm,남,55~59세,38,83.7,통계연보 구간분포 보간
허리둘레,cm,남,55~59세,39,83.9,통계연보 구간분포 보간
허리둘레,cm,남,55~59세,40,84.1,통계연보 구간분포 보간
허리둘레,cm,남,55~59세,41,84.3,통계연보 구간분포 보간
허리둘레,cm,남,55~59세,42,84.5,통계연보 구간분포 보간
허리둘레,cm,남,55~59세,43,84.7,통계연보 구간분포 보간
허리둘레,cm,남,55~59세,44,85,통계연보 구간분포 보간
허리둘레,cm,남,55~59세,45,85.2,통계연보 구간분포 보간
허리둘레,cm,남,55~59세,46,85.4,통계연보 구간분포 보간
허리둘레,cm,남,55~59세,47,85.6,통계연보 구간분포 보간
허리둘레,cm,남,55~59세,48,85.8,통계연보 구간분포 보간
허리둘레,cm,남,55~59세,49,86,통계연보 구간분포 보간
허리둘레,cm,남,55~59세,50,86.2,통계연보 구간분포 보간
허리둘레,cm,남,55~59세,51,86.4,통계연보 구간분포 보간
허리둘레,cm,남,55~59세,52,86.6,통계연보 구간분포 보간
허리둘레,cm,남,55~59세,53,86.8,통계연보 구간분포 보간
허리둘레,cm,남,55~59세,54,87,통계연보 구간분포 보간
허리둘레,cm,남,55~59세,55,87.2,통계연보 구간분포 보간
허리둘레,cm,남,55~59세,56,87.4,통계연보 구간분포 보간
허리둘레,cm,남,55~59세,57,87.6,통계연보 구간분포 보간
허리둘레,cm,남,55~59세,58,87.8,통계연보 구간분포 보간
허리둘레,cm,남,55~59세,59,88,통계연보 구간분포 보간
허리둘레,cm,남,55~59세,60,88.2,통계연보 구간분포 보간
허리둘레,cm,남,55~59세,61,88.4,통계연보 구간분포 보간
허리둘레,cm,남,55~59세,62,88.6,통계연보 구간분포 보간
허리둘레,cm,남,55~59세,63,88.8,통계연보 구간분포 보간
허리둘레,cm,남,55~59세,64,89,통계연보 구간분포 보간
허리둘레,cm,남,55~59세,65,89.2,통계연보 구간분포 보간
허리둘레,cm,남,55~59세,66,89.4,통계연보 구간분포 보간
허리둘레,cm,남,55~59세,67,89.6,통계연보 구간분포 보간
허리둘레,cm,남,55~59세,68,89.8,통계연보 구간분포 보간
허리둘레,cm,남,55~59세,69,90,통계연보 구간분포 보간
허리둘레,cm,남,55~59세,70,90.2,통계연보 구간분포 보간
허리둘레,cm,남,55~59세,71,90.5,통계연보 구간분포 보간
허리둘레,cm,남,55~59세,72,90.8,통계연보 구간분포 보간
허리둘레,cm,남,55~59세,73,91.1,통계연보 구간분포 보간
허리둘레,cm,남,55~59세,74,91.4,통계연보 구간분포 보간
허리둘레,cm,남,55~59세,75,91.7,통계연보 구간분포 보간
허리둘레,cm,남,55~59세,76,92,통계연보 구간분포 보간
허리둘레,cm,남,55~59세,77,92.3,통계연보 구간분포 보간
허리둘레,cm,남,55~59세,78,92.6,통계연보 구간분포 보간
허리둘레,cm,남,55~59세,79,92.9,통계연보 구간분포 보간
허리둘레,cm,남,55~59세,80,93.2,통계연보 구간분포 보간
허리둘레,cm,남,55~59세,81,93.5,통계연보 구간분포 보간
허리둘레,cm,남,55~59세,82,93.8,통계연보 구간분포 보간
허리둘레,cm,남,55~59세,83,94.1,통계연보 구간분포 보간
허리둘레,cm,남,55~59세,84,94.4,통계연보 구간분포 보간
허리둘레,cm,남,55~59세,85,94.7,통계연보 구간분포 보간
허리둘레,cm,남,55~59세,86,95,통계연보 구간분포 보간
허리둘레,cm,남,55~59세,87,95.5,통계연보 구간분포 보간
허리둘레,cm,남,55~59세,88,96.1,통계연보 구간분포 보간
허리둘레,cm,남,55~59세,89,96.7,통계연보 구간분포 보간
허리둘레,cm,남,55~59세,90,97.3,통계연보 구간분포 보간
허리둘레,cm,남,55~59세,91,97.9,통계연보 구간분포 보간
허리둘레,cm,남,55~59세,92,98.5,통계연보 구간분포 보간
허리둘레,cm,남,55~59세,93,99,통계연보 구간분포 보간
허리둘레,cm,남,55~59세,94,99.6,통계연보 구간분포 보간
허리둘레,cm,남,55~59세,95,100.5,통계연보 구간분포 보간
허리둘레,cm,남,55~59세,96,102,통계연보 구간분포 보간
허리둘레,cm,남,55~59세,97,103.4,통계연보 구간분포 보간
허리둘레,cm,남,55~59세,98,104.9,통계연보 구간분포 보간
허리둘레,cm,남,55~59세,99,108.7,통계연보 구간분포 보간
허리둘레,cm,남,55~59세,100,125,통계연보 구간분포 보간
허리둘레,cm,여,55~59세,1,55.4,통계연보 구간분포 보간
허리둘레,cm,여,55~59세,2,55.9,통계연보 구간분포 보간
허리둘레,cm,여,55~59세,3,56.3,통계연보 구간분포 보간
허리둘레,cm,여,55~59세,4,56.8,통계연보 구간분포 보간
허리둘레,cm,여,55~59세,5,57.2,통계연보 구간분포 보간
허리둘레,cm,여,55~59세,6,57.7,통계연보 구간분포 보간
허리둘레,cm,여,55~59세,7,58.1,통계연보 구간분포 보간
허리둘레,cm,여,55~59세,8,58.5,통계연보 구간분포 보간
허리둘레,cm,여,55~59세,9,59,통계연보 구간분포 보간
허리둘레,cm,여,55~59세,10,59.4,통계연보 구간분포 보간
허리둘레,cm,여,55~59세,11,59.9,통계연보 구간분포 보간
허리둘레,cm,여,55~59세,12,60.3,통계연보 구간분포 보간
허리둘레,cm,여,55~59세,13,60.8,통계연보 구간분포 보간
허리둘레,cm,여,55~59세,14,61.2,통계연보 구간분포 보간
허리둘레,cm,여,55~59세,15,61.6,통계연보 구간분포 보간
허리둘레,cm,여,55~59세,16,62.1,통계연보 구간분포 보간
허리둘레,cm,여,55~59세,17,62.5,통계연보 구간분포 보간
허리둘레,cm,여,55~59세,18,63,통계연보 구간분포 보간
허리둘레,cm,여,55~59세,19,63.4,통계연보 구간분포 보간
허리둘레,cm,여,55~59세,20,63.9,통계연보 구간분포 보간
허리둘레,cm,여,55~59세,21,64.3,통계연보 구간분포 보간
허리둘레,cm,여,55~59세,22,64.7,통계연보 구간분포 보간
허리둘레,cm,여,55~59세,23,65.2,통계연보 구간분포 보간
허리둘레,cm,여,55~59세,24,65.6,통계연보 구간분포 보간
허리둘레,cm,여,55~59세,25,66.1,통계연보 구간분포 보간
허리둘레,cm,여,55~59세,26,66.5,통계연보 구간분포 보간
허리둘레,cm,여,55~59세,27,67,통계연보 구간분포 보간
허리둘레,cm,여,55~59세,28,67.4,통계연보 구간분포 보간
허리둘레,cm,여,55~59세,29,67.8,통계연보 구간분포 보간
허리둘레,cm,여,55~59세,30,68.3,통계연보 구간분포 보간
허리둘레,cm,여,55~59세,31,68.7,통계연보 구간분포 보간
허리둘레,cm,여,55~59세,32,69.2,통계연보 구간분포 보간
허리둘레,cm,여,55~59세,33,69.6,통계연보 구간분포 보간
허리둘레,cm,여,55~59세,34,70.1,통계연보 구간분포 보간
허리둘레,cm,여,55~59세,35,70.5,통계연보 구간분포 보간
허리둘레,cm,여,55~59세,36,70.9,통계연보 구간분포 보간
허리둘레,cm,여,55~59세,37,71.4,통계연보 구간분포 보간
허리둘레,cm,여,55~59세,38,71.8,통계연보 구간분포 보간
허리둘레,cm,여,55~59세,39,72.3,통계연보 구간분포 보간
허리둘레,cm,여,55~59세,40,72.7,통계연보 구간분포 보간
허리둘레,cm,여,55~59세,41,73.2,통계연보 구간분포 보간
허리둘레,cm,여,55~59세,42,73.6,통계연보 구간분포 보간
허리둘레,cm,여,55~59세,43,74.1,통계연보 구간분포 보간
허리둘레,cm,여,55~59세,44,74.5,통계연보 구간분포 보간
허리둘레,cm,여,55~59세,45,74.9,통계연보 구간분포 보간
허리둘레,cm,여,55~59세,46,75.2,통계연보 구간분포 보간
허리둘레,cm,여,55~59세,47,75.5,통계연보 구간분포 보간
허리둘레,cm,여,55~59세,48,75.8,통계연보 구간분포 보간
허리둘레,cm,여,55~59세,49,76,통계연보 구간분포 보간
허리둘레,cm,여,55~59세,50,76.3,통계연보 구간분포 보간
허리둘레,cm,여,55~59세,51,76.6,통계연보 구간분포 보간
허리둘레,cm,여,55~59세,52,76.8,통계연보 구간분포 보간
허리둘레,cm,여,55~59세,53,77.1,통계연보 구간분포 보간
허리둘레,cm,여,55~59세,54,77.4,통계연보 구간분포 보간
허리둘레,cm,여,55~59세,55,77.6,통계연보 구간분포 보간
허리둘레,cm,여,55~59세,56,77.9,통계연보 구간분포 보간
허리둘레,cm,여,55~59세,57,78.2,통계연보 구간분포 보간
허리둘레,cm,여,55~59세,58,78.4,통계연보 구간분포 보간
허리둘레,cm,여,55~59세,59,78.7,통계연보 구간분포 보간
허리둘레,cm,여,55~59세,60,79,통계연보 구간분포 보간
허리둘레,cm,여,55~59세,61,79.2,통계연보 구간분포 보간
허리둘레,cm,여,55~59세,62,79.5,통계연보 구간분포 보간
허리둘레,cm,여,55~59세,63,79.8,통계연보 구간분포 보간
허리둘레,cm,여,55~59세,64,80,통계연보 구간분포 보간
허리둘레,cm,여,55~59세,65,80.3,통계연보 구간분포 보간
허리둘레,cm,여,55~59세,66,80.6,통계연보 구간분포 보간
허리둘레,cm,여,55~59세,67,80.9,통계연보 구간분포 보간
허리둘레,cm,여,55~59세,68,81.2,통계연보 구간분포 보간
허리둘레,cm,여,55~59세,69,81.5,통계연보 구간분포 보간
허리둘레,cm,여,55~59세,70,81.8,통계연보 구간분포 보간
허리둘레,cm,여,55~59세,71,82,통계연보 구간분포 보간
허리둘레,cm,여,55~59세,72,82.3,통계연보 구간분포 보간
허리둘레,cm,여,55~59세,73,82.6,통계연보 구간분포 보간
허리둘레,cm,여,55~59세,74,82.9,통계연보 구간분포 보간
허리둘레,cm,여,55~59세,75,83.2,통계연보 구간분포 보간
허리둘레,cm,여,55~59세,76,83.5,통계연보 구간분포 보간
허리둘레,cm,여,55~59세,77,83.8,통계연보 구간분포 보간
허리둘레,cm,여,55~59세,78,84.1,통계연보 구간분포 보간
허리둘레,cm,여,55~59세,79,84.4,통계연보 구간분포 보간
허리둘레,cm,여,55~59세,80,84.7,통계연보 구간분포 보간
허리둘레,cm,여,55~59세,81,85,통계연보 구간분포 보간
허리둘레,cm,여,55~59세,82,85.4,통계연보 구간분포 보간
허리둘레,cm,여,55~59세,83,85.9,통계연보 구간분포 보간
허리둘레,cm,여,55~59세,84,86.4,통계연보 구간분포 보간
허리둘레,cm,여,55~59세,85,86.9,통계연보 구간분포 보간
허리둘레,cm,여,55~59세,86,87.4,통계연보 구간분포 보간
허리둘레,cm,여,55~59세,87,87.9,통계연보 구간분포 보간
허리둘레,cm,여,55~59세,88,88.4,통계연보 구간분포 보간
허리둘레,cm,여,55~59세,89,88.9,통계연보 구간분포 보간
허리둘레,cm,여,55~59세,90,89.4,통계연보 구간분포 보간
허리둘레,cm,여,55~59세,91,89.9,통계연보 구간분포 보간
허리둘레,cm,여,55~59세,92,90.9,통계연보 구간분포 보간
허리둘레,cm,여,55~59세,93,91.9,통계연보 구간분포 보간
허리둘레,cm,여,55~59세,94,92.9,통계연보 구간분포 보간
허리둘레,cm,여,55~59세,95,93.9,통계연보 구간분포 보간
허리둘레,cm,여,55~59세,96,94.8,통계연보 구간분포 보간
허리둘레,cm,여,55~59세,97,96.9,통계연보 구간분포 보간
허리둘레,cm,여,55~59세,98,99,통계연보 구간분포 보간
허리둘레,cm,여,55~59세,99,103,통계연보 구간분포 보간
허리둘레,cm,여,55~59세,100,125,통계연보 구간분포 보간
허리둘레,cm,남,60~64세,1,57.2,통계연보 구간분포 보간
허리둘레,cm,남,60~64세,2,59.4,통계연보 구간분포 보간
허리둘레,cm,남,60~64세,3,61.6,통계연보 구간분포 보간
허리둘레,cm,남,60~64세,4,63.8,통계연보 구간분포 보간
허리둘레,cm,남,60~64세,5,66,통계연보 구간분포 보간
허리둘레,cm,남,60~64세,6,68.2,통계연보 구간분포 보간
허리둘레,cm,남,60~64세,7,70.4,통계연보 구간분포 보간
허리둘레,cm,남,60~64세,8,72.6,통계연보 구간분포 보간
허리둘레,cm,남,60~64세,9,74.8,통계연보 구간분포 보간
허리둘레,cm,남,60~64세,10,75.4,통계연보 구간분포 보간
허리둘레,cm,남,60~64세,11,75.8,통계연보 구간분포 보간
허리둘레,cm,남,60~64세,12,76.2,통계연보 구간분포 보간
허리둘레,cm,남,60~64세,13,76.7,통계연보 구간분포 보간
허리둘레,cm,남,60~64세,14,77.1,통계연보 구간분포 보간
허리둘레,cm,남,60~64세,15,77.5,통계연보 구간분포 보간
허리둘레,cm,남,60~64세,16,77.9,통계연보 구간분포 보간
허리둘레,cm,남,60~64세,17,78.4,통계연보 구간분포 보간
허리둘레,cm,남,60~64세,18,78.8,통계연보 구간분포 보간
허리둘레,cm,남,60~64세,19,79.2,통계연보 구간분포 보간
허리둘레,cm,남,60~64세,20,79.6,통계연보 구간분포 보간
허리둘레,cm,남,60~64세,21,80,통계연보 구간분포 보간
허리둘레,cm,남,60~64세,22,80.2,통계연보 구간분포 보간
허리둘레,cm,남,60~64세,23,80.5,통계연보 구간분포 보간
허리둘레,cm,남,60~64세,24,80.7,통계연보 구간분포 보간
허리둘레,cm,남,60~64세,25,80.9,통계연보 구간분포 보간
허리둘레,cm,남,60~64세,26,81.1,통계연보 구간분포 보간
허리둘레,cm,남,60~64세,27,81.3,통계연보 구간분포 보간
허리둘레,cm,남,60~64세,28,81.5,통계연보 구간분포 보간
허리둘레,cm,남,60~64세,29,81.7,통계연보 구간분포 보간
허리둘레,cm,남,60~64세,30,81.9,통계연보 구간분포 보간
허리둘레,cm,남,60~64세,31,82.1,통계연보 구간분포 보간
허리둘레,cm,남,60~64세,32,82.4,통계연보 구간분포 보간
허리둘레,cm,남,60~64세,33,82.6,통계연보 구간분포 보간
허리둘레,cm,남,60~64세,34,82.8,통계연보 구간분포 보간
허리둘레,cm,남,60~64세,35,83,통계연보 구간분포 보간
허리둘레,cm,남,60~64세,36,83.2,통계연보 구간분포 보간
허리둘레,cm,남,60~64세,37,83.4,통계연보 구간분포 보간
허리둘레,cm,남,60~64세,38,83.6,통계연보 구간분포 보간
허리둘레,cm,남,60~64세,39,83.8,통계연보 구간분포 보간
허리둘레,cm,남,60~64세,40,84,통계연보 구간분포 보간
허리둘레,cm,남,60~64세,41,84.3,통계연보 구간분포 보간
허리둘레,cm,남,60~64세,42,84.5,통계연보 구간분포 보간
허리둘레,cm,남,60~64세,43,84.7,통계연보 구간분포 보간
허리둘레,cm,남,60~64세,44,84.9,통계연보 구간분포 보간
허리둘레,cm,남,60~64세,45,85.1,통계연보 구간분포 보간
허리둘레,cm,남,60~64세,46,85.3,통계연보 구간분포 보간
허리둘레,cm,남,60~64세,47,85.5,통계연보 구간분포 보간
허리둘레,cm,남,60~64세,48,85.7,통계연보 구간분포 보간
허리둘레,cm,남,60~64세,49,85.9,통계연보 구간분포 보간
허리둘레,cm,남,60~64세,50,86.1,통계연보 구간분포 보간
허리둘레,cm,남,60~64세,51,86.3,통계연보 구간분포 보간
허리둘레,cm,남,60~64세,52,86.5,통계연보 구간분포 보간
허리둘레,cm,남,60~64세,53,86.7,통계연보 구간분포 보간
허리둘레,cm,남,60~64세,54,86.9,통계연보 구간분포 보간
허리둘레,cm,남,60~64세,55,87.1,통계연보 구간분포 보간
허리둘레,cm,남,60~64세,56,87.3,통계연보 구간분포 보간
허리둘레,cm,남,60~64세,57,87.5,통계연보 구간분포 보간
허리둘레,cm,남,60~64세,58,87.7,통계연보 구간분포 보간
허리둘레,cm,남,60~64세,59,87.9,통계연보 구간분포 보간
허리둘레,cm,남,60~64세,60,88.1,통계연보 구간분포 보간
허리둘레,cm,남,60~64세,61,88.3,통계연보 구간분포 보간
허리둘레,cm,남,60~64세,62,88.5,통계연보 구간분포 보간
허리둘레,cm,남,60~64세,63,88.7,통계연보 구간분포 보간
허리둘레,cm,남,60~64세,64,88.9,통계연보 구간분포 보간
허리둘레,cm,남,60~64세,65,89.1,통계연보 구간분포 보간
허리둘레,cm,남,60~64세,66,89.3,통계연보 구간분포 보간
허리둘레,cm,남,60~64세,67,89.5,통계연보 구간분포 보간
허리둘레,cm,남,60~64세,68,89.7,통계연보 구간분포 보간
허리둘레,cm,남,60~64세,69,89.9,통계연보 구간분포 보간
허리둘레,cm,남,60~64세,70,90.1,통계연보 구간분포 보간
허리둘레,cm,남,60~64세,71,90.4,통계연보 구간분포 보간
허리둘레,cm,남,60~64세,72,90.7,통계연보 구간분포 보간
허리둘레,cm,남,60~64세,73,91,통계연보 구간분포 보간
허리둘레,cm,남,60~64세,74,91.3,통계연보 구간분포 보간
허리둘레,cm,남,60~64세,75,91.6,통계연보 구간분포 보간
허리둘레,cm,남,60~64세,76,91.8,통계연보 구간분포 보간
허리둘레,cm,남,60~64세,77,92.1,통계연보 구간분포 보간
허리둘레,cm,남,60~64세,78,92.4,통계연보 구간분포 보간
허리둘레,cm,남,60~64세,79,92.7,통계연보 구간분포 보간
허리둘레,cm,남,60~64세,80,93,통계연보 구간분포 보간
허리둘레,cm,남,60~64세,81,93.3,통계연보 구간분포 보간
허리둘레,cm,남,60~64세,82,93.6,통계연보 구간분포 보간
허리둘레,cm,남,60~64세,83,93.9,통계연보 구간분포 보간
허리둘레,cm,남,60~64세,84,94.2,통계연보 구간분포 보간
허리둘레,cm,남,60~64세,85,94.5,통계연보 구간분포 보간
허리둘레,cm,남,60~64세,86,94.8,통계연보 구간분포 보간
허리둘레,cm,남,60~64세,87,95.1,통계연보 구간분포 보간
허리둘레,cm,남,60~64세,88,95.7,통계연보 구간분포 보간
허리둘레,cm,남,60~64세,89,96.3,통계연보 구간분포 보간
허리둘레,cm,남,60~64세,90,96.9,통계연보 구간분포 보간
허리둘레,cm,남,60~64세,91,97.5,통계연보 구간분포 보간
허리둘레,cm,남,60~64세,92,98.1,통계연보 구간분포 보간
허리둘레,cm,남,60~64세,93,98.7,통계연보 구간분포 보간
허리둘레,cm,남,60~64세,94,99.3,통계연보 구간분포 보간
허리둘레,cm,남,60~64세,95,99.9,통계연보 구간분포 보간
허리둘레,cm,남,60~64세,96,101.3,통계연보 구간분포 보간
허리둘레,cm,남,60~64세,97,102.8,통계연보 구간분포 보간
허리둘레,cm,남,60~64세,98,104.4,통계연보 구간분포 보간
허리둘레,cm,남,60~64세,99,107.7,통계연보 구간분포 보간
허리둘레,cm,남,60~64세,100,125,통계연보 구간분포 보간
허리둘레,cm,여,60~64세,1,55.5,통계연보 구간분포 보간
허리둘레,cm,여,60~64세,2,56,통계연보 구간분포 보간
허리둘레,cm,여,60~64세,3,56.5,통계연보 구간분포 보간
허리둘레,cm,여,60~64세,4,57.1,통계연보 구간분포 보간
허리둘레,cm,여,60~64세,5,57.6,통계연보 구간분포 보간
허리둘레,cm,여,60~64세,6,58.1,통계연보 구간분포 보간
허리둘레,cm,여,60~64세,7,58.6,통계연보 구간분포 보간
허리둘레,cm,여,60~64세,8,59.1,통계연보 구간분포 보간
허리둘레,cm,여,60~64세,9,59.6,통계연보 구간분포 보간
허리둘레,cm,여,60~64세,10,60.1,통계연보 구간분포 보간
허리둘레,cm,여,60~64세,11,60.7,통계연보 구간분포 보간
허리둘레,cm,여,60~64세,12,61.2,통계연보 구간분포 보간
허리둘레,cm,여,60~64세,13,61.7,통계연보 구간분포 보간
허리둘레,cm,여,60~64세,14,62.2,통계연보 구간분포 보간
허리둘레,cm,여,60~64세,15,62.7,통계연보 구간분포 보간
허리둘레,cm,여,60~64세,16,63.2,통계연보 구간분포 보간
허리둘레,cm,여,60~64세,17,63.7,통계연보 구간분포 보간
허리둘레,cm,여,60~64세,18,64.3,통계연보 구간분포 보간
허리둘레,cm,여,60~64세,19,64.8,통계연보 구간분포 보간
허리둘레,cm,여,60~64세,20,65.3,통계연보 구간분포 보간
허리둘레,cm,여,60~64세,21,65.8,통계연보 구간분포 보간
허리둘레,cm,여,60~64세,22,66.3,통계연보 구간분포 보간
허리둘레,cm,여,60~64세,23,66.8,통계연보 구간분포 보간
허리둘레,cm,여,60~64세,24,67.3,통계연보 구간분포 보간
허리둘레,cm,여,60~64세,25,67.9,통계연보 구간분포 보간
허리둘레,cm,여,60~64세,26,68.4,통계연보 구간분포 보간
허리둘레,cm,여,60~64세,27,68.9,통계연보 구간분포 보간
허리둘레,cm,여,60~64세,28,69.4,통계연보 구간분포 보간
허리둘레,cm,여,60~64세,29,69.9,통계연보 구간분포 보간
허리둘레,cm,여,60~64세,30,70.4,통계연보 구간분포 보간
허리둘레,cm,여,60~64세,31,70.9,통계연보 구간분포 보간
허리둘레,cm,여,60~64세,32,71.5,통계연보 구간분포 보간
허리둘레,cm,여,60~64세,33,72,통계연보 구간분포 보간
허리둘레,cm,여,60~64세,34,72.5,통계연보 구간분포 보간
허리둘레,cm,여,60~64세,35,73,통계연보 구간분포 보간
허리둘레,cm,여,60~64세,36,73.5,통계연보 구간분포 보간
허리둘레,cm,여,60~64세,37,74,통계연보 구간분포 보간
허리둘레,cm,여,60~64세,38,74.5,통계연보 구간분포 보간
허리둘레,cm,여,60~64세,39,75,통계연보 구간분포 보간
허리둘레,cm,여,60~64세,40,75.3,통계연보 구간분포 보간
허리둘레,cm,여,60~64세,41,75.5,통계연보 구간분포 보간
허리둘레,cm,여,60~64세,42,75.8,통계연보 구간분포 보간
허리둘레,cm,여,60~64세,43,76.1,통계연보 구간분포 보간
허리둘레,cm,여,60~64세,44,76.3,통계연보 구간분포 보간
허리둘레,cm,여,60~64세,45,76.6,통계연보 구간분포 보간
허리둘레,cm,여,60~64세,46,76.8,통계연보 구간분포 보간
허리둘레,cm,여,60~64세,47,77.1,통계연보 구간분포 보간
허리둘레,cm,여,60~64세,48,77.3,통계연보 구간분포 보간
허리둘레,cm,여,60~64세,49,77.6,통계연보 구간분포 보간
허리둘레,cm,여,60~64세,50,77.8,통계연보 구간분포 보간
허리둘레,cm,여,60~64세,51,78.1,통계연보 구간분포 보간
허리둘레,cm,여,60~64세,52,78.4,통계연보 구간분포 보간
허리둘레,cm,여,60~64세,53,78.6,통계연보 구간분포 보간
허리둘레,cm,여,60~64세,54,78.9,통계연보 구간분포 보간
허리둘레,cm,여,60~64세,55,79.1,통계연보 구간분포 보간
허리둘레,cm,여,60~64세,56,79.4,통계연보 구간분포 보간
허리둘레,cm,여,60~64세,57,79.6,통계연보 구간분포 보간
허리둘레,cm,여,60~64세,58,79.9,통계연보 구간분포 보간
허리둘레,cm,여,60~64세,59,80.1,통계연보 구간분포 보간
허리둘레,cm,여,60~64세,60,80.4,통계연보 구간분포 보간
허리둘레,cm,여,60~64세,61,80.7,통계연보 구간분포 보간
허리둘레,cm,여,60~64세,62,80.9,통계연보 구간분포 보간
허리둘레,cm,여,60~64세,63,81.2,통계연보 구간분포 보간
허리둘레,cm,여,60~64세,64,81.4,통계연보 구간분포 보간
허리둘레,cm,여,60~64세,65,81.7,통계연보 구간분포 보간
허리둘레,cm,여,60~64세,66,81.9,통계연보 구간분포 보간
허리둘레,cm,여,60~64세,67,82.2,통계연보 구간분포 보간
허리둘레,cm,여,60~64세,68,82.4,통계연보 구간분포 보간
허리둘레,cm,여,60~64세,69,82.7,통계연보 구간분포 보간
허리둘레,cm,여,60~64세,70,83,통계연보 구간분포 보간
허리둘레,cm,여,60~64세,71,83.2,통계연보 구간분포 보간
허리둘레,cm,여,60~64세,72,83.5,통계연보 구간분포 보간
허리둘레,cm,여,60~64세,73,83.7,통계연보 구간분포 보간
허리둘레,cm,여,60~64세,74,84,통계연보 구간분포 보간
허리둘레,cm,여,60~64세,75,84.2,통계연보 구간분포 보간
허리둘레,cm,여,60~64세,76,84.5,통계연보 구간분포 보간
허리둘레,cm,여,60~64세,77,84.7,통계연보 구간분포 보간
허리둘레,cm,여,60~64세,78,85,통계연보 구간분포 보간
허리둘레,cm,여,60~64세,79,85.4,통계연보 구간분포 보간
허리둘레,cm,여,60~64세,80,85.8,통계연보 구간분포 보간
허리둘레,cm,여,60~64세,81,86.3,통계연보 구간분포 보간
허리둘레,cm,여,60~64세,82,86.7,통계연보 구간분포 보간
허리둘레,cm,여,60~64세,83,87.1,통계연보 구간분포 보간
허리둘레,cm,여,60~64세,84,87.5,통계연보 구간분포 보간
허리둘레,cm,여,60~64세,85,87.9,통계연보 구간분포 보간
허리둘레,cm,여,60~64세,86,88.4,통계연보 구간분포 보간
허리둘레,cm,여,60~64세,87,88.8,통계연보 구간분포 보간
허리둘레,cm,여,60~64세,88,89.2,통계연보 구간분포 보간
허리둘레,cm,여,60~64세,89,89.6,통계연보 구간분포 보간
허리둘레,cm,여,60~64세,90,90.1,통계연보 구간분포 보간
허리둘레,cm,여,60~64세,91,91,통계연보 구간분포 보간
허리둘레,cm,여,60~64세,92,91.8,통계연보 구간분포 보간
허리둘레,cm,여,60~64세,93,92.7,통계연보 구간분포 보간
허리둘레,cm,여,60~64세,94,93.5,통계연보 구간분포 보간
허리둘레,cm,여,60~64세,95,94.4,통계연보 구간분포 보간
허리둘레,cm,여,60~64세,96,95.5,통계연보 구간분포 보간
허리둘레,cm,여,60~64세,97,97.4,통계연보 구간분포 보간
허리둘레,cm,여,60~64세,98,99.3,통계연보 구간분포 보간
허리둘레,cm,여,60~64세,99,103.1,통계연보 구간분포 보간
허리둘레,cm,여,60~64세,100,125,통계연보 구간분포 보간
허리둘레,cm,남,65~69세,1,57.3,통계연보 구간분포 보간
허리둘레,cm,남,65~69세,2,59.5,통계연보 구간분포 보간
허리둘레,cm,남,65~69세,3,61.8,통계연보 구간분포 보간
허리둘레,cm,남,65~69세,4,64,통계연보 구간분포 보간
허리둘레,cm,남,65~69세,5,66.3,통계연보 구간분포 보간
허리둘레,cm,남,65~69세,6,68.6,통계연보 구간분포 보간
허리둘레,cm,남,65~69세,7,70.8,통계연보 구간분포 보간
허리둘레,cm,남,65~69세,8,73.1,통계연보 구간분포 보간
허리둘레,cm,남,65~69세,9,75.1,통계연보 구간분포 보간
허리둘레,cm,남,65~69세,10,75.5,통계연보 구간분포 보간
허리둘레,cm,남,65~69세,11,76,통계연보 구간분포 보간
허리둘레,cm,남,65~69세,12,76.4,통계연보 구간분포 보간
허리둘레,cm,남,65~69세,13,76.9,통계연보 구간분포 보간
허리둘레,cm,남,65~69세,14,77.3,통계연보 구간분포 보간
허리둘레,cm,남,65~69세,15,77.8,통계연보 구간분포 보간
허리둘레,cm,남,65~69세,16,78.2,통계연보 구간분포 보간
허리둘레,cm,남,65~69세,17,78.6,통계연보 구간분포 보간
허리둘레,cm,남,65~69세,18,79.1,통계연보 구간분포 보간
허리둘레,cm,남,65~69세,19,79.5,통계연보 구간분포 보간
허리둘레,cm,남,65~69세,20,80,통계연보 구간분포 보간
허리둘레,cm,남,65~69세,21,80.2,통계연보 구간분포 보간
허리둘레,cm,남,65~69세,22,80.4,통계연보 구간분포 보간
허리둘레,cm,남,65~69세,23,80.6,통계연보 구간분포 보간
허리둘레,cm,남,65~69세,24,80.9,통계연보 구간분포 보간
허리둘레,cm,남,65~69세,25,81.1,통계연보 구간분포 보간
허리둘레,cm,남,65~69세,26,81.3,통계연보 구간분포 보간
허리둘레,cm,남,65~69세,27,81.5,통계연보 구간분포 보간
허리둘레,cm,남,65~69세,28,81.7,통계연보 구간분포 보간
허리둘레,cm,남,65~69세,29,82,통계연보 구간분포 보간
허리둘레,cm,남,65~69세,30,82.2,통계연보 구간분포 보간
허리둘레,cm,남,65~69세,31,82.4,통계연보 구간분포 보간
허리둘레,cm,남,65~69세,32,82.6,통계연보 구간분포 보간
허리둘레,cm,남,65~69세,33,82.8,통계연보 구간분포 보간
허리둘레,cm,남,65~69세,34,83,통계연보 구간분포 보간
허리둘레,cm,남,65~69세,35,83.3,통계연보 구간분포 보간
허리둘레,cm,남,65~69세,36,83.5,통계연보 구간분포 보간
허리둘레,cm,남,65~69세,37,83.7,통계연보 구간분포 보간
허리둘레,cm,남,65~69세,38,83.9,통계연보 구간분포 보간
허리둘레,cm,남,65~69세,39,84.1,통계연보 구간분포 보간
허리둘레,cm,남,65~69세,40,84.3,통계연보 구간분포 보간
허리둘레,cm,남,65~69세,41,84.6,통계연보 구간분포 보간
허리둘레,cm,남,65~69세,42,84.8,통계연보 구간분포 보간
허리둘레,cm,남,65~69세,43,85,통계연보 구간분포 보간
허리둘레,cm,남,65~69세,44,85.2,통계연보 구간분포 보간
허리둘레,cm,남,65~69세,45,85.4,통계연보 구간분포 보간
허리둘레,cm,남,65~69세,46,85.6,통계연보 구간분포 보간
허리둘레,cm,남,65~69세,47,85.8,통계연보 구간분포 보간
허리둘레,cm,남,65~69세,48,86,통계연보 구간분포 보간
허리둘레,cm,남,65~69세,49,86.2,통계연보 구간분포 보간
허리둘레,cm,남,65~69세,50,86.4,통계연보 구간분포 보간
허리둘레,cm,남,65~69세,51,86.6,통계연보 구간분포 보간
허리둘레,cm,남,65~69세,52,86.8,통계연보 구간분포 보간
허리둘레,cm,남,65~69세,53,87,통계연보 구간분포 보간
허리둘레,cm,남,65~69세,54,87.2,통계연보 구간분포 보간
허리둘레,cm,남,65~69세,55,87.4,통계연보 구간분포 보간
허리둘레,cm,남,65~69세,56,87.6,통계연보 구간분포 보간
허리둘레,cm,남,65~69세,57,87.8,통계연보 구간분포 보간
허리둘레,cm,남,65~69세,58,88,통계연보 구간분포 보간
허리둘레,cm,남,65~69세,59,88.2,통계연보 구간분포 보간
허리둘레,cm,남,65~69세,60,88.4,통계연보 구간분포 보간
허리둘레,cm,남,65~69세,61,88.6,통계연보 구간분포 보간
허리둘레,cm,남,65~69세,62,88.8,통계연보 구간분포 보간
허리둘레,cm,남,65~69세,63,89,통계연보 구간분포 보간
허리둘레,cm,남,65~69세,64,89.2,통계연보 구간분포 보간
허리둘레,cm,남,65~69세,65,89.4,통계연보 구간분포 보간
허리둘레,cm,남,65~69세,66,89.6,통계연보 구간분포 보간
허리둘레,cm,남,65~69세,67,89.8,통계연보 구간분포 보간
허리둘레,cm,남,65~69세,68,90,통계연보 구간분포 보간
허리둘레,cm,남,65~69세,69,90.2,통계연보 구간분포 보간
허리둘레,cm,남,65~69세,70,90.5,통계연보 구간분포 보간
허리둘레,cm,남,65~69세,71,90.8,통계연보 구간분포 보간
허리둘레,cm,남,65~69세,72,91.1,통계연보 구간분포 보간
허리둘레,cm,남,65~69세,73,91.4,통계연보 구간분포 보간
허리둘레,cm,남,65~69세,74,91.6,통계연보 구간분포 보간
허리둘레,cm,남,65~69세,75,91.9,통계연보 구간분포 보간
허리둘레,cm,남,65~69세,76,92.2,통계연보 구간분포 보간
허리둘레,cm,남,65~69세,77,92.5,통계연보 구간분포 보간
허리둘레,cm,남,65~69세,78,92.8,통계연보 구간분포 보간
허리둘레,cm,남,65~69세,79,93,통계연보 구간분포 보간
허리둘레,cm,남,65~69세,80,93.3,통계연보 구간분포 보간
허리둘레,cm,남,65~69세,81,93.6,통계연보 구간분포 보간
허리둘레,cm,남,65~69세,82,93.9,통계연보 구간분포 보간
허리둘레,cm,남,65~69세,83,94.2,통계연보 구간분포 보간
허리둘레,cm,남,65~69세,84,94.4,통계연보 구간분포 보간
허리둘레,cm,남,65~69세,85,94.7,통계연보 구간분포 보간
허리둘레,cm,남,65~69세,86,95,통계연보 구간분포 보간
허리둘레,cm,남,65~69세,87,95.6,통계연보 구간분포 보간
허리둘레,cm,남,65~69세,88,96.1,통계연보 구간분포 보간
허리둘레,cm,남,65~69세,89,96.7,통계연보 구간분포 보간
허리둘레,cm,남,65~69세,90,97.2,통계연보 구간분포 보간
허리둘레,cm,남,65~69세,91,97.8,통계연보 구간분포 보간
허리둘레,cm,남,65~69세,92,98.4,통계연보 구간분포 보간
허리둘레,cm,남,65~69세,93,98.9,통계연보 구간분포 보간
허리둘레,cm,남,65~69세,94,99.5,통계연보 구간분포 보간
허리둘레,cm,남,65~69세,95,100.1,통계연보 구간분포 보간
허리둘레,cm,남,65~69세,96,101.5,통계연보 구간분포 보간
허리둘레,cm,남,65~69세,97,103,통계연보 구간분포 보간
허리둘레,cm,남,65~69세,98,104.5,통계연보 구간분포 보간
허리둘레,cm,남,65~69세,99,107.8,통계연보 구간분포 보간
허리둘레,cm,남,65~69세,100,125,통계연보 구간분포 보간
허리둘레,cm,여,65~69세,1,55.6,통계연보 구간분포 보간
허리둘레,cm,여,65~69세,2,56.2,통계연보 구간분포 보간
허리둘레,cm,여,65~69세,3,56.9,통계연보 구간분포 보간
허리둘레,cm,여,65~69세,4,57.5,통계연보 구간분포 보간
허리둘레,cm,여,65~69세,5,58.1,통계연보 구간분포 보간
허리둘레,cm,여,65~69세,6,58.7,통계연보 구간분포 보간
허리둘레,cm,여,65~69세,7,59.3,통계연보 구간분포 보간
허리둘레,cm,여,65~69세,8,60,통계연보 구간분포 보간
허리둘레,cm,여,65~69세,9,60.6,통계연보 구간분포 보간
허리둘레,cm,여,65~69세,10,61.2,통계연보 구간분포 보간
허리둘레,cm,여,65~69세,11,61.8,통계연보 구간분포 보간
허리둘레,cm,여,65~69세,12,62.4,통계연보 구간분포 보간
허리둘레,cm,여,65~69세,13,63.1,통계연보 구간분포 보간
허리둘레,cm,여,65~69세,14,63.7,통계연보 구간분포 보간
허리둘레,cm,여,65~69세,15,64.3,통계연보 구간분포 보간
허리둘레,cm,여,65~69세,16,64.9,통계연보 구간분포 보간
허리둘레,cm,여,65~69세,17,65.5,통계연보 구간분포 보간
허리둘레,cm,여,65~69세,18,66.2,통계연보 구간분포 보간
허리둘레,cm,여,65~69세,19,66.8,통계연보 구간분포 보간
허리둘레,cm,여,65~69세,20,67.4,통계연보 구간분포 보간
허리둘레,cm,여,65~69세,21,68,통계연보 구간분포 보간
허리둘레,cm,여,65~69세,22,68.6,통계연보 구간분포 보간
허리둘레,cm,여,65~69세,23,69.3,통계연보 구간분포 보간
허리둘레,cm,여,65~69세,24,69.9,통계연보 구간분포 보간
허리둘레,cm,여,65~69세,25,70.5,통계연보 구간분포 보간
허리둘레,cm,여,65~69세,26,71.1,통계연보 구간분포 보간
허리둘레,cm,여,65~69세,27,71.7,통계연보 구간분포 보간
허리둘레,cm,여,65~69세,28,72.4,통계연보 구간분포 보간
허리둘레,cm,여,65~69세,29,73,통계연보 구간분포 보간
허리둘레,cm,여,65~69세,30,73.6,통계연보 구간분포 보간
허리둘레,cm,여,65~69세,31,74.2,통계연보 구간분포 보간
허리둘레,cm,여,65~69세,32,74.8,통계연보 구간분포 보간
허리둘레,cm,여,65~69세,33,75.2,통계연보 구간분포 보간
허리둘레,cm,여,65~69세,34,75.5,통계연보 구간분포 보간
허리둘레,cm,여,65~69세,35,75.7,통계연보 구간분포 보간
허리둘레,cm,여,65~69세,36,76,통계연보 구간분포 보간
허리둘레,cm,여,65~69세,37,76.2,통계연보 구간분포 보간
허리둘레,cm,여,65~69세,38,76.5,통계연보 구간분포 보간
허리둘레,cm,여,65~69세,39,76.7,통계연보 구간분포 보간
허리둘레,cm,여,65~69세,40,77,통계연보 구간분포 보간
허리둘레,cm,여,65~69세,41,77.3,통계연보 구간분포 보간
허리둘레,cm,여,65~69세,42,77.5,통계연보 구간분포 보간
허리둘레,cm,여,65~69세,43,77.8,통계연보 구간분포 보간
허리둘레,cm,여,65~69세,44,78,통계연보 구간분포 보간
허리둘레,cm,여,65~69세,45,78.3,통계연보 구간분포 보간
허리둘레,cm,여,65~69세,46,78.6,통계연보 구간분포 보간
허리둘레,cm,여,65~69세,47,78.8,통계연보 구간분포 보간
허리둘레,cm,여,65~69세,48,79.1,통계연보 구간분포 보간
허리둘레,cm,여,65~69세,49,79.3,통계연보 구간분포 보간
허리둘레,cm,여,65~69세,50,79.6,통계연보 구간분포 보간
허리둘레,cm,여,65~69세,51,79.9,통계연보 구간분포 보간
허리둘레,cm,여,65~69세,52,80.1,통계연보 구간분포 보간
허리둘레,cm,여,65~69세,53,80.3,통계연보 구간분포 보간
허리둘레,cm,여,65~69세,54,80.6,통계연보 구간분포 보간
허리둘레,cm,여,65~69세,55,80.8,통계연보 구간분포 보간
허리둘레,cm,여,65~69세,56,81,통계연보 구간분포 보간
허리둘레,cm,여,65~69세,57,81.3,통계연보 구간분포 보간
허리둘레,cm,여,65~69세,58,81.5,통계연보 구간분포 보간
허리둘레,cm,여,65~69세,59,81.7,통계연보 구간분포 보간
허리둘레,cm,여,65~69세,60,81.9,통계연보 구간분포 보간
허리둘레,cm,여,65~69세,61,82.2,통계연보 구간분포 보간
허리둘레,cm,여,65~69세,62,82.4,통계연보 구간분포 보간
허리둘레,cm,여,65~69세,63,82.6,통계연보 구간분포 보간
허리둘레,cm,여,65~69세,64,82.9,통계연보 구간분포 보간
허리둘레,cm,여,65~69세,65,83.1,통계연보 구간분포 보간
허리둘레,cm,여,65~69세,66,83.3,통계연보 구간분포 보간
허리둘레,cm,여,65~69세,67,83.6,통계연보 구간분포 보간
허리둘레,cm,여,65~69세,68,83.8,통계연보 구간분포 보간
허리둘레,cm,여,65~69세,69,84,통계연보 구간분포 보간
허리둘레,cm,여,65~69세,70,84.2,통계연보 구간분포 보간
허리둘레,cm,여,65~69세,71,84.5,통계연보 구간분포 보간
허리둘레,cm,여,65~69세,72,84.7,통계연보 구간분포 보간
허리둘레,cm,여,65~69세,73,84.9,통계연보 구간분포 보간
허리둘레,cm,여,65~69세,74,85.3,통계연보 구간분포 보간
허리둘레,cm,여,65~69세,75,85.6,통계연보 구간분포 보간
허리둘레,cm,여,65~69세,76,86,통계연보 구간분포 보간
허리둘레,cm,여,65~69세,77,86.3,통계연보 구간분포 보간
허리둘레,cm,여,65~69세,78,86.7,통계연보 구간분포 보간
허리둘레,cm,여,65~69세,79,87,통계연보 구간분포 보간
허리둘레,cm,여,65~69세,80,87.4,통계연보 구간분포 보간
허리둘레,cm,여,65~69세,81,87.7,통계연보 구간분포 보간
허리둘레,cm,여,65~69세,82,88.1,통계연보 구간분포 보간
허리둘레,cm,여,65~69세,83,88.5,통계연보 구간분포 보간
허리둘레,cm,여,65~69세,84,88.8,통계연보 구간분포 보간
허리둘레,cm,여,65~69세,85,89.2,통계연보 구간분포 보간
허리둘레,cm,여,65~69세,86,89.5,통계연보 구간분포 보간
허리둘레,cm,여,65~69세,87,89.9,통계연보 구간분포 보간
허리둘레,cm,여,65~69세,88,90.4,통계연보 구간분포 보간
허리둘레,cm,여,65~69세,89,91.1,통계연보 구간분포 보간
허리둘레,cm,여,65~69세,90,91.8,통계연보 구간분포 보간
허리둘레,cm,여,65~69세,91,92.5,통계연보 구간분포 보간
허리둘레,cm,여,65~69세,92,93.1,통계연보 구간분포 보간
허리둘레,cm,여,65~69세,93,93.8,통계연보 구간분포 보간
허리둘레,cm,여,65~69세,94,94.5,통계연보 구간분포 보간
허리둘레,cm,여,65~69세,95,95.4,통계연보 구간분포 보간
허리둘레,cm,여,65~69세,96,96.9,통계연보 구간분포 보간
허리둘레,cm,여,65~69세,97,98.4,통계연보 구간분포 보간
허리둘레,cm,여,65~69세,98,99.9,통계연보 구간분포 보간
허리둘레,cm,여,65~69세,99,103.9,통계연보 구간분포 보간
허리둘레,cm,여,65~69세,100,125,통계연보 구간분포 보간
허리둘레,cm,남,70~74세,1,57.2,통계연보 구간분포 보간
허리둘레,cm,남,70~74세,2,59.5,통계연보 구간분포 보간
허리둘레,cm,남,70~74세,3,61.7,통계연보 구간분포 보간
허리둘레,cm,남,70~74세,4,63.9,통계연보 구간분포 보간
허리둘레,cm,남,70~74세,5,66.1,통계연보 구간분포 보간
허리둘레,cm,남,70~74세,6,68.4,통계연보 구간분포 보간
허리둘레,cm,남,70~74세,7,70.6,통계연보 구간분포 보간
허리둘레,cm,남,70~74세,8,72.8,통계연보 구간분포 보간
허리둘레,cm,남,70~74세,9,75,통계연보 구간분포 보간
허리둘레,cm,남,70~74세,10,75.5,통계연보 구간분포 보간
허리둘레,cm,남,70~74세,11,76,통계연보 구간분포 보간
허리둘레,cm,남,70~74세,12,76.4,통계연보 구간분포 보간
허리둘레,cm,남,70~74세,13,76.9,통계연보 구간분포 보간
허리둘레,cm,남,70~74세,14,77.4,통계연보 구간분포 보간
허리둘레,cm,남,70~74세,15,77.9,통계연보 구간분포 보간
허리둘레,cm,남,70~74세,16,78.3,통계연보 구간분포 보간
허리둘레,cm,남,70~74세,17,78.8,통계연보 구간분포 보간
허리둘레,cm,남,70~74세,18,79.3,통계연보 구간분포 보간
허리둘레,cm,남,70~74세,19,79.8,통계연보 구간분포 보간
허리둘레,cm,남,70~74세,20,80.1,통계연보 구간분포 보간
허리둘레,cm,남,70~74세,21,80.3,통계연보 구간분포 보간
허리둘레,cm,남,70~74세,22,80.6,통계연보 구간분포 보간
허리둘레,cm,남,70~74세,23,80.8,통계연보 구간분포 보간
허리둘레,cm,남,70~74세,24,81,통계연보 구간분포 보간
허리둘레,cm,남,70~74세,25,81.3,통계연보 구간분포 보간
허리둘레,cm,남,70~74세,26,81.5,통계연보 구간분포 보간
허리둘레,cm,남,70~74세,27,81.7,통계연보 구간분포 보간
허리둘레,cm,남,70~74세,28,81.9,통계연보 구간분포 보간
허리둘레,cm,남,70~74세,29,82.2,통계연보 구간분포 보간
허리둘레,cm,남,70~74세,30,82.4,통계연보 구간분포 보간
허리둘레,cm,남,70~74세,31,82.6,통계연보 구간분포 보간
허리둘레,cm,남,70~74세,32,82.8,통계연보 구간분포 보간
허리둘레,cm,남,70~74세,33,83.1,통계연보 구간분포 보간
허리둘레,cm,남,70~74세,34,83.3,통계연보 구간분포 보간
허리둘레,cm,남,70~74세,35,83.5,통계연보 구간분포 보간
허리둘레,cm,남,70~74세,36,83.8,통계연보 구간분포 보간
허리둘레,cm,남,70~74세,37,84,통계연보 구간분포 보간
허리둘레,cm,남,70~74세,38,84.2,통계연보 구간분포 보간
허리둘레,cm,남,70~74세,39,84.4,통계연보 구간분포 보간
허리둘레,cm,남,70~74세,40,84.7,통계연보 구간분포 보간
허리둘레,cm,남,70~74세,41,84.9,통계연보 구간분포 보간
허리둘레,cm,남,70~74세,42,85.1,통계연보 구간분포 보간
허리둘레,cm,남,70~74세,43,85.3,통계연보 구간분포 보간
허리둘레,cm,남,70~74세,44,85.5,통계연보 구간분포 보간
허리둘레,cm,남,70~74세,45,85.7,통계연보 구간분포 보간
허리둘레,cm,남,70~74세,46,85.9,통계연보 구간분포 보간
허리둘레,cm,남,70~74세,47,86.1,통계연보 구간분포 보간
허리둘레,cm,남,70~74세,48,86.3,통계연보 구간분포 보간
허리둘레,cm,남,70~74세,49,86.5,통계연보 구간분포 보간
허리둘레,cm,남,70~74세,50,86.7,통계연보 구간분포 보간
허리둘레,cm,남,70~74세,51,86.9,통계연보 구간분포 보간
허리둘레,cm,남,70~74세,52,87.1,통계연보 구간분포 보간
허리둘레,cm,남,70~74세,53,87.3,통계연보 구간분포 보간
허리둘레,cm,남,70~74세,54,87.5,통계연보 구간분포 보간
허리둘레,cm,남,70~74세,55,87.7,통계연보 구간분포 보간
허리둘레,cm,남,70~74세,56,87.9,통계연보 구간분포 보간
허리둘레,cm,남,70~74세,57,88.1,통계연보 구간분포 보간
허리둘레,cm,남,70~74세,58,88.3,통계연보 구간분포 보간
허리둘레,cm,남,70~74세,59,88.5,통계연보 구간분포 보간
허리둘레,cm,남,70~74세,60,88.7,통계연보 구간분포 보간
허리둘레,cm,남,70~74세,61,88.9,통계연보 구간분포 보간
허리둘레,cm,남,70~74세,62,89.1,통계연보 구간분포 보간
허리둘레,cm,남,70~74세,63,89.3,통계연보 구간분포 보간
허리둘레,cm,남,70~74세,64,89.5,통계연보 구간분포 보간
허리둘레,cm,남,70~74세,65,89.7,통계연보 구간분포 보간
허리둘레,cm,남,70~74세,66,89.9,통계연보 구간분포 보간
허리둘레,cm,남,70~74세,67,90.2,통계연보 구간분포 보간
허리둘레,cm,남,70~74세,68,90.4,통계연보 구간분포 보간
허리둘레,cm,남,70~74세,69,90.7,통계연보 구간분포 보간
허리둘레,cm,남,70~74세,70,91,통계연보 구간분포 보간
허리둘레,cm,남,70~74세,71,91.2,통계연보 구간분포 보간
허리둘레,cm,남,70~74세,72,91.5,통계연보 구간분포 보간
허리둘레,cm,남,70~74세,73,91.8,통계연보 구간분포 보간
허리둘레,cm,남,70~74세,74,92.1,통계연보 구간분포 보간
허리둘레,cm,남,70~74세,75,92.3,통계연보 구간분포 보간
허리둘레,cm,남,70~74세,76,92.6,통계연보 구간분포 보간
허리둘레,cm,남,70~74세,77,92.9,통계연보 구간분포 보간
허리둘레,cm,남,70~74세,78,93.1,통계연보 구간분포 보간
허리둘레,cm,남,70~74세,79,93.4,통계연보 구간분포 보간
허리둘레,cm,남,70~74세,80,93.7,통계연보 구간분포 보간
허리둘레,cm,남,70~74세,81,94,통계연보 구간분포 보간
허리둘레,cm,남,70~74세,82,94.2,통계연보 구간분포 보간
허리둘레,cm,남,70~74세,83,94.5,통계연보 구간분포 보간
허리둘레,cm,남,70~74세,84,94.8,통계연보 구간분포 보간
허리둘레,cm,남,70~74세,85,95.1,통계연보 구간분포 보간
허리둘레,cm,남,70~74세,86,95.6,통계연보 구간분포 보간
허리둘레,cm,남,70~74세,87,96.1,통계연보 구간분포 보간
허리둘레,cm,남,70~74세,88,96.6,통계연보 구간분포 보간
허리둘레,cm,남,70~74세,89,97.2,통계연보 구간분포 보간
허리둘레,cm,남,70~74세,90,97.7,통계연보 구간분포 보간
허리둘레,cm,남,70~74세,91,98.2,통계연보 구간분포 보간
허리둘레,cm,남,70~74세,92,98.7,통계연보 구간분포 보간
허리둘레,cm,남,70~74세,93,99.3,통계연보 구간분포 보간
허리둘레,cm,남,70~74세,94,99.8,통계연보 구간분포 보간
허리둘레,cm,남,70~74세,95,100.8,통계연보 구간분포 보간
허리둘레,cm,남,70~74세,96,102.1,통계연보 구간분포 보간
허리둘레,cm,남,70~74세,97,103.4,통계연보 구간분포 보간
허리둘레,cm,남,70~74세,98,104.8,통계연보 구간분포 보간
허리둘레,cm,남,70~74세,99,108.2,통계연보 구간분포 보간
허리둘레,cm,남,70~74세,100,125,통계연보 구간분포 보간
허리둘레,cm,여,70~74세,1,55.8,통계연보 구간분포 보간
허리둘레,cm,여,70~74세,2,56.6,통계연보 구간분포 보간
허리둘레,cm,여,70~74세,3,57.4,통계연보 구간분포 보간
허리둘레,cm,여,70~74세,4,58.2,통계연보 구간분포 보간
허리둘레,cm,여,70~74세,5,58.9,통계연보 구간분포 보간
허리둘레,cm,여,70~74세,6,59.7,통계연보 구간분포 보간
허리둘레,cm,여,70~74세,7,60.5,통계연보 구간분포 보간
허리둘레,cm,여,70~74세,8,61.3,통계연보 구간분포 보간
허리둘레,cm,여,70~74세,9,62.1,통계연보 구간분포 보간
허리둘레,cm,여,70~74세,10,62.9,통계연보 구간분포 보간
허리둘레,cm,여,70~74세,11,63.7,통계연보 구간분포 보간
허리둘레,cm,여,70~74세,12,64.5,통계연보 구간분포 보간
허리둘레,cm,여,70~74세,13,65.3,통계연보 구간분포 보간
허리둘레,cm,여,70~74세,14,66,통계연보 구간분포 보간
허리둘레,cm,여,70~74세,15,66.8,통계연보 구간분포 보간
허리둘레,cm,여,70~74세,16,67.6,통계연보 구간분포 보간
허리둘레,cm,여,70~74세,17,68.4,통계연보 구간분포 보간
허리둘레,cm,여,70~74세,18,69.2,통계연보 구간분포 보간
허리둘레,cm,여,70~74세,19,70,통계연보 구간분포 보간
허리둘레,cm,여,70~74세,20,70.8,통계연보 구간분포 보간
허리둘레,cm,여,70~74세,21,71.6,통계연보 구간분포 보간
허리둘레,cm,여,70~74세,22,72.4,통계연보 구간분포 보간
허리둘레,cm,여,70~74세,23,73.1,통계연보 구간분포 보간
허리둘레,cm,여,70~74세,24,73.9,통계연보 구간분포 보간
허리둘레,cm,여,70~74세,25,74.7,통계연보 구간분포 보간
허리둘레,cm,여,70~74세,26,75.2,통계연보 구간분포 보간
허리둘레,cm,여,70~74세,27,75.5,통계연보 구간분포 보간
허리둘레,cm,여,70~74세,28,75.7,통계연보 구간분포 보간
허리둘레,cm,여,70~74세,29,76,통계연보 구간분포 보간
허리둘레,cm,여,70~74세,30,76.3,통계연보 구간분포 보간
허리둘레,cm,여,70~74세,31,76.6,통계연보 구간분포 보간
허리둘레,cm,여,70~74세,32,76.8,통계연보 구간분포 보간
허리둘레,cm,여,70~74세,33,77.1,통계연보 구간분포 보간
허리둘레,cm,여,70~74세,34,77.4,통계연보 구간분포 보간
허리둘레,cm,여,70~74세,35,77.7,통계연보 구간분포 보간
허리둘레,cm,여,70~74세,36,77.9,통계연보 구간분포 보간
허리둘레,cm,여,70~74세,37,78.2,통계연보 구간분포 보간
허리둘레,cm,여,70~74세,38,78.5,통계연보 구간분포 보간
허리둘레,cm,여,70~74세,39,78.8,통계연보 구간분포 보간
허리둘레,cm,여,70~74세,40,79,통계연보 구간분포 보간
허리둘레,cm,여,70~74세,41,79.3,통계연보 구간분포 보간
허리둘레,cm,여,70~74세,42,79.6,통계연보 구간분포 보간
허리둘레,cm,여,70~74세,43,79.9,통계연보 구간분포 보간
허리둘레,cm,여,70~74세,44,80.1,통계연보 구간분포 보간
허리둘레,cm,여,70~74세,45,80.3,통계연보 구간분포 보간
허리둘레,cm,여,70~74세,46,80.6,통계연보 구간분포 보간
허리둘레,cm,여,70~74세,47,80.8,통계연보 구간분포 보간
허리둘레,cm,여,70~74세,48,81,통계연보 구간분포 보간
허리둘레,cm,여,70~74세,49,81.2,통계연보 구간분포 보간
허리둘레,cm,여,70~74세,50,81.4,통계연보 구간분포 보간
허리둘레,cm,여,70~74세,51,81.6,통계연보 구간분포 보간
허리둘레,cm,여,70~74세,52,81.9,통계연보 구간분포 보간
허리둘레,cm,여,70~74세,53,82.1,통계연보 구간분포 보간
허리둘레,cm,여,70~74세,54,82.3,통계연보 구간분포 보간
허리둘레,cm,여,70~74세,55,82.5,통계연보 구간분포 보간
허리둘레,cm,여,70~74세,56,82.7,통계연보 구간분포 보간
허리둘레,cm,여,70~74세,57,82.9,통계연보 구간분포 보간
허리둘레,cm,여,70~74세,58,83.2,통계연보 구간분포 보간
허리둘레,cm,여,70~74세,59,83.4,통계연보 구간분포 보간
허리둘레,cm,여,70~74세,60,83.6,통계연보 구간분포 보간
허리둘레,cm,여,70~74세,61,83.8,통계연보 구간분포 보간
허리둘레,cm,여,70~74세,62,84,통계연보 구간분포 보간
허리둘레,cm,여,70~74세,63,84.2,통계연보 구간분포 보간
허리둘레,cm,여,70~74세,64,84.5,통계연보 구간분포 보간
허리둘레,cm,여,70~74세,65,84.7,통계연보 구간분포 보간
허리둘레,cm,여,70~74세,66,84.9,통계연보 구간분포 보간
허리둘레,cm,여,70~74세,67,85.1,통계연보 구간분포 보간
허리둘레,cm,여,70~74세,68,85.4,통계연보 구간분포 보간
허리둘레,cm,여,70~74세,69,85.7,통계연보 구간분포 보간
허리둘레,cm,여,70~74세,70,86,통계연보 구간분포 보간
허리둘레,cm,여,70~74세,71,86.3,통계연보 구간분포 보간
허리둘레,cm,여,70~74세,72,86.6,통계연보 구간분포 보간
허리둘레,cm,여,70~74세,73,86.9,통계연보 구간분포 보간
허리둘레,cm,여,70~74세,74,87.2,통계연보 구간분포 보간
허리둘레,cm,여,70~74세,75,87.5,통계연보 구간분포 보간
허리둘레,cm,여,70~74세,76,87.8,통계연보 구간분포 보간
허리둘레,cm,여,70~74세,77,88.1,통계연보 구간분포 보간
허리둘레,cm,여,70~74세,78,88.4,통계연보 구간분포 보간
허리둘레,cm,여,70~74세,79,88.7,통계연보 구간분포 보간
허리둘레,cm,여,70~74세,80,89,통계연보 구간분포 보간
허리둘레,cm,여,70~74세,81,89.3,통계연보 구간분포 보간
허리둘레,cm,여,70~74세,82,89.6,통계연보 구간분포 보간
허리둘레,cm,여,70~74세,83,89.9,통계연보 구간분포 보간
허리둘레,cm,여,70~74세,84,90.4,통계연보 구간분포 보간
허리둘레,cm,여,70~74세,85,90.9,통계연보 구간분포 보간
허리둘레,cm,여,70~74세,86,91.4,통계연보 구간분포 보간
허리둘레,cm,여,70~74세,87,91.9,통계연보 구간분포 보간
허리둘레,cm,여,70~74세,88,92.5,통계연보 구간분포 보간
허리둘레,cm,여,70~74세,89,93,통계연보 구간분포 보간
허리둘레,cm,여,70~74세,90,93.5,통계연보 구간분포 보간
허리둘레,cm,여,70~74세,91,94,통계연보 구간분포 보간
허리둘레,cm,여,70~74세,92,94.5,통계연보 구간분포 보간
허리둘레,cm,여,70~74세,93,95.1,통계연보 구간분포 보간
허리둘레,cm,여,70~74세,94,96.3,통계연보 구간분포 보간
허리둘레,cm,여,70~74세,95,97.4,통계연보 구간분포 보간
허리둘레,cm,여,70~74세,96,98.5,통계연보 구간분포 보간
허리둘레,cm,여,70~74세,97,99.7,통계연보 구간분포 보간
허리둘레,cm,여,70~74세,98,102,통계연보 구간분포 보간
허리둘레,cm,여,70~74세,99,104.9,통계연보 구간분포 보간
허리둘레,cm,여,70~74세,100,125,통계연보 구간분포 보간
허리둘레,cm,남,75~79세,1,57.1,통계연보 구간분포 보간
허리둘레,cm,남,75~79세,2,59.2,통계연보 구간분포 보간
허리둘레,cm,남,75~79세,3,61.3,통계연보 구간분포 보간
허리둘레,cm,남,75~79세,4,63.4,통계연보 구간분포 보간
허리둘레,cm,남,75~79세,5,65.5,통계연보 구간분포 보간
허리둘레,cm,남,75~79세,6,67.6,통계연보 구간분포 보간
허리둘레,cm,남,75~79세,7,69.8,통계연보 구간분포 보간
허리둘레,cm,남,75~79세,8,71.9,통계연보 구간분포 보간
허리둘레,cm,남,75~79세,9,74,통계연보 구간분포 보간
허리둘레,cm,남,75~79세,10,75.3,통계연보 구간분포 보간
허리둘레,cm,남,75~79세,11,75.7,통계연보 구간분포 보간
허리둘레,cm,남,75~79세,12,76.2,통계연보 구간분포 보간
허리둘레,cm,남,75~79세,13,76.7,통계연보 구간분포 보간
허리둘레,cm,남,75~79세,14,77.2,통계연보 구간분포 보간
허리둘레,cm,남,75~79세,15,77.7,통계연보 구간분포 보간
허리둘레,cm,남,75~79세,16,78.2,통계연보 구간분포 보간
허리둘레,cm,남,75~79세,17,78.7,통계연보 구간분포 보간
허리둘레,cm,남,75~79세,18,79.2,통계연보 구간분포 보간
허리둘레,cm,남,75~79세,19,79.7,통계연보 구간분포 보간
허리둘레,cm,남,75~79세,20,80.1,통계연보 구간분포 보간
허리둘레,cm,남,75~79세,21,80.3,통계연보 구간분포 보간
허리둘레,cm,남,75~79세,22,80.6,통계연보 구간분포 보간
허리둘레,cm,남,75~79세,23,80.8,통계연보 구간분포 보간
허리둘레,cm,남,75~79세,24,81,통계연보 구간분포 보간
허리둘레,cm,남,75~79세,25,81.3,통계연보 구간분포 보간
허리둘레,cm,남,75~79세,26,81.5,통계연보 구간분포 보간
허리둘레,cm,남,75~79세,27,81.8,통계연보 구간분포 보간
허리둘레,cm,남,75~79세,28,82,통계연보 구간분포 보간
허리둘레,cm,남,75~79세,29,82.2,통계연보 구간분포 보간
허리둘레,cm,남,75~79세,30,82.5,통계연보 구간분포 보간
허리둘레,cm,남,75~79세,31,82.7,통계연보 구간분포 보간
허리둘레,cm,남,75~79세,32,83,통계연보 구간분포 보간
허리둘레,cm,남,75~79세,33,83.2,통계연보 구간분포 보간
허리둘레,cm,남,75~79세,34,83.4,통계연보 구간분포 보간
허리둘레,cm,남,75~79세,35,83.7,통계연보 구간분포 보간
허리둘레,cm,남,75~79세,36,83.9,통계연보 구간분포 보간
허리둘레,cm,남,75~79세,37,84.2,통계연보 구간분포 보간
허리둘레,cm,남,75~79세,38,84.4,통계연보 구간분포 보간
허리둘레,cm,남,75~79세,39,84.6,통계연보 구간분포 보간
허리둘레,cm,남,75~79세,40,84.9,통계연보 구간분포 보간
허리둘레,cm,남,75~79세,41,85.1,통계연보 구간분포 보간
허리둘레,cm,남,75~79세,42,85.3,통계연보 구간분포 보간
허리둘레,cm,남,75~79세,43,85.5,통계연보 구간분포 보간
허리둘레,cm,남,75~79세,44,85.7,통계연보 구간분포 보간
허리둘레,cm,남,75~79세,45,85.9,통계연보 구간분포 보간
허리둘레,cm,남,75~79세,46,86.1,통계연보 구간분포 보간
허리둘레,cm,남,75~79세,47,86.3,통계연보 구간분포 보간
허리둘레,cm,남,75~79세,48,86.5,통계연보 구간분포 보간
허리둘레,cm,남,75~79세,49,86.7,통계연보 구간분포 보간
허리둘레,cm,남,75~79세,50,86.9,통계연보 구간분포 보간
허리둘레,cm,남,75~79세,51,87.1,통계연보 구간분포 보간
허리둘레,cm,남,75~79세,52,87.4,통계연보 구간분포 보간
허리둘레,cm,남,75~79세,53,87.6,통계연보 구간분포 보간
허리둘레,cm,남,75~79세,54,87.8,통계연보 구간분포 보간
허리둘레,cm,남,75~79세,55,88,통계연보 구간분포 보간
허리둘레,cm,남,75~79세,56,88.2,통계연보 구간분포 보간
허리둘레,cm,남,75~79세,57,88.4,통계연보 구간분포 보간
허리둘레,cm,남,75~79세,58,88.6,통계연보 구간분포 보간
허리둘레,cm,남,75~79세,59,88.8,통계연보 구간분포 보간
허리둘레,cm,남,75~79세,60,89,통계연보 구간분포 보간
허리둘레,cm,남,75~79세,61,89.2,통계연보 구간분포 보간
허리둘레,cm,남,75~79세,62,89.4,통계연보 구간분포 보간
허리둘레,cm,남,75~79세,63,89.6,통계연보 구간분포 보간
허리둘레,cm,남,75~79세,64,89.8,통계연보 구간분포 보간
허리둘레,cm,남,75~79세,65,90,통계연보 구간분포 보간
허리둘레,cm,남,75~79세,66,90.3,통계연보 구간분포 보간
허리둘레,cm,남,75~79세,67,90.6,통계연보 구간분포 보간
허리둘레,cm,남,75~79세,68,90.8,통계연보 구간분포 보간
허리둘레,cm,남,75~79세,69,91.1,통계연보 구간분포 보간
허리둘레,cm,남,75~79세,70,91.4,통계연보 구간분포 보간
허리둘레,cm,남,75~79세,71,91.6,통계연보 구간분포 보간
허리둘레,cm,남,75~79세,72,91.9,통계연보 구간분포 보간
허리둘레,cm,남,75~79세,73,92.2,통계연보 구간분포 보간
허리둘레,cm,남,75~79세,74,92.4,통계연보 구간분포 보간
허리둘레,cm,남,75~79세,75,92.7,통계연보 구간분포 보간
허리둘레,cm,남,75~79세,76,93,통계연보 구간분포 보간
허리둘레,cm,남,75~79세,77,93.2,통계연보 구간분포 보간
허리둘레,cm,남,75~79세,78,93.5,통계연보 구간분포 보간
허리둘레,cm,남,75~79세,79,93.8,통계연보 구간분포 보간
허리둘레,cm,남,75~79세,80,94,통계연보 구간분포 보간
허리둘레,cm,남,75~79세,81,94.3,통계연보 구간분포 보간
허리둘레,cm,남,75~79세,82,94.5,통계연보 구간분포 보간
허리둘레,cm,남,75~79세,83,94.8,통계연보 구간분포 보간
허리둘레,cm,남,75~79세,84,95.2,통계연보 구간분포 보간
허리둘레,cm,남,75~79세,85,95.6,통계연보 구간분포 보간
허리둘레,cm,남,75~79세,86,96.1,통계연보 구간분포 보간
허리둘레,cm,남,75~79세,87,96.6,통계연보 구간분포 보간
허리둘레,cm,남,75~79세,88,97.1,통계연보 구간분포 보간
허리둘레,cm,남,75~79세,89,97.6,통계연보 구간분포 보간
허리둘레,cm,남,75~79세,90,98.1,통계연보 구간분포 보간
허리둘레,cm,남,75~79세,91,98.6,통계연보 구간분포 보간
허리둘레,cm,남,75~79세,92,99.1,통계연보 구간분포 보간
허리둘레,cm,남,75~79세,93,99.6,통계연보 구간분포 보간
허리둘레,cm,남,75~79세,94,100.2,통계연보 구간분포 보간
허리둘레,cm,남,75~79세,95,101.4,통계연보 구간분포 보간
허리둘레,cm,남,75~79세,96,102.6,통계연보 구간분포 보간
허리둘레,cm,남,75~79세,97,103.8,통계연보 구간분포 보간
허리둘레,cm,남,75~79세,98,104.9,통계연보 구간분포 보간
허리둘레,cm,남,75~79세,99,108.4,통계연보 구간분포 보간
허리둘레,cm,남,75~79세,100,125,통계연보 구간분포 보간
허리둘레,cm,여,75~79세,1,55.9,통계연보 구간분포 보간
허리둘레,cm,여,75~79세,2,56.8,통계연보 구간분포 보간
허리둘레,cm,여,75~79세,3,57.8,통계연보 구간분포 보간
허리둘레,cm,여,75~79세,4,58.7,통계연보 구간분포 보간
허리둘레,cm,여,75~79세,5,59.6,통계연보 구간분포 보간
허리둘레,cm,여,75~79세,6,60.5,통계연보 구간분포 보간
허리둘레,cm,여,75~79세,7,61.4,통계연보 구간분포 보간
허리둘레,cm,여,75~79세,8,62.4,통계연보 구간분포 보간
허리둘레,cm,여,75~79세,9,63.3,통계연보 구간분포 보간
허리둘레,cm,여,75~79세,10,64.2,통계연보 구간분포 보간
허리둘레,cm,여,75~79세,11,65.1,통계연보 구간분포 보간
허리둘레,cm,여,75~79세,12,66,통계연보 구간분포 보간
허리둘레,cm,여,75~79세,13,67,통계연보 구간분포 보간
허리둘레,cm,여,75~79세,14,67.9,통계연보 구간분포 보간
허리둘레,cm,여,75~79세,15,68.8,통계연보 구간분포 보간
허리둘레,cm,여,75~79세,16,69.7,통계연보 구간분포 보간
허리둘레,cm,여,75~79세,17,70.6,통계연보 구간분포 보간
허리둘레,cm,여,75~79세,18,71.6,통계연보 구간분포 보간
허리둘레,cm,여,75~79세,19,72.5,통계연보 구간분포 보간
허리둘레,cm,여,75~79세,20,73.4,통계연보 구간분포 보간
허리둘레,cm,여,75~79세,21,74.3,통계연보 구간분포 보간
허리둘레,cm,여,75~79세,22,75.1,통계연보 구간분포 보간
허리둘레,cm,여,75~79세,23,75.4,통계연보 구간분포 보간
허리둘레,cm,여,75~79세,24,75.7,통계연보 구간분포 보간
허리둘레,cm,여,75~79세,25,76,통계연보 구간분포 보간
허리둘레,cm,여,75~79세,26,76.3,통계연보 구간분포 보간
허리둘레,cm,여,75~79세,27,76.6,통계연보 구간분포 보간
허리둘레,cm,여,75~79세,28,76.9,통계연보 구간분포 보간
허리둘레,cm,여,75~79세,29,77.2,통계연보 구간분포 보간
허리둘레,cm,여,75~79세,30,77.5,통계연보 구간분포 보간
허리둘레,cm,여,75~79세,31,77.8,통계연보 구간분포 보간
허리둘레,cm,여,75~79세,32,78.1,통계연보 구간분포 보간
허리둘레,cm,여,75~79세,33,78.4,통계연보 구간분포 보간
허리둘레,cm,여,75~79세,34,78.7,통계연보 구간분포 보간
허리둘레,cm,여,75~79세,35,79,통계연보 구간분포 보간
허리둘레,cm,여,75~79세,36,79.3,통계연보 구간분포 보간
허리둘레,cm,여,75~79세,37,79.6,통계연보 구간분포 보간
허리둘레,cm,여,75~79세,38,79.9,통계연보 구간분포 보간
허리둘레,cm,여,75~79세,39,80.1,통계연보 구간분포 보간
허리둘레,cm,여,75~79세,40,80.3,통계연보 구간분포 보간
허리둘레,cm,여,75~79세,41,80.5,통계연보 구간분포 보간
허리둘레,cm,여,75~79세,42,80.8,통계연보 구간분포 보간
허리둘레,cm,여,75~79세,43,81,통계연보 구간분포 보간
허리둘레,cm,여,75~79세,44,81.2,통계연보 구간분포 보간
허리둘레,cm,여,75~79세,45,81.4,통계연보 구간분포 보간
허리둘레,cm,여,75~79세,46,81.6,통계연보 구간분포 보간
허리둘레,cm,여,75~79세,47,81.8,통계연보 구간분포 보간
허리둘레,cm,여,75~79세,48,82.1,통계연보 구간분포 보간
허리둘레,cm,여,75~79세,49,82.3,통계연보 구간분포 보간
허리둘레,cm,여,75~79세,50,82.5,통계연보 구간분포 보간
허리둘레,cm,여,75~79세,51,82.7,통계연보 구간분포 보간
허리둘레,cm,여,75~79세,52,82.9,통계연보 구간분포 보간
허리둘레,cm,여,75~79세,53,83.1,통계연보 구간분포 보간
허리둘레,cm,여,75~79세,54,83.4,통계연보 구간분포 보간
허리둘레,cm,여,75~79세,55,83.6,통계연보 구간분포 보간
허리둘레,cm,여,75~79세,56,83.8,통계연보 구간분포 보간
허리둘레,cm,여,75~79세,57,84,통계연보 구간분포 보간
허리둘레,cm,여,75~79세,58,84.2,통계연보 구간분포 보간
허리둘레,cm,여,75~79세,59,84.4,통계연보 구간분포 보간
허리둘레,cm,여,75~79세,60,84.7,통계연보 구간분포 보간
허리둘레,cm,여,75~79세,61,84.9,통계연보 구간분포 보간
허리둘레,cm,여,75~79세,62,85.1,통계연보 구간분포 보간
허리둘레,cm,여,75~79세,63,85.4,통계연보 구간분포 보간
허리둘레,cm,여,75~79세,64,85.7,통계연보 구간분포 보간
허리둘레,cm,여,75~79세,65,85.9,통계연보 구간분포 보간
허리둘레,cm,여,75~79세,66,86.2,통계연보 구간분포 보간
허리둘레,cm,여,75~79세,67,86.5,통계연보 구간분포 보간
허리둘레,cm,여,75~79세,68,86.8,통계연보 구간분포 보간
허리둘레,cm,여,75~79세,69,87,통계연보 구간분포 보간
허리둘레,cm,여,75~79세,70,87.3,통계연보 구간분포 보간
허리둘레,cm,여,75~79세,71,87.6,통계연보 구간분포 보간
허리둘레,cm,여,75~79세,72,87.8,통계연보 구간분포 보간
허리둘레,cm,여,75~79세,73,88.1,통계연보 구간분포 보간
허리둘레,cm,여,75~79세,74,88.4,통계연보 구간분포 보간
허리둘레,cm,여,75~79세,75,88.7,통계연보 구간분포 보간
허리둘레,cm,여,75~79세,76,88.9,통계연보 구간분포 보간
허리둘레,cm,여,75~79세,77,89.2,통계연보 구간분포 보간
허리둘레,cm,여,75~79세,78,89.5,통계연보 구간분포 보간
허리둘레,cm,여,75~79세,79,89.8,통계연보 구간분포 보간
허리둘레,cm,여,75~79세,80,90,통계연보 구간분포 보간
허리둘레,cm,여,75~79세,81,90.5,통계연보 구간분포 보간
허리둘레,cm,여,75~79세,82,90.9,통계연보 구간분포 보간
허리둘레,cm,여,75~79세,83,91.4,통계연보 구간분포 보간
허리둘레,cm,여,75~79세,84,91.8,통계연보 구간분포 보간
허리둘레,cm,여,75~79세,85,92.2,통계연보 구간분포 보간
허리둘레,cm,여,75~79세,86,92.7,통계연보 구간분포 보간
허리둘레,cm,여,75~79세,87,93.1,통계연보 구간분포 보간
허리둘레,cm,여,75~79세,88,93.6,통계연보 구간분포 보간
허리둘레,cm,여,75~79세,89,94,통계연보 구간분포 보간
허리둘레,cm,여,75~79세,90,94.4,통계연보 구간분포 보간
허리둘레,cm,여,75~79세,91,94.9,통계연보 구간분포 보간
허리둘레,cm,여,75~79세,92,95.7,통계연보 구간분포 보간
허리둘레,cm,여,75~79세,93,96.6,통계연보 구간분포 보간
허리둘레,cm,여,75~79세,94,97.5,통계연보 구간분포 보간
허리둘레,cm,여,75~79세,95,98.4,통계연보 구간분포 보간
허리둘레,cm,여,75~79세,96,99.3,통계연보 구간분포 보간
허리둘레,cm,여,75~79세,97,100.7,통계연보 구간분포 보간
허리둘레,cm,여,75~79세,98,103,통계연보 구간분포 보간
허리둘레,cm,여,75~79세,99,105.8,통계연보 구간분포 보간
허리둘레,cm,여,75~79세,100,125,통계연보 구간분포 보간
허리둘레,cm,남,80~84세,1,56.8,통계연보 구간분포 보간
허리둘레,cm,남,80~84세,2,58.7,통계연보 구간분포 보간
허리둘레,cm,남,80~84세,3,60.5,통계연보 구간분포 보간
허리둘레,cm,남,80~84세,4,62.4,통계연보 구간분포 보간
허리둘레,cm,남,80~84세,5,64.2,통계연보 구간분포 보간
허리둘레,cm,남,80~84세,6,66.1,통계연보 구간분포 보간
허리둘레,cm,남,80~84세,7,67.9,통계연보 구간분포 보간
허리둘레,cm,남,80~84세,8,69.7,통계연보 구간분포 보간
허리둘레,cm,남,80~84세,9,71.6,통계연보 구간분포 보간
허리둘레,cm,남,80~84세,10,73.4,통계연보 구간분포 보간
허리둘레,cm,남,80~84세,11,75.1,통계연보 구간분포 보간
허리둘레,cm,남,80~84세,12,75.6,통계연보 구간분포 보간
허리둘레,cm,남,80~84세,13,76,통계연보 구간분포 보간
허리둘레,cm,남,80~84세,14,76.5,통계연보 구간분포 보간
허리둘레,cm,남,80~84세,15,77,통계연보 구간분포 보간
허리둘레,cm,남,80~84세,16,77.5,통계연보 구간분포 보간
허리둘레,cm,남,80~84세,17,78,통계연보 구간분포 보간
허리둘레,cm,남,80~84세,18,78.5,통계연보 구간분포 보간
허리둘레,cm,남,80~84세,19,79,통계연보 구간분포 보간
허리둘레,cm,남,80~84세,20,79.5,통계연보 구간분포 보간
허리둘레,cm,남,80~84세,21,79.9,통계연보 구간분포 보간
허리둘레,cm,남,80~84세,22,80.2,통계연보 구간분포 보간
허리둘레,cm,남,80~84세,23,80.5,통계연보 구간분포 보간
허리둘레,cm,남,80~84세,24,80.7,통계연보 구간분포 보간
허리둘레,cm,남,80~84세,25,81,통계연보 구간분포 보간
허리둘레,cm,남,80~84세,26,81.2,통계연보 구간분포 보간
허리둘레,cm,남,80~84세,27,81.4,통계연보 구간분포 보간
허리둘레,cm,남,80~84세,28,81.7,통계연보 구간분포 보간
허리둘레,cm,남,80~84세,29,81.9,통계연보 구간분포 보간
허리둘레,cm,남,80~84세,30,82.2,통계연보 구간분포 보간
허리둘레,cm,남,80~84세,31,82.4,통계연보 구간분포 보간
허리둘레,cm,남,80~84세,32,82.7,통계연보 구간분포 보간
허리둘레,cm,남,80~84세,33,82.9,통계연보 구간분포 보간
허리둘레,cm,남,80~84세,34,83.2,통계연보 구간분포 보간
허리둘레,cm,남,80~84세,35,83.4,통계연보 구간분포 보간
허리둘레,cm,남,80~84세,36,83.6,통계연보 구간분포 보간
허리둘레,cm,남,80~84세,37,83.9,통계연보 구간분포 보간
허리둘레,cm,남,80~84세,38,84.1,통계연보 구간분포 보간
허리둘레,cm,남,80~84세,39,84.4,통계연보 구간분포 보간
허리둘레,cm,남,80~84세,40,84.6,통계연보 구간분포 보간
허리둘레,cm,남,80~84세,41,84.9,통계연보 구간분포 보간
허리둘레,cm,남,80~84세,42,85.1,통계연보 구간분포 보간
허리둘레,cm,남,80~84세,43,85.3,통계연보 구간분포 보간
허리둘레,cm,남,80~84세,44,85.5,통계연보 구간분포 보간
허리둘레,cm,남,80~84세,45,85.7,통계연보 구간분포 보간
허리둘레,cm,남,80~84세,46,85.9,통계연보 구간분포 보간
허리둘레,cm,남,80~84세,47,86.2,통계연보 구간분포 보간
허리둘레,cm,남,80~84세,48,86.4,통계연보 구간분포 보간
허리둘레,cm,남,80~84세,49,86.6,통계연보 구간분포 보간
허리둘레,cm,남,80~84세,50,86.8,통계연보 구간분포 보간
허리둘레,cm,남,80~84세,51,87,통계연보 구간분포 보간
허리둘레,cm,남,80~84세,52,87.2,통계연보 구간분포 보간
허리둘레,cm,남,80~84세,53,87.4,통계연보 구간분포 보간
허리둘레,cm,남,80~84세,54,87.6,통계연보 구간분포 보간
허리둘레,cm,남,80~84세,55,87.9,통계연보 구간분포 보간
허리둘레,cm,남,80~84세,56,88.1,통계연보 구간분포 보간
허리둘레,cm,남,80~84세,57,88.3,통계연보 구간분포 보간
허리둘레,cm,남,80~84세,58,88.5,통계연보 구간분포 보간
허리둘레,cm,남,80~84세,59,88.7,통계연보 구간분포 보간
허리둘레,cm,남,80~84세,60,88.9,통계연보 구간분포 보간
허리둘레,cm,남,80~84세,61,89.1,통계연보 구간분포 보간
허리둘레,cm,남,80~84세,62,89.4,통계연보 구간분포 보간
허리둘레,cm,남,80~84세,63,89.6,통계연보 구간분포 보간
허리둘레,cm,남,80~84세,64,89.8,통계연보 구간분포 보간
허리둘레,cm,남,80~84세,65,90,통계연보 구간분포 보간
허리둘레,cm,남,80~84세,66,90.3,통계연보 구간분포 보간
허리둘레,cm,남,80~84세,67,90.5,통계연보 구간분포 보간
허리둘레,cm,남,80~84세,68,90.8,통계연보 구간분포 보간
허리둘레,cm,남,80~84세,69,91.1,통계연보 구간분포 보간
허리둘레,cm,남,80~84세,70,91.3,통계연보 구간분포 보간
허리둘레,cm,남,80~84세,71,91.6,통계연보 구간분포 보간
허리둘레,cm,남,80~84세,72,91.9,통계연보 구간분포 보간
허리둘레,cm,남,80~84세,73,92.2,통계연보 구간분포 보간
허리둘레,cm,남,80~84세,74,92.4,통계연보 구간분포 보간
허리둘레,cm,남,80~84세,75,92.7,통계연보 구간분포 보간
허리둘레,cm,남,80~84세,76,93,통계연보 구간분포 보간
허리둘레,cm,남,80~84세,77,93.2,통계연보 구간분포 보간
허리둘레,cm,남,80~84세,78,93.5,통계연보 구간분포 보간
허리둘레,cm,남,80~84세,79,93.8,통계연보 구간분포 보간
허리둘레,cm,남,80~84세,80,94.1,통계연보 구간분포 보간
허리둘레,cm,남,80~84세,81,94.3,통계연보 구간분포 보간
허리둘레,cm,남,80~84세,82,94.6,통계연보 구간분포 보간
허리둘레,cm,남,80~84세,83,94.9,통계연보 구간분포 보간
허리둘레,cm,남,80~84세,84,95.3,통계연보 구간분포 보간
허리둘레,cm,남,80~84세,85,95.8,통계연보 구간분포 보간
허리둘레,cm,남,80~84세,86,96.2,통계연보 구간분포 보간
허리둘레,cm,남,80~84세,87,96.7,통계연보 구간분포 보간
허리둘레,cm,남,80~84세,88,97.2,통계연보 구간분포 보간
허리둘레,cm,남,80~84세,89,97.7,통계연보 구간분포 보간
허리둘레,cm,남,80~84세,90,98.2,통계연보 구간분포 보간
허리둘레,cm,남,80~84세,91,98.7,통계연보 구간분포 보간
허리둘레,cm,남,80~84세,92,99.2,통계연보 구간분포 보간
허리둘레,cm,남,80~84세,93,99.6,통계연보 구간분포 보간
허리둘레,cm,남,80~84세,94,100.3,통계연보 구간분포 보간
허리둘레,cm,남,80~84세,95,101.5,통계연보 구간분포 보간
허리둘레,cm,남,80~84세,96,102.7,통계연보 구간분포 보간
허리둘레,cm,남,80~84세,97,103.8,통계연보 구간분포 보간
허리둘레,cm,남,80~84세,98,105,통계연보 구간분포 보간
허리둘레,cm,남,80~84세,99,108.6,통계연보 구간분포 보간
허리둘레,cm,남,80~84세,100,125,통계연보 구간분포 보간
허리둘레,cm,여,80~84세,1,56,통계연보 구간분포 보간
허리둘레,cm,여,80~84세,2,57,통계연보 구간분포 보간
허리둘레,cm,여,80~84세,3,57.9,통계연보 구간분포 보간
허리둘레,cm,여,80~84세,4,58.9,통계연보 구간분포 보간
허리둘레,cm,여,80~84세,5,59.9,통계연보 구간분포 보간
허리둘레,cm,여,80~84세,6,60.9,통계연보 구간분포 보간
허리둘레,cm,여,80~84세,7,61.9,통계연보 구간분포 보간
허리둘레,cm,여,80~84세,8,62.9,통계연보 구간분포 보간
허리둘레,cm,여,80~84세,9,63.8,통계연보 구간분포 보간
허리둘레,cm,여,80~84세,10,64.8,통계연보 구간분포 보간
허리둘레,cm,여,80~84세,11,65.8,통계연보 구간분포 보간
허리둘레,cm,여,80~84세,12,66.8,통계연보 구간분포 보간
허리둘레,cm,여,80~84세,13,67.8,통계연보 구간분포 보간
허리둘레,cm,여,80~84세,14,68.7,통계연보 구간분포 보간
허리둘레,cm,여,80~84세,15,69.7,통계연보 구간분포 보간
허리둘레,cm,여,80~84세,16,70.7,통계연보 구간분포 보간
허리둘레,cm,여,80~84세,17,71.7,통계연보 구간분포 보간
허리둘레,cm,여,80~84세,18,72.7,통계연보 구간분포 보간
허리둘레,cm,여,80~84세,19,73.7,통계연보 구간분포 보간
허리둘레,cm,여,80~84세,20,74.6,통계연보 구간분포 보간
허리둘레,cm,여,80~84세,21,75.2,통계연보 구간분포 보간
허리둘레,cm,여,80~84세,22,75.5,통계연보 구간분포 보간
허리둘레,cm,여,80~84세,23,75.9,통계연보 구간분포 보간
허리둘레,cm,여,80~84세,24,76.2,통계연보 구간분포 보간
허리둘레,cm,여,80~84세,25,76.5,통계연보 구간분포 보간
허리둘레,cm,여,80~84세,26,76.8,통계연보 구간분포 보간
허리둘레,cm,여,80~84세,27,77.2,통계연보 구간분포 보간
허리둘레,cm,여,80~84세,28,77.5,통계연보 구간분포 보간
허리둘레,cm,여,80~84세,29,77.8,통계연보 구간분포 보간
허리둘레,cm,여,80~84세,30,78.2,통계연보 구간분포 보간
허리둘레,cm,여,80~84세,31,78.5,통계연보 구간분포 보간
허리둘레,cm,여,80~84세,32,78.8,통계연보 구간분포 보간
허리둘레,cm,여,80~84세,33,79.1,통계연보 구간분포 보간
허리둘레,cm,여,80~84세,34,79.5,통계연보 구간분포 보간
허리둘레,cm,여,80~84세,35,79.8,통계연보 구간분포 보간
허리둘레,cm,여,80~84세,36,80.1,통계연보 구간분포 보간
허리둘레,cm,여,80~84세,37,80.3,통계연보 구간분포 보간
허리둘레,cm,여,80~84세,38,80.5,통계연보 구간분포 보간
허리둘레,cm,여,80~84세,39,80.7,통계연보 구간분포 보간
허리둘레,cm,여,80~84세,40,81,통계연보 구간분포 보간
허리둘레,cm,여,80~84세,41,81.2,통계연보 구간분포 보간
허리둘레,cm,여,80~84세,42,81.4,통계연보 구간분포 보간
허리둘레,cm,여,80~84세,43,81.6,통계연보 구간분포 보간
허리둘레,cm,여,80~84세,44,81.8,통계연보 구간분포 보간
허리둘레,cm,여,80~84세,45,82,통계연보 구간분포 보간
허리둘레,cm,여,80~84세,46,82.3,통계연보 구간분포 보간
허리둘레,cm,여,80~84세,47,82.5,통계연보 구간분포 보간
허리둘레,cm,여,80~84세,48,82.7,통계연보 구간분포 보간
허리둘레,cm,여,80~84세,49,82.9,통계연보 구간분포 보간
허리둘레,cm,여,80~84세,50,83.1,통계연보 구간분포 보간
허리둘레,cm,여,80~84세,51,83.4,통계연보 구간분포 보간
허리둘레,cm,여,80~84세,52,83.6,통계연보 구간분포 보간
허리둘레,cm,여,80~84세,53,83.8,통계연보 구간분포 보간
허리둘레,cm,여,80~84세,54,84,통계연보 구간분포 보간
허리둘레,cm,여,80~84세,55,84.2,통계연보 구간분포 보간
허리둘레,cm,여,80~84세,56,84.5,통계연보 구간분포 보간
허리둘레,cm,여,80~84세,57,84.7,통계연보 구간분포 보간
허리둘레,cm,여,80~84세,58,84.9,통계연보 구간분포 보간
허리둘레,cm,여,80~84세,59,85.1,통계연보 구간분포 보간
허리둘레,cm,여,80~84세,60,85.4,통계연보 구간분포 보간
허리둘레,cm,여,80~84세,61,85.7,통계연보 구간분포 보간
허리둘레,cm,여,80~84세,62,85.9,통계연보 구간분포 보간
허리둘레,cm,여,80~84세,63,86.2,통계연보 구간분포 보간
허리둘레,cm,여,80~84세,64,86.4,통계연보 구간분포 보간
허리둘레,cm,여,80~84세,65,86.7,통계연보 구간분포 보간
허리둘레,cm,여,80~84세,66,87,통계연보 구간분포 보간
허리둘레,cm,여,80~84세,67,87.2,통계연보 구간분포 보간
허리둘레,cm,여,80~84세,68,87.5,통계연보 구간분포 보간
허리둘레,cm,여,80~84세,69,87.8,통계연보 구간분포 보간
허리둘레,cm,여,80~84세,70,88,통계연보 구간분포 보간
허리둘레,cm,여,80~84세,71,88.3,통계연보 구간분포 보간
허리둘레,cm,여,80~84세,72,88.5,통계연보 구간분포 보간
허리둘레,cm,여,80~84세,73,88.8,통계연보 구간분포 보간
허리둘레,cm,여,80~84세,74,89.1,통계연보 구간분포 보간
허리둘레,cm,여,80~84세,75,89.3,통계연보 구간분포 보간
허리둘레,cm,여,80~84세,76,89.6,통계연보 구간분포 보간
허리둘레,cm,여,80~84세,77,89.8,통계연보 구간분포 보간
허리둘레,cm,여,80~84세,78,90.2,통계연보 구간분포 보간
허리둘레,cm,여,80~84세,79,90.6,통계연보 구간분포 보간
허리둘레,cm,여,80~84세,80,91,통계연보 구간분포 보간
허리둘레,cm,여,80~84세,81,91.3,통계연보 구간분포 보간
허리둘레,cm,여,80~84세,82,91.7,통계연보 구간분포 보간
허리둘레,cm,여,80~84세,83,92.1,통계연보 구간분포 보간
허리둘레,cm,여,80~84세,84,92.5,통계연보 구간분포 보간
허리둘레,cm,여,80~84세,85,92.9,통계연보 구간분포 보간
허리둘레,cm,여,80~84세,86,93.3,통계연보 구간분포 보간
허리둘레,cm,여,80~84세,87,93.7,통계연보 구간분포 보간
허리둘레,cm,여,80~84세,88,94.1,통계연보 구간분포 보간
허리둘레,cm,여,80~84세,89,94.5,통계연보 구간분포 보간
허리둘레,cm,여,80~84세,90,94.9,통계연보 구간분포 보간
허리둘레,cm,여,80~84세,91,95.6,통계연보 구간분포 보간
허리둘레,cm,여,80~84세,92,96.4,통계연보 구간분포 보간
허리둘레,cm,여,80~84세,93,97.2,통계연보 구간분포 보간
허리둘레,cm,여,80~84세,94,98,통계연보 구간분포 보간
허리둘레,cm,여,80~84세,95,98.8,통계연보 구간분포 보간
허리둘레,cm,여,80~84세,96,99.7,통계연보 구간분포 보간
허리둘레,cm,여,80~84세,97,101.2,통계연보 구간분포 보간
허리둘레,cm,여,80~84세,98,103.3,통계연보 구간분포 보간
허리둘레,cm,여,80~84세,99,106.1,통계연보 구간분포 보간
허리둘레,cm,여,80~84세,100,125,통계연보 구간분포 보간
허리둘레,cm,남,85세이상,1,56.4,통계연보 구간분포 보간
허리둘레,cm,남,85세이상,2,57.8,통계연보 구간분포 보간
허리둘레,cm,남,85세이상,3,59.2,통계연보 구간분포 보간
허리둘레,cm,남,85세이상,4,60.7,통계연보 구간분포 보간
허리둘레,cm,남,85세이상,5,62.1,통계연보 구간분포 보간
허리둘레,cm,남,85세이상,6,63.5,통계연보 구간분포 보간
허리둘레,cm,남,85세이상,7,64.9,통계연보 구간분포 보간
허리둘레,cm,남,85세이상,8,66.3,통계연보 구간분포 보간
허리둘레,cm,남,85세이상,9,67.7,통계연보 구간분포 보간
허리둘레,cm,남,85세이상,10,69.2,통계연보 구간분포 보간
허리둘레,cm,남,85세이상,11,70.6,통계연보 구간분포 보간
허리둘레,cm,남,85세이상,12,72,통계연보 구간분포 보간
허리둘레,cm,남,85세이상,13,73.4,통계연보 구간분포 보간
허리둘레,cm,남,85세이상,14,74.8,통계연보 구간분포 보간
허리둘레,cm,남,85세이상,15,75.4,통계연보 구간분포 보간
허리둘레,cm,남,85세이상,16,75.8,통계연보 구간분포 보간
허리둘레,cm,남,85세이상,17,76.2,통계연보 구간분포 보간
허리둘레,cm,남,85세이상,18,76.7,통계연보 구간분포 보간
허리둘레,cm,남,85세이상,19,77.1,통계연보 구간분포 보간
허리둘레,cm,남,85세이상,20,77.5,통계연보 구간분포 보간
허리둘레,cm,남,85세이상,21,78,통계연보 구간분포 보간
허리둘레,cm,남,85세이상,22,78.4,통계연보 구간분포 보간
허리둘레,cm,남,85세이상,23,78.8,통계연보 구간분포 보간
허리둘레,cm,남,85세이상,24,79.3,통계연보 구간분포 보간
허리둘레,cm,남,85세이상,25,79.7,통계연보 구간분포 보간
허리둘레,cm,남,85세이상,26,80.1,통계연보 구간분포 보간
허리둘레,cm,남,85세이상,27,80.3,통계연보 구간분포 보간
허리둘레,cm,남,85세이상,28,80.6,통계연보 구간분포 보간
허리둘레,cm,남,85세이상,29,80.8,통계연보 구간분포 보간
허리둘레,cm,남,85세이상,30,81,통계연보 구간분포 보간
허리둘레,cm,남,85세이상,31,81.3,통계연보 구간분포 보간
허리둘레,cm,남,85세이상,32,81.5,통계연보 구간분포 보간
허리둘레,cm,남,85세이상,33,81.8,통계연보 구간분포 보간
허리둘레,cm,남,85세이상,34,82,통계연보 구간분포 보간
허리둘레,cm,남,85세이상,35,82.2,통계연보 구간분포 보간
허리둘레,cm,남,85세이상,36,82.5,통계연보 구간분포 보간
허리둘레,cm,남,85세이상,37,82.7,통계연보 구간분포 보간
허리둘레,cm,남,85세이상,38,83,통계연보 구간분포 보간
허리둘레,cm,남,85세이상,39,83.2,통계연보 구간분포 보간
허리둘레,cm,남,85세이상,40,83.4,통계연보 구간분포 보간
허리둘레,cm,남,85세이상,41,83.7,통계연보 구간분포 보간
허리둘레,cm,남,85세이상,42,83.9,통계연보 구간분포 보간
허리둘레,cm,남,85세이상,43,84.2,통계연보 구간분포 보간
허리둘레,cm,남,85세이상,44,84.4,통계연보 구간분포 보간
허리둘레,cm,남,85세이상,45,84.7,통계연보 구간분포 보간
허리둘레,cm,남,85세이상,46,84.9,통계연보 구간분포 보간
허리둘레,cm,남,85세이상,47,85.1,통계연보 구간분포 보간
허리둘레,cm,남,85세이상,48,85.4,통계연보 구간분포 보간
허리둘레,cm,남,85세이상,49,85.6,통계연보 구간분포 보간
허리둘레,cm,남,85세이상,50,85.8,통계연보 구간분포 보간
허리둘레,cm,남,85세이상,51,86.1,통계연보 구간분포 보간
허리둘레,cm,남,85세이상,52,86.3,통계연보 구간분포 보간
허리둘레,cm,남,85세이상,53,86.5,통계연보 구간분포 보간
허리둘레,cm,남,85세이상,54,86.7,통계연보 구간분포 보간
허리둘레,cm,남,85세이상,55,87,통계연보 구간분포 보간
허리둘레,cm,남,85세이상,56,87.2,통계연보 구간분포 보간
허리둘레,cm,남,85세이상,57,87.4,통계연보 구간분포 보간
허리둘레,cm,남,85세이상,58,87.7,통계연보 구간분포 보간
허리둘레,cm,남,85세이상,59,87.9,통계연보 구간분포 보간
허리둘레,cm,남,85세이상,60,88.1,통계연보 구간분포 보간
허리둘레,cm,남,85세이상,61,88.4,통계연보 구간분포 보간
허리둘레,cm,남,85세이상,62,88.6,통계연보 구간분포 보간
허리둘레,cm,남,85세이상,63,88.8,통계연보 구간분포 보간
허리둘레,cm,남,85세이상,64,89,통계연보 구간분포 보간
허리둘레,cm,남,85세이상,65,89.3,통계연보 구간분포 보간
허리둘레,cm,남,85세이상,66,89.5,통계연보 구간분포 보간
허리둘레,cm,남,85세이상,67,89.7,통계연보 구간분포 보간
허리둘레,cm,남,85세이상,68,90,통계연보 구간분포 보간
허리둘레,cm,남,85세이상,69,90.3,통계연보 구간분포 보간
허리둘레,cm,남,85세이상,70,90.6,통계연보 구간분포 보간
허리둘레,cm,남,85세이상,71,90.8,통계연보 구간분포 보간
허리둘레,cm,남,85세이상,72,91.1,통계연보 구간분포 보간
허리둘레,cm,남,85세이상,73,91.4,통계연보 구간분포 보간
허리둘레,cm,남,85세이상,74,91.7,통계연보 구간분포 보간
허리둘레,cm,남,85세이상,75,92,통계연보 구간분포 보간
허리둘레,cm,남,85세이상,76,92.3,통계연보 구간분포 보간
허리둘레,cm,남,85세이상,77,92.6,통계연보 구간분포 보간
허리둘레,cm,남,85세이상,78,92.9,통계연보 구간분포 보간
허리둘레,cm,남,85세이상,79,93.2,통계연보 구간분포 보간
허리둘레,cm,남,85세이상,80,93.5,통계연보 구간분포 보간
허리둘레,cm,남,85세이상,81,93.8,통계연보 구간분포 보간
허리둘레,cm,남,85세이상,82,94.1,통계연보 구간분포 보간
허리둘레,cm,남,85세이상,83,94.4,통계연보 구간분포 보간
허리둘레,cm,남,85세이상,84,94.7,통계연보 구간분포 보간
허리둘레,cm,남,85세이상,85,95,통계연보 구간분포 보간
허리둘레,cm,남,85세이상,86,95.6,통계연보 구간분포 보간
허리둘레,cm,남,85세이상,87,96.1,통계연보 구간분포 보간
허리둘레,cm,남,85세이상,88,96.7,통계연보 구간분포 보간
허리둘레,cm,남,85세이상,89,97.2,통계연보 구간분포 보간
허리둘레,cm,남,85세이상,90,97.7,통계연보 구간분포 보간
허리둘레,cm,남,85세이상,91,98.3,통계연보 구간분포 보간
허리둘레,cm,남,85세이상,92,98.8,통계연보 구간분포 보간
허리둘레,cm,남,85세이상,93,99.3,통계연보 구간분포 보간
허리둘레,cm,남,85세이상,94,99.9,통계연보 구간분포 보간
허리둘레,cm,남,85세이상,95,101,통계연보 구간분포 보간
허리둘레,cm,남,85세이상,96,102.2,통계연보 구간분포 보간
허리둘레,cm,남,85세이상,97,103.5,통계연보 구간분포 보간
허리둘레,cm,남,85세이상,98,104.7,통계연보 구간분포 보간
허리둘레,cm,남,85세이상,99,108.2,통계연보 구간분포 보간
허리둘레,cm,남,85세이상,100,125,통계연보 구간분포 보간
허리둘레,cm,여,85세이상,1,55.7,통계연보 구간분포 보간
허리둘레,cm,여,85세이상,2,56.5,통계연보 구간분포 보간
허리둘레,cm,여,85세이상,3,57.2,통계연보 구간분포 보간
허리둘레,cm,여,85세이상,4,58,통계연보 구간분포 보간
허리둘레,cm,여,85세이상,5,58.7,통계연보 구간분포 보간
허리둘레,cm,여,85세이상,6,59.5,통계연보 구간분포 보간
허리둘레,cm,여,85세이상,7,60.2,통계연보 구간분포 보간
허리둘레,cm,여,85세이상,8,61,통계연보 구간분포 보간
허리둘레,cm,여,85세이상,9,61.7,통계연보 구간분포 보간
허리둘레,cm,여,85세이상,10,62.5,통계연보 구간분포 보간
허리둘레,cm,여,85세이상,11,63.2,통계연보 구간분포 보간
허리둘레,cm,여,85세이상,12,64,통계연보 구간분포 보간
허리둘레,cm,여,85세이상,13,64.7,통계연보 구간분포 보간
허리둘레,cm,여,85세이상,14,65.5,통계연보 구간분포 보간
허리둘레,cm,여,85세이상,15,66.2,통계연보 구간분포 보간
허리둘레,cm,여,85세이상,16,66.9,통계연보 구간분포 보간
허리둘레,cm,여,85세이상,17,67.7,통계연보 구간분포 보간
허리둘레,cm,여,85세이상,18,68.4,통계연보 구간분포 보간
허리둘레,cm,여,85세이상,19,69.2,통계연보 구간분포 보간
허리둘레,cm,여,85세이상,20,69.9,통계연보 구간분포 보간
허리둘레,cm,여,85세이상,21,70.7,통계연보 구간분포 보간
허리둘레,cm,여,85세이상,22,71.4,통계연보 구간분포 보간
허리둘레,cm,여,85세이상,23,72.2,통계연보 구간분포 보간
허리둘레,cm,여,85세이상,24,72.9,통계연보 구간분포 보간
허리둘레,cm,여,85세이상,25,73.7,통계연보 구간분포 보간
허리둘레,cm,여,85세이상,26,74.4,통계연보 구간분포 보간
허리둘레,cm,여,85세이상,27,75.1,통계연보 구간분포 보간
허리둘레,cm,여,85세이상,28,75.4,통계연보 구간분포 보간
허리둘레,cm,여,85세이상,29,75.7,통계연보 구간분포 보간
허리둘레,cm,여,85세이상,30,76,통계연보 구간분포 보간
허리둘레,cm,여,85세이상,31,76.4,통계연보 구간분포 보간
허리둘레,cm,여,85세이상,32,76.7,통계연보 구간분포 보간
허리둘레,cm,여,85세이상,33,77,통계연보 구간분포 보간
허리둘레,cm,여,85세이상,34,77.3,통계연보 구간분포 보간
허리둘레,cm,여,85세이상,35,77.7,통계연보 구간분포 보간
허리둘레,cm,여,85세이상,36,78,통계연보 구간분포 보간
허리둘레,cm,여,85세이상,37,78.3,통계연보 구간분포 보간
허리둘레,cm,여,85세이상,38,78.6,통계연보 구간분포 보간
허리둘레,cm,여,85세이상,39,79,통계연보 구간분포 보간
허리둘레,cm,여,85세이상,40,79.3,통계연보 구간분포 보간
허리둘레,cm,여,85세이상,41,79.6,통계연보 구간분포 보간
허리둘레,cm,여,85세이상,42,79.9,통계연보 구간분포 보간
허리둘레,cm,여,85세이상,43,80.2,통계연보 구간분포 보간
허리둘레,cm,여,85세이상,44,80.4,통계연보 구간분포 보간
허리둘레,cm,여,85세이상,45,80.6,통계연보 구간분포 보간
허리둘레,cm,여,85세이상,46,80.9,통계연보 구간분포 보간
허리둘레,cm,여,85세이상,47,81.1,통계연보 구간분포 보간
허리둘레,cm,여,85세이상,48,81.3,통계연보 구간분포 보간
허리둘레,cm,여,85세이상,49,81.6,통계연보 구간분포 보간
허리둘레,cm,여,85세이상,50,81.8,통계연보 구간분포 보간
허리둘레,cm,여,85세이상,51,82,통계연보 구간분포 보간
허리둘레,cm,여,85세이상,52,82.3,통계연보 구간분포 보간
허리둘레,cm,여,85세이상,53,82.5,통계연보 구간분포 보간
허리둘레,cm,여,85세이상,54,82.7,통계연보 구간분포 보간
허리둘레,cm,여,85세이상,55,83,통계연보 구간분포 보간
허리둘레,cm,여,85세이상,56,83.2,통계연보 구간분포 보간
허리둘레,cm,여,85세이상,57,83.4,통계연보 구간분포 보간
허리둘레,cm,여,85세이상,58,83.7,통계연보 구간분포 보간
허리둘레,cm,여,85세이상,59,83.9,통계연보 구간분포 보간
허리둘레,cm,여,85세이상,60,84.1,통계연보 구간분포 보간
허리둘레,cm,여,85세이상,61,84.4,통계연보 구간분포 보간
허리둘레,cm,여,85세이상,62,84.6,통계연보 구간분포 보간
허리둘레,cm,여,85세이상,63,84.8,통계연보 구간분포 보간
허리둘레,cm,여,85세이상,64,85.1,통계연보 구간분포 보간
허리둘레,cm,여,85세이상,65,85.4,통계연보 구간분포 보간
허리둘레,cm,여,85세이상,66,85.7,통계연보 구간분포 보간
허리둘레,cm,여,85세이상,67,86,통계연보 구간분포 보간
허리둘레,cm,여,85세이상,68,86.3,통계연보 구간분포 보간
허리둘레,cm,여,85세이상,69,86.6,통계연보 구간분포 보간
허리둘레,cm,여,85세이상,70,86.9,통계연보 구간분포 보간
허리둘레,cm,여,85세이상,71,87.2,통계연보 구간분포 보간
허리둘레,cm,여,85세이상,72,87.5,통계연보 구간분포 보간
허리둘레,cm,여,85세이상,73,87.8,통계연보 구간분포 보간
허리둘레,cm,여,85세이상,74,88.1,통계연보 구간분포 보간
허리둘레,cm,여,85세이상,75,88.4,통계연보 구간분포 보간
허리둘레,cm,여,85세이상,76,88.7,통계연보 구간분포 보간
허리둘레,cm,여,85세이상,77,89,통계연보 구간분포 보간
허리둘레,cm,여,85세이상,78,89.3,통계연보 구간분포 보간
허리둘레,cm,여,85세이상,79,89.6,통계연보 구간분포 보간
허리둘레,cm,여,85세이상,80,89.9,통계연보 구간분포 보간
허리둘레,cm,여,85세이상,81,90.3,통계연보 구간분포 보간
허리둘레,cm,여,85세이상,82,90.8,통계연보 구간분포 보간
허리둘레,cm,여,85세이상,83,91.2,통계연보 구간분포 보간
허리둘레,cm,여,85세이상,84,91.7,통계연보 구간분포 보간
허리둘레,cm,여,85세이상,85,92.1,통계연보 구간분포 보간
허리둘레,cm,여,85세이상,86,92.6,통계연보 구간분포 보간
허리둘레,cm,여,85세이상,87,93.1,통계연보 구간분포 보간
허리둘레,cm,여,85세이상,88,93.5,통계연보 구간분포 보간
허리둘레,cm,여,85세이상,89,94,통계연보 구간분포 보간
허리둘레,cm,여,85세이상,90,94.5,통계연보 구간분포 보간
허리둘레,cm,여,85세이상,91,94.9,통계연보 구간분포 보간
허리둘레,cm,여,85세이상,92,95.8,통계연보 구간분포 보간
허리둘레,cm,여,85세이상,93,96.7,통계연보 구간분포 보간
허리둘레,cm,여,85세이상,94,97.6,통계연보 구간분포 보간
허리둘레,cm,여,85세이상,95,98.5,통계연보 구간분포 보간
허리둘레,cm,여,85세이상,96,99.4,통계연보 구간분포 보간
허리둘레,cm,여,85세이상,97,100.7,통계연보 구간분포 보간
허리둘레,cm,여,85세이상,98,102.9,통계연보 구간분포 보간
허리둘레,cm,여,85세이상,99,105.4,통계연보 구간분포 보간
허리둘레,cm,여,85세이상,100,125,통계연보 구간분포 보간
신장,cm,남,19세이하,1,160.7,통계연보 평균(19세이하)+표준편차 5.8 가정 정규분포 추정
신장,cm,남,19세이하,2,162.3,통계연보 평균(19세이하)+표준편차 5.8 가정 정규분포 추정
신장,cm,남,19세이하,3,163.3,통계연보 평균(19세이하)+표준편차 5.8 가정 정규분포 추정
신장,cm,남,19세이하,4,164,통계연보 평균(19세이하)+표준편차 5.8 가정 정규분포 추정
신장,cm,남,19세이하,5,164.7,통계연보 평균(19세이하)+표준편차 5.8 가정 정규분포 추정
신장,cm,남,19세이하,6,165.2,통계연보 평균(19세이하)+표준편차 5.8 가정 정규분포 추정
신장,cm,남,19세이하,7,165.6,통계연보 평균(19세이하)+표준편차 5.8 가정 정규분포 추정
신장,cm,남,19세이하,8,166.1,통계연보 평균(19세이하)+표준편차 5.8 가정 정규분포 추정
신장,cm,남,19세이하,9,166.4,통계연보 평균(19세이하)+표준편차 5.8 가정 정규분포 추정
신장,cm,남,19세이하,10,166.8,통계연보 평균(19세이하)+표준편차 5.8 가정 정규분포 추정
신장,cm,남,19세이하,11,167.1,통계연보 평균(19세이하)+표준편차 5.8 가정 정규분포 추정
신장,cm,남,19세이하,12,167.4,통계연보 평균(19세이하)+표준편차 5.8 가정 정규분포 추정
신장,cm,남,19세이하,13,167.7,통계연보 평균(19세이하)+표준편차 5.8 가정 정규분포 추정
신장,cm,남,19세이하,14,167.9,통계연보 평균(19세이하)+표준편차 5.8 가정 정규분포 추정
신장,cm,남,19세이하,15,168.2,통계연보 평균(19세이하)+표준편차 5.8 가정 정규분포 추정
신장,cm,남,19세이하,16,168.4,통계연보 평균(19세이하)+표준편차 5.8 가정 정규분포 추정
신장,cm,남,19세이하,17,168.7,통계연보 평균(19세이하)+표준편차 5.8 가정 정규분포 추정
신장,cm,남,19세이하,18,168.9,통계연보 평균(19세이하)+표준편차 5.8 가정 정규분포 추정
신장,cm,남,19세이하,19,169.1,통계연보 평균(19세이하)+표준편차 5.8 가정 정규분포 추정
신장,cm,남,19세이하,20,169.3,통계연보 평균(19세이하)+표준편차 5.8 가정 정규분포 추정
신장,cm,남,19세이하,21,169.5,통계연보 평균(19세이하)+표준편차 5.8 가정 정규분포 추정
신장,cm,남,19세이하,22,169.7,통계연보 평균(19세이하)+표준편차 5.8 가정 정규분포 추정
신장,cm,남,19세이하,23,169.9,통계연보 평균(19세이하)+표준편차 5.8 가정 정규분포 추정
신장,cm,남,19세이하,24,170.1,통계연보 평균(19세이하)+표준편차 5.8 가정 정규분포 추정
신장,cm,남,19세이하,25,170.3,통계연보 평균(19세이하)+표준편차 5.8 가정 정규분포 추정
신장,cm,남,19세이하,26,170.5,통계연보 평균(19세이하)+표준편차 5.8 가정 정규분포 추정
신장,cm,남,19세이하,27,170.6,통계연보 평균(19세이하)+표준편차 5.8 가정 정규분포 추정
신장,cm,남,19세이하,28,170.8,통계연보 평균(19세이하)+표준편차 5.8 가정 정규분포 추정
신장,cm,남,19세이하,29,171,통계연보 평균(19세이하)+표준편차 5.8 가정 정규분포 추정
신장,cm,남,19세이하,30,171.2,통계연보 평균(19세이하)+표준편차 5.8 가정 정규분포 추정
신장,cm,남,19세이하,31,171.3,통계연보 평균(19세이하)+표준편차 5.8 가정 정규분포 추정
신장,cm,남,19세이하,32,171.5,통계연보 평균(19세이하)+표준편차 5.8 가정 정규분포 추정
신장,cm,남,19세이하,33,171.6,통계연보 평균(19세이하)+표준편차 5.8 가정 정규분포 추정
신장,cm,남,19세이하,34,171.8,통계연보 평균(19세이하)+표준편차 5.8 가정 정규분포 추정
신장,cm,남,19세이하,35,172,통계연보 평균(19세이하)+표준편차 5.8 가정 정규분포 추정
신장,cm,남,19세이하,36,172.1,통계연보 평균(19세이하)+표준편차 5.8 가정 정규분포 추정
신장,cm,남,19세이하,37,172.3,통계연보 평균(19세이하)+표준편차 5.8 가정 정규분포 추정
신장,cm,남,19세이하,38,172.4,통계연보 평균(19세이하)+표준편차 5.8 가정 정규분포 추정
신장,cm,남,19세이하,39,172.6,통계연보 평균(19세이하)+표준편차 5.8 가정 정규분포 추정
신장,cm,남,19세이하,40,172.7,통계연보 평균(19세이하)+표준편차 5.8 가정 정규분포 추정
신장,cm,남,19세이하,41,172.9,통계연보 평균(19세이하)+표준편차 5.8 가정 정규분포 추정
신장,cm,남,19세이하,42,173,통계연보 평균(19세이하)+표준편차 5.8 가정 정규분포 추정
신장,cm,남,19세이하,43,173.2,통계연보 평균(19세이하)+표준편차 5.8 가정 정규분포 추정
신장,cm,남,19세이하,44,173.3,통계연보 평균(19세이하)+표준편차 5.8 가정 정규분포 추정
신장,cm,남,19세이하,45,173.5,통계연보 평균(19세이하)+표준편차 5.8 가정 정규분포 추정
신장,cm,남,19세이하,46,173.6,통계연보 평균(19세이하)+표준편차 5.8 가정 정규분포 추정
신장,cm,남,19세이하,47,173.8,통계연보 평균(19세이하)+표준편차 5.8 가정 정규분포 추정
신장,cm,남,19세이하,48,173.9,통계연보 평균(19세이하)+표준편차 5.8 가정 정규분포 추정
신장,cm,남,19세이하,49,174.1,통계연보 평균(19세이하)+표준편차 5.8 가정 정규분포 추정
신장,cm,남,19세이하,50,174.2,통계연보 평균(19세이하)+표준편차 5.8 가정 정규분포 추정
신장,cm,남,19세이하,51,174.3,통계연보 평균(19세이하)+표준편차 5.8 가정 정규분포 추정
신장,cm,남,19세이하,52,174.5,통계연보 평균(19세이하)+표준편차 5.8 가정 정규분포 추정
신장,cm,남,19세이하,53,174.6,통계연보 평균(19세이하)+표준편차 5.8 가정 정규분포 추정
신장,cm,남,19세이하,54,174.8,통계연보 평균(19세이하)+표준편차 5.8 가정 정규분포 추정
신장,cm,남,19세이하,55,174.9,통계연보 평균(19세이하)+표준편차 5.8 가정 정규분포 추정
신장,cm,남,19세이하,56,175.1,통계연보 평균(19세이하)+표준편차 5.8 가정 정규분포 추정
신장,cm,남,19세이하,57,175.2,통계연보 평균(19세이하)+표준편차 5.8 가정 정규분포 추정
신장,cm,남,19세이하,58,175.4,통계연보 평균(19세이하)+표준편차 5.8 가정 정규분포 추정
신장,cm,남,19세이하,59,175.5,통계연보 평균(19세이하)+표준편차 5.8 가정 정규분포 추정
신장,cm,남,19세이하,60,175.7,통계연보 평균(19세이하)+표준편차 5.8 가정 정규분포 추정
신장,cm,남,19세이하,61,175.8,통계연보 평균(19세이하)+표준편차 5.8 가정 정규분포 추정
신장,cm,남,19세이하,62,176,통계연보 평균(19세이하)+표준편차 5.8 가정 정규분포 추정
신장,cm,남,19세이하,63,176.1,통계연보 평균(19세이하)+표준편차 5.8 가정 정규분포 추정
신장,cm,남,19세이하,64,176.3,통계연보 평균(19세이하)+표준편차 5.8 가정 정규분포 추정
신장,cm,남,19세이하,65,176.4,통계연보 평균(19세이하)+표준편차 5.8 가정 정규분포 추정
신장,cm,남,19세이하,66,176.6,통계연보 평균(19세이하)+표준편차 5.8 가정 정규분포 추정
신장,cm,남,19세이하,67,176.8,통계연보 평균(19세이하)+표준편차 5.8 가정 정규분포 추정
신장,cm,남,19세이하,68,176.9,통계연보 평균(19세이하)+표준편차 5.8 가정 정규분포 추정
신장,cm,남,19세이하,69,177.1,통계연보 평균(19세이하)+표준편차 5.8 가정 정규분포 추정
신장,cm,남,19세이하,70,177.2,통계연보 평균(19세이하)+표준편차 5.8 가정 정규분포 추정
신장,cm,남,19세이하,71,177.4,통계연보 평균(19세이하)+표준편차 5.8 가정 정규분포 추정
신장,cm,남,19세이하,72,177.6,통계연보 평균(19세이하)+표준편차 5.8 가정 정규분포 추정
신장,cm,남,19세이하,73,177.8,통계연보 평균(19세이하)+표준편차 5.8 가정 정규분포 추정
신장,cm,남,19세이하,74,177.9,통계연보 평균(19세이하)+표준편차 5.8 가정 정규분포 추정
신장,cm,남,19세이하,75,178.1,통계연보 평균(19세이하)+표준편차 5.8 가정 정규분포 추정
신장,cm,남,19세이하,76,178.3,통계연보 평균(19세이하)+표준편차 5.8 가정 정규분포 추정
신장,cm,남,19세이하,77,178.5,통계연보 평균(19세이하)+표준편차 5.8 가정 정규분포 추정
신장,cm,남,19세이하,78,178.7,통계연보 평균(19세이하)+표준편차 5.8 가정 정규분포 추정
신장,cm,남,19세이하,79,178.9,통계연보 평균(19세이하)+표준편차 5.8 가정 정규분포 추정
신장,cm,남,19세이하,80,179.1,통계연보 평균(19세이하)+표준편차 5.8 가정 정규분포 추정
신장,cm,남,19세이하,81,179.3,통계연보 평균(19세이하)+표준편차 5.8 가정 정규분포 추정
신장,cm,남,19세이하,82,179.5,통계연보 평균(19세이하)+표준편차 5.8 가정 정규분포 추정
신장,cm,남,19세이하,83,179.7,통계연보 평균(19세이하)+표준편차 5.8 가정 정규분포 추정
신장,cm,남,19세이하,84,180,통계연보 평균(19세이하)+표준편차 5.8 가정 정규분포 추정
신장,cm,남,19세이하,85,180.2,통계연보 평균(19세이하)+표준편차 5.8 가정 정규분포 추정
신장,cm,남,19세이하,86,180.5,통계연보 평균(19세이하)+표준편차 5.8 가정 정규분포 추정
신장,cm,남,19세이하,87,180.7,통계연보 평균(19세이하)+표준편차 5.8 가정 정규분포 추정
신장,cm,남,19세이하,88,181,통계연보 평균(19세이하)+표준편차 5.8 가정 정규분포 추정
신장,cm,남,19세이하,89,181.3,통계연보 평균(19세이하)+표준편차 5.8 가정 정규분포 추정
신장,cm,남,19세이하,90,181.6,통계연보 평균(19세이하)+표준편차 5.8 가정 정규분포 추정
신장,cm,남,19세이하,91,182,통계연보 평균(19세이하)+표준편차 5.8 가정 정규분포 추정
신장,cm,남,19세이하,92,182.3,통계연보 평균(19세이하)+표준편차 5.8 가정 정규분포 추정
신장,cm,남,19세이하,93,182.8,통계연보 평균(19세이하)+표준편차 5.8 가정 정규분포 추정
신장,cm,남,19세이하,94,183.2,통계연보 평균(19세이하)+표준편차 5.8 가정 정규분포 추정
신장,cm,남,19세이하,95,183.7,통계연보 평균(19세이하)+표준편차 5.8 가정 정규분포 추정
신장,cm,남,19세이하,96,184.4,통계연보 평균(19세이하)+표준편차 5.8 가정 정규분포 추정
신장,cm,남,19세이하,97,185.1,통계연보 평균(19세이하)+표준편차 5.8 가정 정규분포 추정
신장,cm,남,19세이하,98,186.1,통계연보 평균(19세이하)+표준편차 5.8 가정 정규분포 추정
신장,cm,남,19세이하,99,187.7,통계연보 평균(19세이하)+표준편차 5.8 가정 정규분포 추정
신장,cm,남,19세이하,100,189.1,통계연보 평균(19세이하)+표준편차 5.8 가정 정규분포 추정
신장,cm,남,20~24세,1,160.7,통계연보 평균(20대)+표준편차 5.8 가정 정규분포 추정
신장,cm,남,20~24세,2,162.3,통계연보 평균(20대)+표준편차 5.8 가정 정규분포 추정
신장,cm,남,20~24세,3,163.3,통계연보 평균(20대)+표준편차 5.8 가정 정규분포 추정
신장,cm,남,20~24세,4,164,통계연보 평균(20대)+표준편차 5.8 가정 정규분포 추정
신장,cm,남,20~24세,5,164.7,통계연보 평균(20대)+표준편차 5.8 가정 정규분포 추정
신장,cm,남,20~24세,6,165.2,통계연보 평균(20대)+표준편차 5.8 가정 정규분포 추정
신장,cm,남,20~24세,7,165.6,통계연보 평균(20대)+표준편차 5.8 가정 정규분포 추정
신장,cm,남,20~24세,8,166.1,통계연보 평균(20대)+표준편차 5.8 가정 정규분포 추정
신장,cm,남,20~24세,9,166.4,통계연보 평균(20대)+표준편차 5.8 가정 정규분포 추정
신장,cm,남,20~24세,10,166.8,통계연보 평균(20대)+표준편차 5.8 가정 정규분포 추정
신장,cm,남,20~24세,11,167.1,통계연보 평균(20대)+표준편차 5.8 가정 정규분포 추정
신장,cm,남,20~24세,12,167.4,통계연보 평균(20대)+표준편차 5.8 가정 정규분포 추정
신장,cm,남,20~24세,13,167.7,통계연보 평균(20대)+표준편차 5.8 가정 정규분포 추정
신장,cm,남,20~24세,14,167.9,통계연보 평균(20대)+표준편차 5.8 가정 정규분포 추정
신장,cm,남,20~24세,15,168.2,통계연보 평균(20대)+표준편차 5.8 가정 정규분포 추정
신장,cm,남,20~24세,16,168.4,통계연보 평균(20대)+표준편차 5.8 가정 정규분포 추정
신장,cm,남,20~24세,17,168.7,통계연보 평균(20대)+표준편차 5.8 가정 정규분포 추정
신장,cm,남,20~24세,18,168.9,통계연보 평균(20대)+표준편차 5.8 가정 정규분포 추정
신장,cm,남,20~24세,19,169.1,통계연보 평균(20대)+표준편차 5.8 가정 정규분포 추정
신장,cm,남,20~24세,20,169.3,통계연보 평균(20대)+표준편차 5.8 가정 정규분포 추정
신장,cm,남,20~24세,21,169.5,통계연보 평균(20대)+표준편차 5.8 가정 정규분포 추정
신장,cm,남,20~24세,22,169.7,통계연보 평균(20대)+표준편차 5.8 가정 정규분포 추정
신장,cm,남,20~24세,23,169.9,통계연보 평균(20대)+표준편차 5.8 가정 정규분포 추정
신장,cm,남,20~24세,24,170.1,통계연보 평균(20대)+표준편차 5.8 가정 정규분포 추정
신장,cm,남,20~24세,25,170.3,통계연보 평균(20대)+표준편차 5.8 가정 정규분포 추정
신장,cm,남,20~24세,26,170.5,통계연보 평균(20대)+표준편차 5.8 가정 정규분포 추정
신장,cm,남,20~24세,27,170.6,통계연보 평균(20대)+표준편차 5.8 가정 정규분포 추정
신장,cm,남,20~24세,28,170.8,통계연보 평균(20대)+표준편차 5.8 가정 정규분포 추정
신장,cm,남,20~24세,29,171,통계연보 평균(20대)+표준편차 5.8 가정 정규분포 추정
신장,cm,남,20~24세,30,171.2,통계연보 평균(20대)+표준편차 5.8 가정 정규분포 추정
신장,cm,남,20~24세,31,171.3,통계연보 평균(20대)+표준편차 5.8 가정 정규분포 추정
신장,cm,남,20~24세,32,171.5,통계연보 평균(20대)+표준편차 5.8 가정 정규분포 추정
신장,cm,남,20~24세,33,171.6,통계연보 평균(20대)+표준편차 5.8 가정 정규분포 추정
신장,cm,남,20~24세,34,171.8,통계연보 평균(20대)+표준편차 5.8 가정 정규분포 추정
신장,cm,남,20~24세,35,172,통계연보 평균(20대)+표준편차 5.8 가정 정규분포 추정
신장,cm,남,20~24세,36,172.1,통계연보 평균(20대)+표준편차 5.8 가정 정규분포 추정
신장,cm,남,20~24세,37,172.3,통계연보 평균(20대)+표준편차 5.8 가정 정규분포 추정
신장,cm,남,20~24세,38,172.4,통계연보 평균(20대)+표준편차 5.8 가정 정규분포 추정
신장,cm,남,20~24세,39,172.6,통계연보 평균(20대)+표준편차 5.8 가정 정규분포 추정
신장,cm,남,20~24세,40,172.7,통계연보 평균(20대)+표준편차 5.8 가정 정규분포 추정
신장,cm,남,20~24세,41,172.9,통계연보 평균(20대)+표준편차 5.8 가정 정규분포 추정
신장,cm,남,20~24세,42,173,통계연보 평균(20대)+표준편차 5.8 가정 정규분포 추정
신장,cm,남,20~24세,43,173.2,통계연보 평균(20대)+표준편차 5.8 가정 정규분포 추정
신장,cm,남,20~24세,44,173.3,통계연보 평균(20대)+표준편차 5.8 가정 정규분포 추정
신장,cm,남,20~24세,45,173.5,통계연보 평균(20대)+표준편차 5.8 가정 정규분포 추정
신장,cm,남,20~24세,46,173.6,통계연보 평균(20대)+표준편차 5.8 가정 정규분포 추정
신장,cm,남,20~24세,47,173.8,통계연보 평균(20대)+표준편차 5.8 가정 정규분포 추정
신장,cm,남,20~24세,48,173.9,통계연보 평균(20대)+표준편차 5.8 가정 정규분포 추정
신장,cm,남,20~24세,49,174.1,통계연보 평균(20대)+표준편차 5.8 가정 정규분포 추정
신장,cm,남,20~24세,50,174.2,통계연보 평균(20대)+표준편차 5.8 가정 정규분포 추정
신장,cm,남,20~24세,51,174.3,통계연보 평균(20대)+표준편차 5.8 가정 정규분포 추정
신장,cm,남,20~24세,52,174.5,통계연보 평균(20대)+표준편차 5.8 가정 정규분포 추정
신장,cm,남,20~24세,53,174.6,통계연보 평균(20대)+표준편차 5.8 가정 정규분포 추정
신장,cm,남,20~24세,54,174.8,통계연보 평균(20대)+표준편차 5.8 가정 정규분포 추정
신장,cm,남,20~24세,55,174.9,통계연보 평균(20대)+표준편차 5.8 가정 정규분포 추정
신장,cm,남,20~24세,56,175.1,통계연보 평균(20대)+표준편차 5.8 가정 정규분포 추정
신장,cm,남,20~24세,57,175.2,통계연보 평균(20대)+표준편차 5.8 가정 정규분포 추정
신장,cm,남,20~24세,58,175.4,통계연보 평균(20대)+표준편차 5.8 가정 정규분포 추정
신장,cm,남,20~24세,59,175.5,통계연보 평균(20대)+표준편차 5.8 가정 정규분포 추정
신장,cm,남,20~24세,60,175.7,통계연보 평균(20대)+표준편차 5.8 가정 정규분포 추정
신장,cm,남,20~24세,61,175.8,통계연보 평균(20대)+표준편차 5.8 가정 정규분포 추정
신장,cm,남,20~24세,62,176,통계연보 평균(20대)+표준편차 5.8 가정 정규분포 추정
신장,cm,남,20~24세,63,176.1,통계연보 평균(20대)+표준편차 5.8 가정 정규분포 추정
신장,cm,남,20~24세,64,176.3,통계연보 평균(20대)+표준편차 5.8 가정 정규분포 추정
신장,cm,남,20~24세,65,176.4,통계연보 평균(20대)+표준편차 5.8 가정 정규분포 추정
신장,cm,남,20~24세,66,176.6,통계연보 평균(20대)+표준편차 5.8 가정 정규분포 추정
신장,cm,남,20~24세,67,176.8,통계연보 평균(20대)+표준편차 5.8 가정 정규분포 추정
신장,cm,남,20~24세,68,176.9,통계연보 평균(20대)+표준편차 5.8 가정 정규분포 추정
신장,cm,남,20~24세,69,177.1,통계연보 평균(20대)+표준편차 5.8 가정 정규분포 추정
신장,cm,남,20~24세,70,177.2,통계연보 평균(20대)+표준편차 5.8 가정 정규분포 추정
신장,cm,남,20~24세,71,177.4,통계연보 평균(20대)+표준편차 5.8 가정 정규분포 추정
신장,cm,남,20~24세,72,177.6,통계연보 평균(20대)+표준편차 5.8 가정 정규분포 추정
신장,cm,남,20~24세,73,177.8,통계연보 평균(20대)+표준편차 5.8 가정 정규분포 추정
신장,cm,남,20~24세,74,177.9,통계연보 평균(20대)+표준편차 5.8 가정 정규분포 추정
신장,cm,남,20~24세,75,178.1,통계연보 평균(20대)+표준편차 5.8 가정 정규분포 추정
신장,cm,남,20~24세,76,178.3,통계연보 평균(20대)+표준편차 5.8 가정 정규분포 추정
신장,cm,남,20~24세,77,178.5,통계연보 평균(20대)+표준편차 5.8 가정 정규분포 추정
신장,cm,남,20~24세,78,178.7,통계연보 평균(20대)+표준편차 5.8 가정 정규분포 추정
신장,cm,남,20~24세,79,178.9,통계연보 평균(20대)+표준편차 5.8 가정 정규분포 추정
신장,cm,남,20~24세,80,179.1,통계연보 평균(20대)+표준편차 5.8 가정 정규분포 추정
신장,cm,남,20~24세,81,179.3,통계연보 평균(20대)+표준편차 5.8 가정 정규분포 추정
신장,cm,남,20~24세,82,179.5,통계연보 평균(20대)+표준편차 5.8 가정 정규분포 추정
신장,cm,남,20~24세,83,179.7,통계연보 평균(20대)+표준편차 5.8 가정 정규분포 추정
신장,cm,남,20~24세,84,180,통계연보 평균(20대)+표준편차 5.8 가정 정규분포 추정
신장,cm,남,20~24세,85,180.2,통계연보 평균(20대)+표준편차 5.8 가정 정규분포 추정
신장,cm,남,20~24세,86,180.5,통계연보 평균(20대)+표준편차 5.8 가정 정규분포 추정
신장,cm,남,20~24세,87,180.7,통계연보 평균(20대)+표준편차 5.8 가정 정규분포 추정
신장,cm,남,20~24세,88,181,통계연보 평균(20대)+표준편차 5.8 가정 정규분포 추정
신장,cm,남,20~24세,89,181.3,통계연보 평균(20대)+표준편차 5.8 가정 정규분포 추정
신장,cm,남,20~24세,90,181.6,통계연보 평균(20대)+표준편차 5.8 가정 정규분포 추정
신장,cm,남,20~24세,91,182,통계연보 평균(20대)+표준편차 5.8 가정 정규분포 추정
신장,cm,남,20~24세,92,182.3,통계연보 평균(20대)+표준편차 5.8 가정 정규분포 추정
신장,cm,남,20~24세,93,182.8,통계연보 평균(20대)+표준편차 5.8 가정 정규분포 추정
신장,cm,남,20~24세,94,183.2,통계연보 평균(20대)+표준편차 5.8 가정 정규분포 추정
신장,cm,남,20~24세,95,183.7,통계연보 평균(20대)+표준편차 5.8 가정 정규분포 추정
신장,cm,남,20~24세,96,184.4,통계연보 평균(20대)+표준편차 5.8 가정 정규분포 추정
신장,cm,남,20~24세,97,185.1,통계연보 평균(20대)+표준편차 5.8 가정 정규분포 추정
신장,cm,남,20~24세,98,186.1,통계연보 평균(20대)+표준편차 5.8 가정 정규분포 추정
신장,cm,남,20~24세,99,187.7,통계연보 평균(20대)+표준편차 5.8 가정 정규분포 추정
신장,cm,남,20~24세,100,189.1,통계연보 평균(20대)+표준편차 5.8 가정 정규분포 추정
신장,cm,남,25~29세,1,160.7,통계연보 평균(20대)+표준편차 5.8 가정 정규분포 추정
신장,cm,남,25~29세,2,162.3,통계연보 평균(20대)+표준편차 5.8 가정 정규분포 추정
신장,cm,남,25~29세,3,163.3,통계연보 평균(20대)+표준편차 5.8 가정 정규분포 추정
신장,cm,남,25~29세,4,164,통계연보 평균(20대)+표준편차 5.8 가정 정규분포 추정
신장,cm,남,25~29세,5,164.7,통계연보 평균(20대)+표준편차 5.8 가정 정규분포 추정
신장,cm,남,25~29세,6,165.2,통계연보 평균(20대)+표준편차 5.8 가정 정규분포 추정
신장,cm,남,25~29세,7,165.6,통계연보 평균(20대)+표준편차 5.8 가정 정규분포 추정
신장,cm,남,25~29세,8,166.1,통계연보 평균(20대)+표준편차 5.8 가정 정규분포 추정
신장,cm,남,25~29세,9,166.4,통계연보 평균(20대)+표준편차 5.8 가정 정규분포 추정
신장,cm,남,25~29세,10,166.8,통계연보 평균(20대)+표준편차 5.8 가정 정규분포 추정
신장,cm,남,25~29세,11,167.1,통계연보 평균(20대)+표준편차 5.8 가정 정규분포 추정
신장,cm,남,25~29세,12,167.4,통계연보 평균(20대)+표준편차 5.8 가정 정규분포 추정
신장,cm,남,25~29세,13,167.7,통계연보 평균(20대)+표준편차 5.8 가정 정규분포 추정
신장,cm,남,25~29세,14,167.9,통계연보 평균(20대)+표준편차 5.8 가정 정규분포 추정
신장,cm,남,25~29세,15,168.2,통계연보 평균(20대)+표준편차 5.8 가정 정규분포 추정
신장,cm,남,25~29세,16,168.4,통계연보 평균(20대)+표준편차 5.8 가정 정규분포 추정
신장,cm,남,25~29세,17,168.7,통계연보 평균(20대)+표준편차 5.8 가정 정규분포 추정
신장,cm,남,25~29세,18,168.9,통계연보 평균(20대)+표준편차 5.8 가정 정규분포 추정
신장,cm,남,25~29세,19,169.1,통계연보 평균(20대)+표준편차 5.8 가정 정규분포 추정
신장,cm,남,25~29세,20,169.3,통계연보 평균(20대)+표준편차 5.8 가정 정규분포 추정
신장,cm,남,25~29세,21,169.5,통계연보 평균(20대)+표준편차 5.8 가정 정규분포 추정
신장,cm,남,25~29세,22,169.7,통계연보 평균(20대)+표준편차 5.8 가정 정규분포 추정
신장,cm,남,25~29세,23,169.9,통계연보 평균(20대)+표준편차 5.8 가정 정규분포 추정
신장,cm,남,25~29세,24,170.1,통계연보 평균(20대)+표준편차 5.8 가정 정규분포 추정
신장,cm,남,25~29세,25,170.3,통계연보 평균(20대)+표준편차 5.8 가정 정규분포 추정
신장,cm,남,25~29세,26,170.5,통계연보 평균(20대)+표준편차 5.8 가정 정규분포 추정
신장,cm,남,25~29세,27,170.6,통계연보 평균(20대)+표준편차 5.8 가정 정규분포 추정
신장,cm,남,25~29세,28,170.8,통계연보 평균(20대)+표준편차 5.8 가정 정규분포 추정
신장,cm,남,25~29세,29,171,통계연보 평균(20대)+표준편차 5.8 가정 정규분포 추정
신장,cm,남,25~29세,30,171.2,통계연보 평균(20대)+표준편차 5.8 가정 정규분포 추정
신장,cm,남,25~29세,31,171.3,통계연보 평균(20대)+표준편차 5.8 가정 정규분포 추정
신장,cm,남,25~29세,32,171.5,통계연보 평균(20대)+표준편차 5.8 가정 정규분포 추정
신장,cm,남,25~29세,33,171.6,통계연보 평균(20대)+표준편차 5.8 가정 정규분포 추정
신장,cm,남,25~29세,34,171.8,통계연보 평균(20대)+표준편차 5.8 가정 정규분포 추정
신장,cm,남,25~29세,35,172,통계연보 평균(20대)+표준편차 5.8 가정 정규분포 추정
신장,cm,남,25~29세,36,172.1,통계연보 평균(20대)+표준편차 5.8 가정 정규분포 추정
신장,cm,남,25~29세,37,172.3,통계연보 평균(20대)+표준편차 5.8 가정 정규분포 추정
신장,cm,남,25~29세,38,172.4,통계연보 평균(20대)+표준편차 5.8 가정 정규분포 추정
신장,cm,남,25~29세,39,172.6,통계연보 평균(20대)+표준편차 5.8 가정 정규분포 추정
신장,cm,남,25~29세,40,172.7,통계연보 평균(20대)+표준편차 5.8 가정 정규분포 추정
신장,cm,남,25~29세,41,172.9,통계연보 평균(20대)+표준편차 5.8 가정 정규분포 추정
신장,cm,남,25~29세,42,173,통계연보 평균(20대)+표준편차 5.8 가정 정규분포 추정
신장,cm,남,25~29세,43,173.2,통계연보 평균(20대)+표준편차 5.8 가정 정규분포 추정
신장,cm,남,25~29세,44,173.3,통계연보 평균(20대)+표준편차 5.8 가정 정규분포 추정
신장,cm,남,25~29세,45,173.5,통계연보 평균(20대)+표준편차 5.8 가정 정규분포 추정
신장,cm,남,25~29세,46,173.6,통계연보 평균(20대)+표준편차 5.8 가정 정규분포 추정
신장,cm,남,25~29세,47,173.8,통계연보 평균(20대)+표준편차 5.8 가정 정규분포 추정
신장,cm,남,25~29세,48,173.9,통계연보 평균(20대)+표준편차 5.8 가정 정규분포 추정
신장,cm,남,25~29세,49,174.1,통계연보 평균(20대)+표준편차 5.8 가정 정규분포 추정
신장,cm,남,25~29세,50,174.2,통계연보 평균(20대)+표준편차 5.8 가정 정규분포 추정
신장,cm,남,25~29세,51,174.3,통계연보 평균(20대)+표준편차 5.8 가정 정규분포 추정
신장,cm,남,25~29세,52,174.5,통계연보 평균(20대)+표준편차 5.8 가정 정규분포 추정
신장,cm,남,25~29세,53,174.6,통계연보 평균(20대)+표준편차 5.8 가정 정규분포 추정
신장,cm,남,25~29세,54,174.8,통계연보 평균(20대)+표준편차 5.8 가정 정규분포 추정
신장,cm,남,25~29세,55,174.9,통계연보 평균(20대)+표준편차 5.8 가정 정규분포 추정
신장,cm,남,25~29세,56,175.1,통계연보 평균(20대)+표준편차 5.8 가정 정규분포 추정
신장,cm,남,25~29세,57,175.2,통계연보 평균(20대)+표준편차 5.8 가정 정규분포 추정
신장,cm,남,25~29세,58,175.4,통계연보 평균(20대)+표준편차 5.8 가정 정규분포 추정
신장,cm,남,25~29세,59,175.5,통계연보 평균(20대)+표준편차 5.8 가정 정규분포 추정
신장,cm,남,25~29세,60,175.7,통계연보 평균(20대)+표준편차 5.8 가정 정규분포 추정
신장,cm,남,25~29세,61,175.8,통계연보 평균(20대)+표준편차 5.8 가정 정규분포 추정
신장,cm,남,25~29세,62,176,통계연보 평균(20대)+표준편차 5.8 가정 정규분포 추정
신장,cm,남,25~29세,63,176.1,통계연보 평균(20대)+표준편차 5.8 가정 정규분포 추정
신장,cm,남,25~29세,64,176.3,통계연보 평균(20대)+표준편차 5.8 가정 정규분포 추정
신장,cm,남,25~29세,65,176.4,통계연보 평균(20대)+표준편차 5.8 가정 정규분포 추정
신장,cm,남,25~29세,66,176.6,통계연보 평균(20대)+표준편차 5.8 가정 정규분포 추정
신장,cm,남,25~29세,67,176.8,통계연보 평균(20대)+표준편차 5.8 가정 정규분포 추정
신장,cm,남,25~29세,68,176.9,통계연보 평균(20대)+표준편차 5.8 가정 정규분포 추정
신장,cm,남,25~29세,69,177.1,통계연보 평균(20대)+표준편차 5.8 가정 정규분포 추정
신장,cm,남,25~29세,70,177.2,통계연보 평균(20대)+표준편차 5.8 가정 정규분포 추정
신장,cm,남,25~29세,71,177.4,통계연보 평균(20대)+표준편차 5.8 가정 정규분포 추정
신장,cm,남,25~29세,72,177.6,통계연보 평균(20대)+표준편차 5.8 가정 정규분포 추정
신장,cm,남,25~29세,73,177.8,통계연보 평균(20대)+표준편차 5.8 가정 정규분포 추정
신장,cm,남,25~29세,74,177.9,통계연보 평균(20대)+표준편차 5.8 가정 정규분포 추정
신장,cm,남,25~29세,75,178.1,통계연보 평균(20대)+표준편차 5.8 가정 정규분포 추정
신장,cm,남,25~29세,76,178.3,통계연보 평균(20대)+표준편차 5.8 가정 정규분포 추정
신장,cm,남,25~29세,77,178.5,통계연보 평균(20대)+표준편차 5.8 가정 정규분포 추정
신장,cm,남,25~29세,78,178.7,통계연보 평균(20대)+표준편차 5.8 가정 정규분포 추정
신장,cm,남,25~29세,79,178.9,통계연보 평균(20대)+표준편차 5.8 가정 정규분포 추정
신장,cm,남,25~29세,80,179.1,통계연보 평균(20대)+표준편차 5.8 가정 정규분포 추정
신장,cm,남,25~29세,81,179.3,통계연보 평균(20대)+표준편차 5.8 가정 정규분포 추정
신장,cm,남,25~29세,82,179.5,통계연보 평균(20대)+표준편차 5.8 가정 정규분포 추정
신장,cm,남,25~29세,83,179.7,통계연보 평균(20대)+표준편차 5.8 가정 정규분포 추정
신장,cm,남,25~29세,84,180,통계연보 평균(20대)+표준편차 5.8 가정 정규분포 추정
신장,cm,남,25~29세,85,180.2,통계연보 평균(20대)+표준편차 5.8 가정 정규분포 추정
신장,cm,남,25~29세,86,180.5,통계연보 평균(20대)+표준편차 5.8 가정 정규분포 추정
신장,cm,남,25~29세,87,180.7,통계연보 평균(20대)+표준편차 5.8 가정 정규분포 추정
신장,cm,남,25~29세,88,181,통계연보 평균(20대)+표준편차 5.8 가정 정규분포 추정
신장,cm,남,25~29세,89,181.3,통계연보 평균(20대)+표준편차 5.8 가정 정규분포 추정
신장,cm,남,25~29세,90,181.6,통계연보 평균(20대)+표준편차 5.8 가정 정규분포 추정
신장,cm,남,25~29세,91,182,통계연보 평균(20대)+표준편차 5.8 가정 정규분포 추정
신장,cm,남,25~29세,92,182.3,통계연보 평균(20대)+표준편차 5.8 가정 정규분포 추정
신장,cm,남,25~29세,93,182.8,통계연보 평균(20대)+표준편차 5.8 가정 정규분포 추정
신장,cm,남,25~29세,94,183.2,통계연보 평균(20대)+표준편차 5.8 가정 정규분포 추정
신장,cm,남,25~29세,95,183.7,통계연보 평균(20대)+표준편차 5.8 가정 정규분포 추정
신장,cm,남,25~29세,96,184.4,통계연보 평균(20대)+표준편차 5.8 가정 정규분포 추정
신장,cm,남,25~29세,97,185.1,통계연보 평균(20대)+표준편차 5.8 가정 정규분포 추정
신장,cm,남,25~29세,98,186.1,통계연보 평균(20대)+표준편차 5.8 가정 정규분포 추정
신장,cm,남,25~29세,99,187.7,통계연보 평균(20대)+표준편차 5.8 가정 정규분포 추정
신장,cm,남,25~29세,100,189.1,통계연보 평균(20대)+표준편차 5.8 가정 정규분포 추정
신장,cm,남,30~34세,1,161,통계연보 평균(30대)+표준편차 5.8 가정 정규분포 추정
신장,cm,남,30~34세,2,162.6,통계연보 평균(30대)+표준편차 5.8 가정 정규분포 추정
신장,cm,남,30~34세,3,163.6,통계연보 평균(30대)+표준편차 5.8 가정 정규분포 추정
신장,cm,남,30~34세,4,164.3,통계연보 평균(30대)+표준편차 5.8 가정 정규분포 추정
신장,cm,남,30~34세,5,165,통계연보 평균(30대)+표준편차 5.8 가정 정규분포 추정
신장,cm,남,30~34세,6,165.5,통계연보 평균(30대)+표준편차 5.8 가정 정규분포 추정
신장,cm,남,30~34세,7,165.9,통계연보 평균(30대)+표준편차 5.8 가정 정규분포 추정
신장,cm,남,30~34세,8,166.4,통계연보 평균(30대)+표준편차 5.8 가정 정규분포 추정
신장,cm,남,30~34세,9,166.7,통계연보 평균(30대)+표준편차 5.8 가정 정규분포 추정
신장,cm,남,30~34세,10,167.1,통계연보 평균(30대)+표준편차 5.8 가정 정규분포 추정
신장,cm,남,30~34세,11,167.4,통계연보 평균(30대)+표준편차 5.8 가정 정규분포 추정
신장,cm,남,30~34세,12,167.7,통계연보 평균(30대)+표준편차 5.8 가정 정규분포 추정
신장,cm,남,30~34세,13,168,통계연보 평균(30대)+표준편차 5.8 가정 정규분포 추정
신장,cm,남,30~34세,14,168.2,통계연보 평균(30대)+표준편차 5.8 가정 정규분포 추정
신장,cm,남,30~34세,15,168.5,통계연보 평균(30대)+표준편차 5.8 가정 정규분포 추정
신장,cm,남,30~34세,16,168.7,통계연보 평균(30대)+표준편차 5.8 가정 정규분포 추정
신장,cm,남,30~34세,17,169,통계연보 평균(30대)+표준편차 5.8 가정 정규분포 추정
신장,cm,남,30~34세,18,169.2,통계연보 평균(30대)+표준편차 5.8 가정 정규분포 추정
신장,cm,남,30~34세,19,169.4,통계연보 평균(30대)+표준편차 5.8 가정 정규분포 추정
신장,cm,남,30~34세,20,169.6,통계연보 평균(30대)+표준편차 5.8 가정 정규분포 추정
신장,cm,남,30~34세,21,169.8,통계연보 평균(30대)+표준편차 5.8 가정 정규분포 추정
신장,cm,남,30~34세,22,170,통계연보 평균(30대)+표준편차 5.8 가정 정규분포 추정
신장,cm,남,30~34세,23,170.2,통계연보 평균(30대)+표준편차 5.8 가정 정규분포 추정
신장,cm,남,30~34세,24,170.4,통계연보 평균(30대)+표준편차 5.8 가정 정규분포 추정
신장,cm,남,30~34세,25,170.6,통계연보 평균(30대)+표준편차 5.8 가정 정규분포 추정
신장,cm,남,30~34세,26,170.8,통계연보 평균(30대)+표준편차 5.8 가정 정규분포 추정
신장,cm,남,30~34세,27,170.9,통계연보 평균(30대)+표준편차 5.8 가정 정규분포 추정
신장,cm,남,30~34세,28,171.1,통계연보 평균(30대)+표준편차 5.8 가정 정규분포 추정
신장,cm,남,30~34세,29,171.3,통계연보 평균(30대)+표준편차 5.8 가정 정규분포 추정
신장,cm,남,30~34세,30,171.5,통계연보 평균(30대)+표준편차 5.8 가정 정규분포 추정
신장,cm,남,30~34세,31,171.6,통계연보 평균(30대)+표준편차 5.8 가정 정규분포 추정
신장,cm,남,30~34세,32,171.8,통계연보 평균(30대)+표준편차 5.8 가정 정규분포 추정
신장,cm,남,30~34세,33,171.9,통계연보 평균(30대)+표준편차 5.8 가정 정규분포 추정
신장,cm,남,30~34세,34,172.1,통계연보 평균(30대)+표준편차 5.8 가정 정규분포 추정
신장,cm,남,30~34세,35,172.3,통계연보 평균(30대)+표준편차 5.8 가정 정규분포 추정
신장,cm,남,30~34세,36,172.4,통계연보 평균(30대)+표준편차 5.8 가정 정규분포 추정
신장,cm,남,30~34세,37,172.6,통계연보 평균(30대)+표준편차 5.8 가정 정규분포 추정
신장,cm,남,30~34세,38,172.7,통계연보 평균(30대)+표준편차 5.8 가정 정규분포 추정
신장,cm,남,30~34세,39,172.9,통계연보 평균(30대)+표준편차 5.8 가정 정규분포 추정
신장,cm,남,30~34세,40,173,통계연보 평균(30대)+표준편차 5.8 가정 정규분포 추정
신장,cm,남,30~34세,41,173.2,통계연보 평균(30대)+표준편차 5.8 가정 정규분포 추정
신장,cm,남,30~34세,42,173.3,통계연보 평균(30대)+표준편차 5.8 가정 정규분포 추정
신장,cm,남,30~34세,43,173.5,통계연보 평균(30대)+표준편차 5.8 가정 정규분포 추정
신장,cm,남,30~34세,44,173.6,통계연보 평균(30대)+표준편차 5.8 가정 정규분포 추정
신장,cm,남,30~34세,45,173.8,통계연보 평균(30대)+표준편차 5.8 가정 정규분포 추정
신장,cm,남,30~34세,46,173.9,통계연보 평균(30대)+표준편차 5.8 가정 정규분포 추정
신장,cm,남,30~34세,47,174.1,통계연보 평균(30대)+표준편차 5.8 가정 정규분포 추정
신장,cm,남,30~34세,48,174.2,통계연보 평균(30대)+표준편차 5.8 가정 정규분포 추정
신장,cm,남,30~34세,49,174.4,통계연보 평균(30대)+표준편차 5.8 가정 정규분포 추정
신장,cm,남,30~34세,50,174.5,통계연보 평균(30대)+표준편차 5.8 가정 정규분포 추정
신장,cm,남,30~34세,51,174.6,통계연보 평균(30대)+표준편차 5.8 가정 정규분포 추정
신장,cm,남,30~34세,52,174.8,통계연보 평균(30대)+표준편차 5.8 가정 정규분포 추정
신장,cm,남,30~34세,53,174.9,통계연보 평균(30대)+표준편차 5.8 가정 정규분포 추정
신장,cm,남,30~34세,54,175.1,통계연보 평균(30대)+표준편차 5.8 가정 정규분포 추정
신장,cm,남,30~34세,55,175.2,통계연보 평균(30대)+표준편차 5.8 가정 정규분포 추정
신장,cm,남,30~34세,56,175.4,통계연보 평균(30대)+표준편차 5.8 가정 정규분포 추정
신장,cm,남,30~34세,57,175.5,통계연보 평균(30대)+표준편차 5.8 가정 정규분포 추정
신장,cm,남,30~34세,58,175.7,통계연보 평균(30대)+표준편차 5.8 가정 정규분포 추정
신장,cm,남,30~34세,59,175.8,통계연보 평균(30대)+표준편차 5.8 가정 정규분포 추정
신장,cm,남,30~34세,60,176,통계연보 평균(30대)+표준편차 5.8 가정 정규분포 추정
신장,cm,남,30~34세,61,176.1,통계연보 평균(30대)+표준편차 5.8 가정 정규분포 추정
신장,cm,남,30~34세,62,176.3,통계연보 평균(30대)+표준편차 5.8 가정 정규분포 추정
신장,cm,남,30~34세,63,176.4,통계연보 평균(30대)+표준편차 5.8 가정 정규분포 추정
신장,cm,남,30~34세,64,176.6,통계연보 평균(30대)+표준편차 5.8 가정 정규분포 추정
신장,cm,남,30~34세,65,176.7,통계연보 평균(30대)+표준편차 5.8 가정 정규분포 추정
신장,cm,남,30~34세,66,176.9,통계연보 평균(30대)+표준편차 5.8 가정 정규분포 추정
신장,cm,남,30~34세,67,177.1,통계연보 평균(30대)+표준편차 5.8 가정 정규분포 추정
신장,cm,남,30~34세,68,177.2,통계연보 평균(30대)+표준편차 5.8 가정 정규분포 추정
신장,cm,남,30~34세,69,177.4,통계연보 평균(30대)+표준편차 5.8 가정 정규분포 추정
신장,cm,남,30~34세,70,177.5,통계연보 평균(30대)+표준편차 5.8 가정 정규분포 추정
신장,cm,남,30~34세,71,177.7,통계연보 평균(30대)+표준편차 5.8 가정 정규분포 추정
신장,cm,남,30~34세,72,177.9,통계연보 평균(30대)+표준편차 5.8 가정 정규분포 추정
신장,cm,남,30~34세,73,178.1,통계연보 평균(30대)+표준편차 5.8 가정 정규분포 추정
신장,cm,남,30~34세,74,178.2,통계연보 평균(30대)+표준편차 5.8 가정 정규분포 추정
신장,cm,남,30~34세,75,178.4,통계연보 평균(30대)+표준편차 5.8 가정 정규분포 추정
신장,cm,남,30~34세,76,178.6,통계연보 평균(30대)+표준편차 5.8 가정 정규분포 추정
신장,cm,남,30~34세,77,178.8,통계연보 평균(30대)+표준편차 5.8 가정 정규분포 추정
신장,cm,남,30~34세,78,179,통계연보 평균(30대)+표준편차 5.8 가정 정규분포 추정
신장,cm,남,30~34세,79,179.2,통계연보 평균(30대)+표준편차 5.8 가정 정규분포 추정
신장,cm,남,30~34세,80,179.4,통계연보 평균(30대)+표준편차 5.8 가정 정규분포 추정
신장,cm,남,30~34세,81,179.6,통계연보 평균(30대)+표준편차 5.8 가정 정규분포 추정
신장,cm,남,30~34세,82,179.8,통계연보 평균(30대)+표준편차 5.8 가정 정규분포 추정
신장,cm,남,30~34세,83,180,통계연보 평균(30대)+표준편차 5.8 가정 정규분포 추정
신장,cm,남,30~34세,84,180.3,통계연보 평균(30대)+표준편차 5.8 가정 정규분포 추정
신장,cm,남,30~34세,85,180.5,통계연보 평균(30대)+표준편차 5.8 가정 정규분포 추정
신장,cm,남,30~34세,86,180.8,통계연보 평균(30대)+표준편차 5.8 가정 정규분포 추정
신장,cm,남,30~34세,87,181,통계연보 평균(30대)+표준편차 5.8 가정 정규분포 추정
신장,cm,남,30~34세,88,181.3,통계연보 평균(30대)+표준편차 5.8 가정 정규분포 추정
신장,cm,남,30~34세,89,181.6,통계연보 평균(30대)+표준편차 5.8 가정 정규분포 추정
신장,cm,남,30~34세,90,181.9,통계연보 평균(30대)+표준편차 5.8 가정 정규분포 추정
신장,cm,남,30~34세,91,182.3,통계연보 평균(30대)+표준편차 5.8 가정 정규분포 추정
신장,cm,남,30~34세,92,182.6,통계연보 평균(30대)+표준편차 5.8 가정 정규분포 추정
신장,cm,남,30~34세,93,183.1,통계연보 평균(30대)+표준편차 5.8 가정 정규분포 추정
신장,cm,남,30~34세,94,183.5,통계연보 평균(30대)+표준편차 5.8 가정 정규분포 추정
신장,cm,남,30~34세,95,184,통계연보 평균(30대)+표준편차 5.8 가정 정규분포 추정
신장,cm,남,30~34세,96,184.7,통계연보 평균(30대)+표준편차 5.8 가정 정규분포 추정
신장,cm,남,30~34세,97,185.4,통계연보 평균(30대)+표준편차 5.8 가정 정규분포 추정
신장,cm,남,30~34세,98,186.4,통계연보 평균(30대)+표준편차 5.8 가정 정규분포 추정
신장,cm,남,30~34세,99,188,통계연보 평균(30대)+표준편차 5.8 가정 정규분포 추정
신장,cm,남,30~34세,100,189.4,통계연보 평균(30대)+표준편차 5.8 가정 정규분포 추정
신장,cm,남,35~39세,1,161,통계연보 평균(30대)+표준편차 5.8 가정 정규분포 추정
신장,cm,남,35~39세,2,162.6,통계연보 평균(30대)+표준편차 5.8 가정 정규분포 추정
신장,cm,남,35~39세,3,163.6,통계연보 평균(30대)+표준편차 5.8 가정 정규분포 추정
신장,cm,남,35~39세,4,164.3,통계연보 평균(30대)+표준편차 5.8 가정 정규분포 추정
신장,cm,남,35~39세,5,165,통계연보 평균(30대)+표준편차 5.8 가정 정규분포 추정
신장,cm,남,35~39세,6,165.5,통계연보 평균(30대)+표준편차 5.8 가정 정규분포 추정
신장,cm,남,35~39세,7,165.9,통계연보 평균(30대)+표준편차 5.8 가정 정규분포 추정
신장,cm,남,35~39세,8,166.4,통계연보 평균(30대)+표준편차 5.8 가정 정규분포 추정
신장,cm,남,35~39세,9,166.7,통계연보 평균(30대)+표준편차 5.8 가정 정규분포 추정
신장,cm,남,35~39세,10,167.1,통계연보 평균(30대)+표준편차 5.8 가정 정규분포 추정
신장,cm,남,35~39세,11,167.4,통계연보 평균(30대)+표준편차 5.8 가정 정규분포 추정
신장,cm,남,35~39세,12,167.7,통계연보 평균(30대)+표준편차 5.8 가정 정규분포 추정
신장,cm,남,35~39세,13,168,통계연보 평균(30대)+표준편차 5.8 가정 정규분포 추정
신장,cm,남,35~39세,14,168.2,통계연보 평균(30대)+표준편차 5.8 가정 정규분포 추정
신장,cm,남,35~39세,15,168.5,통계연보 평균(30대)+표준편차 5.8 가정 정규분포 추정
신장,cm,남,35~39세,16,168.7,통계연보 평균(30대)+표준편차 5.8 가정 정규분포 추정
신장,cm,남,35~39세,17,169,통계연보 평균(30대)+표준편차 5.8 가정 정규분포 추정
신장,cm,남,35~39세,18,169.2,통계연보 평균(30대)+표준편차 5.8 가정 정규분포 추정
신장,cm,남,35~39세,19,169.4,통계연보 평균(30대)+표준편차 5.8 가정 정규분포 추정
신장,cm,남,35~39세,20,169.6,통계연보 평균(30대)+표준편차 5.8 가정 정규분포 추정
신장,cm,남,35~39세,21,169.8,통계연보 평균(30대)+표준편차 5.8 가정 정규분포 추정
신장,cm,남,35~39세,22,170,통계연보 평균(30대)+표준편차 5.8 가정 정규분포 추정
신장,cm,남,35~39세,23,170.2,통계연보 평균(30대)+표준편차 5.8 가정 정규분포 추정
신장,cm,남,35~39세,24,170.4,통계연보 평균(30대)+표준편차 5.8 가정 정규분포 추정
신장,cm,남,35~39세,25,170.6,통계연보 평균(30대)+표준편차 5.8 가정 정규분포 추정
신장,cm,남,35~39세,26,170.8,통계연보 평균(30대)+표준편차 5.8 가정 정규분포 추정
신장,cm,남,35~39세,27,170.9,통계연보 평균(30대)+표준편차 5.8 가정 정규분포 추정
신장,cm,남,35~39세,28,171.1,통계연보 평균(30대)+표준편차 5.8 가정 정규분포 추정
신장,cm,남,35~39세,29,171.3,통계연보 평균(30대)+표준편차 5.8 가정 정규분포 추정
신장,cm,남,35~39세,30,171.5,통계연보 평균(30대)+표준편차 5.8 가정 정규분포 추정
신장,cm,남,35~39세,31,171.6,통계연보 평균(30대)+표준편차 5.8 가정 정규분포 추정
신장,cm,남,35~39세,32,171.8,통계연보 평균(30대)+표준편차 5.8 가정 정규분포 추정
신장,cm,남,35~39세,33,171.9,통계연보 평균(30대)+표준편차 5.8 가정 정규분포 추정
신장,cm,남,35~39세,34,172.1,통계연보 평균(30대)+표준편차 5.8 가정 정규분포 추정
신장,cm,남,35~39세,35,172.3,통계연보 평균(30대)+표준편차 5.8 가정 정규분포 추정
신장,cm,남,35~39세,36,172.4,통계연보 평균(30대)+표준편차 5.8 가정 정규분포 추정
신장,cm,남,35~39세,37,172.6,통계연보 평균(30대)+표준편차 5.8 가정 정규분포 추정
신장,cm,남,35~39세,38,172.7,통계연보 평균(30대)+표준편차 5.8 가정 정규분포 추정
신장,cm,남,35~39세,39,172.9,통계연보 평균(30대)+표준편차 5.8 가정 정규분포 추정
신장,cm,남,35~39세,40,173,통계연보 평균(30대)+표준편차 5.8 가정 정규분포 추정
신장,cm,남,35~39세,41,173.2,통계연보 평균(30대)+표준편차 5.8 가정 정규분포 추정
신장,cm,남,35~39세,42,173.3,통계연보 평균(30대)+표준편차 5.8 가정 정규분포 추정
신장,cm,남,35~39세,43,173.5,통계연보 평균(30대)+표준편차 5.8 가정 정규분포 추정
신장,cm,남,35~39세,44,173.6,통계연보 평균(30대)+표준편차 5.8 가정 정규분포 추정
신장,cm,남,35~39세,45,173.8,통계연보 평균(30대)+표준편차 5.8 가정 정규분포 추정
신장,cm,남,35~39세,46,173.9,통계연보 평균(30대)+표준편차 5.8 가정 정규분포 추정
신장,cm,남,35~39세,47,174.1,통계연보 평균(30대)+표준편차 5.8 가정 정규분포 추정
신장,cm,남,35~39세,48,174.2,통계연보 평균(30대)+표준편차 5.8 가정 정규분포 추정
신장,cm,남,35~39세,49,174.4,통계연보 평균(30대)+표준편차 5.8 가정 정규분포 추정
신장,cm,남,35~39세,50,174.5,통계연보 평균(30대)+표준편차 5.8 가정 정규분포 추정
신장,cm,남,35~39세,51,174.6,통계연보 평균(30대)+표준편차 5.8 가정 정규분포 추정
신장,cm,남,35~39세,52,174.8,통계연보 평균(30대)+표준편차 5.8 가정 정규분포 추정
신장,cm,남,35~39세,53,174.9,통계연보 평균(30대)+표준편차 5.8 가정 정규분포 추정
신장,cm,남,35~39세,54,175.1,통계연보 평균(30대)+표준편차 5.8 가정 정규분포 추정
신장,cm,남,35~39세,55,175.2,통계연보 평균(30대)+표준편차 5.8 가정 정규분포 추정
신장,cm,남,35~39세,56,175.4,통계연보 평균(30대)+표준편차 5.8 가정 정규분포 추정
신장,cm,남,35~39세,57,175.5,통계연보 평균(30대)+표준편차 5.8 가정 정규분포 추정
신장,cm,남,35~39세,58,175.7,통계연보 평균(30대)+표준편차 5.8 가정 정규분포 추정
신장,cm,남,35~39세,59,175.8,통계연보 평균(30대)+표준편차 5.8 가정 정규분포 추정
신장,cm,남,35~39세,60,176,통계연보 평균(30대)+표준편차 5.8 가정 정규분포 추정
신장,cm,남,35~39세,61,176.1,통계연보 평균(30대)+표준편차 5.8 가정 정규분포 추정
신장,cm,남,35~39세,62,176.3,통계연보 평균(30대)+표준편차 5.8 가정 정규분포 추정
신장,cm,남,35~39세,63,176.4,통계연보 평균(30대)+표준편차 5.8 가정 정규분포 추정
신장,cm,남,35~39세,64,176.6,통계연보 평균(30대)+표준편차 5.8 가정 정규분포 추정
신장,cm,남,35~39세,65,176.7,통계연보 평균(30대)+표준편차 5.8 가정 정규분포 추정
신장,cm,남,35~39세,66,176.9,통계연보 평균(30대)+표준편차 5.8 가정 정규분포 추정
신장,cm,남,35~39세,67,177.1,통계연보 평균(30대)+표준편차 5.8 가정 정규분포 추정
신장,cm,남,35~39세,68,177.2,통계연보 평균(30대)+표준편차 5.8 가정 정규분포 추정
신장,cm,남,35~39세,69,177.4,통계연보 평균(30대)+표준편차 5.8 가정 정규분포 추정
신장,cm,남,35~39세,70,177.5,통계연보 평균(30대)+표준편차 5.8 가정 정규분포 추정
신장,cm,남,35~39세,71,177.7,통계연보 평균(30대)+표준편차 5.8 가정 정규분포 추정
신장,cm,남,35~39세,72,177.9,통계연보 평균(30대)+표준편차 5.8 가정 정규분포 추정
신장,cm,남,35~39세,73,178.1,통계연보 평균(30대)+표준편차 5.8 가정 정규분포 추정
신장,cm,남,35~39세,74,178.2,통계연보 평균(30대)+표준편차 5.8 가정 정규분포 추정
신장,cm,남,35~39세,75,178.4,통계연보 평균(30대)+표준편차 5.8 가정 정규분포 추정
신장,cm,남,35~39세,76,178.6,통계연보 평균(30대)+표준편차 5.8 가정 정규분포 추정
신장,cm,남,35~39세,77,178.8,통계연보 평균(30대)+표준편차 5.8 가정 정규분포 추정
신장,cm,남,35~39세,78,179,통계연보 평균(30대)+표준편차 5.8 가정 정규분포 추정
신장,cm,남,35~39세,79,179.2,통계연보 평균(30대)+표준편차 5.8 가정 정규분포 추정
신장,cm,남,35~39세,80,179.4,통계연보 평균(30대)+표준편차 5.8 가정 정규분포 추정
신장,cm,남,35~39세,81,179.6,통계연보 평균(30대)+표준편차 5.8 가정 정규분포 추정
신장,cm,남,35~39세,82,179.8,통계연보 평균(30대)+표준편차 5.8 가정 정규분포 추정
신장,cm,남,35~39세,83,180,통계연보 평균(30대)+표준편차 5.8 가정 정규분포 추정
신장,cm,남,35~39세,84,180.3,통계연보 평균(30대)+표준편차 5.8 가정 정규분포 추정
신장,cm,남,35~39세,85,180.5,통계연보 평균(30대)+표준편차 5.8 가정 정규분포 추정
신장,cm,남,35~39세,86,180.8,통계연보 평균(30대)+표준편차 5.8 가정 정규분포 추정
신장,cm,남,35~39세,87,181,통계연보 평균(30대)+표준편차 5.8 가정 정규분포 추정
신장,cm,남,35~39세,88,181.3,통계연보 평균(30대)+표준편차 5.8 가정 정규분포 추정
신장,cm,남,35~39세,89,181.6,통계연보 평균(30대)+표준편차 5.8 가정 정규분포 추정
신장,cm,남,35~39세,90,181.9,통계연보 평균(30대)+표준편차 5.8 가정 정규분포 추정
신장,cm,남,35~39세,91,182.3,통계연보 평균(30대)+표준편차 5.8 가정 정규분포 추정
신장,cm,남,35~39세,92,182.6,통계연보 평균(30대)+표준편차 5.8 가정 정규분포 추정
신장,cm,남,35~39세,93,183.1,통계연보 평균(30대)+표준편차 5.8 가정 정규분포 추정
신장,cm,남,35~39세,94,183.5,통계연보 평균(30대)+표준편차 5.8 가정 정규분포 추정
신장,cm,남,35~39세,95,184,통계연보 평균(30대)+표준편차 5.8 가정 정규분포 추정
신장,cm,남,35~39세,96,184.7,통계연보 평균(30대)+표준편차 5.8 가정 정규분포 추정
신장,cm,남,35~39세,97,185.4,통계연보 평균(30대)+표준편차 5.8 가정 정규분포 추정
신장,cm,남,35~39세,98,186.4,통계연보 평균(30대)+표준편차 5.8 가정 정규분포 추정
신장,cm,남,35~39세,99,188,통계연보 평균(30대)+표준편차 5.8 가정 정규분포 추정
신장,cm,남,35~39세,100,189.4,통계연보 평균(30대)+표준편차 5.8 가정 정규분포 추정
신장,cm,남,40~44세,1,160.4,통계연보 평균(40대)+표준편차 5.8 가정 정규분포 추정
신장,cm,남,40~44세,2,162,통계연보 평균(40대)+표준편차 5.8 가정 정규분포 추정
신장,cm,남,40~44세,3,163,통계연보 평균(40대)+표준편차 5.8 가정 정규분포 추정
신장,cm,남,40~44세,4,163.7,통계연보 평균(40대)+표준편차 5.8 가정 정규분포 추정
신장,cm,남,40~44세,5,164.4,통계연보 평균(40대)+표준편차 5.8 가정 정규분포 추정
신장,cm,남,40~44세,6,164.9,통계연보 평균(40대)+표준편차 5.8 가정 정규분포 추정
신장,cm,남,40~44세,7,165.3,통계연보 평균(40대)+표준편차 5.8 가정 정규분포 추정
신장,cm,남,40~44세,8,165.8,통계연보 평균(40대)+표준편차 5.8 가정 정규분포 추정
신장,cm,남,40~44세,9,166.1,통계연보 평균(40대)+표준편차 5.8 가정 정규분포 추정
신장,cm,남,40~44세,10,166.5,통계연보 평균(40대)+표준편차 5.8 가정 정규분포 추정
신장,cm,남,40~44세,11,166.8,통계연보 평균(40대)+표준편차 5.8 가정 정규분포 추정
신장,cm,남,40~44세,12,167.1,통계연보 평균(40대)+표준편차 5.8 가정 정규분포 추정
신장,cm,남,40~44세,13,167.4,통계연보 평균(40대)+표준편차 5.8 가정 정규분포 추정
신장,cm,남,40~44세,14,167.6,통계연보 평균(40대)+표준편차 5.8 가정 정규분포 추정
신장,cm,남,40~44세,15,167.9,통계연보 평균(40대)+표준편차 5.8 가정 정규분포 추정
신장,cm,남,40~44세,16,168.1,통계연보 평균(40대)+표준편차 5.8 가정 정규분포 추정
신장,cm,남,40~44세,17,168.4,통계연보 평균(40대)+표준편차 5.8 가정 정규분포 추정
신장,cm,남,40~44세,18,168.6,통계연보 평균(40대)+표준편차 5.8 가정 정규분포 추정
신장,cm,남,40~44세,19,168.8,통계연보 평균(40대)+표준편차 5.8 가정 정규분포 추정
신장,cm,남,40~44세,20,169,통계연보 평균(40대)+표준편차 5.8 가정 정규분포 추정
신장,cm,남,40~44세,21,169.2,통계연보 평균(40대)+표준편차 5.8 가정 정규분포 추정
신장,cm,남,40~44세,22,169.4,통계연보 평균(40대)+표준편차 5.8 가정 정규분포 추정
신장,cm,남,40~44세,23,169.6,통계연보 평균(40대)+표준편차 5.8 가정 정규분포 추정
신장,cm,남,40~44세,24,169.8,통계연보 평균(40대)+표준편차 5.8 가정 정규분포 추정
신장,cm,남,40~44세,25,170,통계연보 평균(40대)+표준편차 5.8 가정 정규분포 추정
신장,cm,남,40~44세,26,170.2,통계연보 평균(40대)+표준편차 5.8 가정 정규분포 추정
신장,cm,남,40~44세,27,170.3,통계연보 평균(40대)+표준편차 5.8 가정 정규분포 추정
신장,cm,남,40~44세,28,170.5,통계연보 평균(40대)+표준편차 5.8 가정 정규분포 추정
신장,cm,남,40~44세,29,170.7,통계연보 평균(40대)+표준편차 5.8 가정 정규분포 추정
신장,cm,남,40~44세,30,170.9,통계연보 평균(40대)+표준편차 5.8 가정 정규분포 추정
신장,cm,남,40~44세,31,171,통계연보 평균(40대)+표준편차 5.8 가정 정규분포 추정
신장,cm,남,40~44세,32,171.2,통계연보 평균(40대)+표준편차 5.8 가정 정규분포 추정
신장,cm,남,40~44세,33,171.3,통계연보 평균(40대)+표준편차 5.8 가정 정규분포 추정
신장,cm,남,40~44세,34,171.5,통계연보 평균(40대)+표준편차 5.8 가정 정규분포 추정
신장,cm,남,40~44세,35,171.7,통계연보 평균(40대)+표준편차 5.8 가정 정규분포 추정
신장,cm,남,40~44세,36,171.8,통계연보 평균(40대)+표준편차 5.8 가정 정규분포 추정
신장,cm,남,40~44세,37,172,통계연보 평균(40대)+표준편차 5.8 가정 정규분포 추정
신장,cm,남,40~44세,38,172.1,통계연보 평균(40대)+표준편차 5.8 가정 정규분포 추정
신장,cm,남,40~44세,39,172.3,통계연보 평균(40대)+표준편차 5.8 가정 정규분포 추정
신장,cm,남,40~44세,40,172.4,통계연보 평균(40대)+표준편차 5.8 가정 정규분포 추정
신장,cm,남,40~44세,41,172.6,통계연보 평균(40대)+표준편차 5.8 가정 정규분포 추정
신장,cm,남,40~44세,42,172.7,통계연보 평균(40대)+표준편차 5.8 가정 정규분포 추정
신장,cm,남,40~44세,43,172.9,통계연보 평균(40대)+표준편차 5.8 가정 정규분포 추정
신장,cm,남,40~44세,44,173,통계연보 평균(40대)+표준편차 5.8 가정 정규분포 추정
신장,cm,남,40~44세,45,173.2,통계연보 평균(40대)+표준편차 5.8 가정 정규분포 추정
신장,cm,남,40~44세,46,173.3,통계연보 평균(40대)+표준편차 5.8 가정 정규분포 추정
신장,cm,남,40~44세,47,173.5,통계연보 평균(40대)+표준편차 5.8 가정 정규분포 추정
신장,cm,남,40~44세,48,173.6,통계연보 평균(40대)+표준편차 5.8 가정 정규분포 추정
신장,cm,남,40~44세,49,173.8,통계연보 평균(40대)+표준편차 5.8 가정 정규분포 추정
신장,cm,남,40~44세,50,173.9,통계연보 평균(40대)+표준편차 5.8 가정 정규분포 추정
신장,cm,남,40~44세,51,174,통계연보 평균(40대)+표준편차 5.8 가정 정규분포 추정
신장,cm,남,40~44세,52,174.2,통계연보 평균(40대)+표준편차 5.8 가정 정규분포 추정
신장,cm,남,40~44세,53,174.3,통계연보 평균(40대)+표준편차 5.8 가정 정규분포 추정
신장,cm,남,40~44세,54,174.5,통계연보 평균(40대)+표준편차 5.8 가정 정규분포 추정
신장,cm,남,40~44세,55,174.6,통계연보 평균(40대)+표준편차 5.8 가정 정규분포 추정
신장,cm,남,40~44세,56,174.8,통계연보 평균(40대)+표준편차 5.8 가정 정규분포 추정
신장,cm,남,40~44세,57,174.9,통계연보 평균(40대)+표준편차 5.8 가정 정규분포 추정
신장,cm,남,40~44세,58,175.1,통계연보 평균(40대)+표준편차 5.8 가정 정규분포 추정
신장,cm,남,40~44세,59,175.2,통계연보 평균(40대)+표준편차 5.8 가정 정규분포 추정
신장,cm,남,40~44세,60,175.4,통계연보 평균(40대)+표준편차 5.8 가정 정규분포 추정
신장,cm,남,40~44세,61,175.5,통계연보 평균(40대)+표준편차 5.8 가정 정규분포 추정
신장,cm,남,40~44세,62,175.7,통계연보 평균(40대)+표준편차 5.8 가정 정규분포 추정
신장,cm,남,40~44세,63,175.8,통계연보 평균(40대)+표준편차 5.8 가정 정규분포 추정
신장,cm,남,40~44세,64,176,통계연보 평균(40대)+표준편차 5.8 가정 정규분포 추정
신장,cm,남,40~44세,65,176.1,통계연보 평균(40대)+표준편차 5.8 가정 정규분포 추정
신장,cm,남,40~44세,66,176.3,통계연보 평균(40대)+표준편차 5.8 가정 정규분포 추정
신장,cm,남,40~44세,67,176.5,통계연보 평균(40대)+표준편차 5.8 가정 정규분포 추정
신장,cm,남,40~44세,68,176.6,통계연보 평균(40대)+표준편차 5.8 가정 정규분포 추정
신장,cm,남,40~44세,69,176.8,통계연보 평균(40대)+표준편차 5.8 가정 정규분포 추정
신장,cm,남,40~44세,70,176.9,통계연보 평균(40대)+표준편차 5.8 가정 정규분포 추정
신장,cm,남,40~44세,71,177.1,통계연보 평균(40대)+표준편차 5.8 가정 정규분포 추정
신장,cm,남,40~44세,72,177.3,통계연보 평균(40대)+표준편차 5.8 가정 정규분포 추정
신장,cm,남,40~44세,73,177.5,통계연보 평균(40대)+표준편차 5.8 가정 정규분포 추정
신장,cm,남,40~44세,74,177.6,통계연보 평균(40대)+표준편차 5.8 가정 정규분포 추정
신장,cm,남,40~44세,75,177.8,통계연보 평균(40대)+표준편차 5.8 가정 정규분포 추정
신장,cm,남,40~44세,76,178,통계연보 평균(40대)+표준편차 5.8 가정 정규분포 추정
신장,cm,남,40~44세,77,178.2,통계연보 평균(40대)+표준편차 5.8 가정 정규분포 추정
신장,cm,남,40~44세,78,178.4,통계연보 평균(40대)+표준편차 5.8 가정 정규분포 추정
신장,cm,남,40~44세,79,178.6,통계연보 평균(40대)+표준편차 5.8 가정 정규분포 추정
신장,cm,남,40~44세,80,178.8,통계연보 평균(40대)+표준편차 5.8 가정 정규분포 추정
신장,cm,남,40~44세,81,179,통계연보 평균(40대)+표준편차 5.8 가정 정규분포 추정
신장,cm,남,40~44세,82,179.2,통계연보 평균(40대)+표준편차 5.8 가정 정규분포 추정
신장,cm,남,40~44세,83,179.4,통계연보 평균(40대)+표준편차 5.8 가정 정규분포 추정
신장,cm,남,40~44세,84,179.7,통계연보 평균(40대)+표준편차 5.8 가정 정규분포 추정
신장,cm,남,40~44세,85,179.9,통계연보 평균(40대)+표준편차 5.8 가정 정규분포 추정
신장,cm,남,40~44세,86,180.2,통계연보 평균(40대)+표준편차 5.8 가정 정규분포 추정
신장,cm,남,40~44세,87,180.4,통계연보 평균(40대)+표준편차 5.8 가정 정규분포 추정
신장,cm,남,40~44세,88,180.7,통계연보 평균(40대)+표준편차 5.8 가정 정규분포 추정
신장,cm,남,40~44세,89,181,통계연보 평균(40대)+표준편차 5.8 가정 정규분포 추정
신장,cm,남,40~44세,90,181.3,통계연보 평균(40대)+표준편차 5.8 가정 정규분포 추정
신장,cm,남,40~44세,91,181.7,통계연보 평균(40대)+표준편차 5.8 가정 정규분포 추정
신장,cm,남,40~44세,92,182,통계연보 평균(40대)+표준편차 5.8 가정 정규분포 추정
신장,cm,남,40~44세,93,182.5,통계연보 평균(40대)+표준편차 5.8 가정 정규분포 추정
신장,cm,남,40~44세,94,182.9,통계연보 평균(40대)+표준편차 5.8 가정 정규분포 추정
신장,cm,남,40~44세,95,183.4,통계연보 평균(40대)+표준편차 5.8 가정 정규분포 추정
신장,cm,남,40~44세,96,184.1,통계연보 평균(40대)+표준편차 5.8 가정 정규분포 추정
신장,cm,남,40~44세,97,184.8,통계연보 평균(40대)+표준편차 5.8 가정 정규분포 추정
신장,cm,남,40~44세,98,185.8,통계연보 평균(40대)+표준편차 5.8 가정 정규분포 추정
신장,cm,남,40~44세,99,187.4,통계연보 평균(40대)+표준편차 5.8 가정 정규분포 추정
신장,cm,남,40~44세,100,188.8,통계연보 평균(40대)+표준편차 5.8 가정 정규분포 추정
신장,cm,남,45~49세,1,160.4,통계연보 평균(40대)+표준편차 5.8 가정 정규분포 추정
신장,cm,남,45~49세,2,162,통계연보 평균(40대)+표준편차 5.8 가정 정규분포 추정
신장,cm,남,45~49세,3,163,통계연보 평균(40대)+표준편차 5.8 가정 정규분포 추정
신장,cm,남,45~49세,4,163.7,통계연보 평균(40대)+표준편차 5.8 가정 정규분포 추정
신장,cm,남,45~49세,5,164.4,통계연보 평균(40대)+표준편차 5.8 가정 정규분포 추정
신장,cm,남,45~49세,6,164.9,통계연보 평균(40대)+표준편차 5.8 가정 정규분포 추정
신장,cm,남,45~49세,7,165.3,통계연보 평균(40대)+표준편차 5.8 가정 정규분포 추정
신장,cm,남,45~49세,8,165.8,통계연보 평균(40대)+표준편차 5.8 가정 정규분포 추정
신장,cm,남,45~49세,9,166.1,통계연보 평균(40대)+표준편차 5.8 가정 정규분포 추정
신장,cm,남,45~49세,10,166.5,통계연보 평균(40대)+표준편차 5.8 가정 정규분포 추정
신장,cm,남,45~49세,11,166.8,통계연보 평균(40대)+표준편차 5.8 가정 정규분포 추정
신장,cm,남,45~49세,12,167.1,통계연보 평균(40대)+표준편차 5.8 가정 정규분포 추정
신장,cm,남,45~49세,13,167.4,통계연보 평균(40대)+표준편차 5.8 가정 정규분포 추정
신장,cm,남,45~49세,14,167.6,통계연보 평균(40대)+표준편차 5.8 가정 정규분포 추정
신장,cm,남,45~49세,15,167.9,통계연보 평균(40대)+표준편차 5.8 가정 정규분포 추정
신장,cm,남,45~49세,16,168.1,통계연보 평균(40대)+표준편차 5.8 가정 정규분포 추정
신장,cm,남,45~49세,17,168.4,통계연보 평균(40대)+표준편차 5.8 가정 정규분포 추정
신장,cm,남,45~49세,18,168.6,통계연보 평균(40대)+표준편차 5.8 가정 정규분포 추정
신장,cm,남,45~49세,19,168.8,통계연보 평균(40대)+표준편차 5.8 가정 정규분포 추정
신장,cm,남,45~49세,20,169,통계연보 평균(40대)+표준편차 5.8 가정 정규분포 추정
신장,cm,남,45~49세,21,169.2,통계연보 평균(40대)+표준편차 5.8 가정 정규분포 추정
신장,cm,남,45~49세,22,169.4,통계연보 평균(40대)+표준편차 5.8 가정 정규분포 추정
신장,cm,남,45~49세,23,169.6,통계연보 평균(40대)+표준편차 5.8 가정 정규분포 추정
신장,cm,남,45~49세,24,169.8,통계연보 평균(40대)+표준편차 5.8 가정 정규분포 추정
신장,cm,남,45~49세,25,170,통계연보 평균(40대)+표준편차 5.8 가정 정규분포 추정
신장,cm,남,45~49세,26,170.2,통계연보 평균(40대)+표준편차 5.8 가정 정규분포 추정
신장,cm,남,45~49세,27,170.3,통계연보 평균(40대)+표준편차 5.8 가정 정규분포 추정
신장,cm,남,45~49세,28,170.5,통계연보 평균(40대)+표준편차 5.8 가정 정규분포 추정
신장,cm,남,45~49세,29,170.7,통계연보 평균(40대)+표준편차 5.8 가정 정규분포 추정
신장,cm,남,45~49세,30,170.9,통계연보 평균(40대)+표준편차 5.8 가정 정규분포 추정
신장,cm,남,45~49세,31,171,통계연보 평균(40대)+표준편차 5.8 가정 정규분포 추정
신장,cm,남,45~49세,32,171.2,통계연보 평균(40대)+표준편차 5.8 가정 정규분포 추정
신장,cm,남,45~49세,33,171.3,통계연보 평균(40대)+표준편차 5.8 가정 정규분포 추정
신장,cm,남,45~49세,34,171.5,통계연보 평균(40대)+표준편차 5.8 가정 정규분포 추정
신장,cm,남,45~49세,35,171.7,통계연보 평균(40대)+표준편차 5.8 가정 정규분포 추정
신장,cm,남,45~49세,36,171.8,통계연보 평균(40대)+표준편차 5.8 가정 정규분포 추정
신장,cm,남,45~49세,37,172,통계연보 평균(40대)+표준편차 5.8 가정 정규분포 추정
신장,cm,남,45~49세,38,172.1,통계연보 평균(40대)+표준편차 5.8 가정 정규분포 추정
신장,cm,남,45~49세,39,172.3,통계연보 평균(40대)+표준편차 5.8 가정 정규분포 추정
신장,cm,남,45~49세,40,172.4,통계연보 평균(40대)+표준편차 5.8 가정 정규분포 추정
신장,cm,남,45~49세,41,172.6,통계연보 평균(40대)+표준편차 5.8 가정 정규분포 추정
신장,cm,남,45~49세,42,172.7,통계연보 평균(40대)+표준편차 5.8 가정 정규분포 추정
신장,cm,남,45~49세,43,172.9,통계연보 평균(40대)+표준편차 5.8 가정 정규분포 추정
신장,cm,남,45~49세,44,173,통계연보 평균(40대)+표준편차 5.8 가정 정규분포 추정
신장,cm,남,45~49세,45,173.2,통계연보 평균(40대)+표준편차 5.8 가정 정규분포 추정
신장,cm,남,45~49세,46,173.3,통계연보 평균(40대)+표준편차 5.8 가정 정규분포 추정
신장,cm,남,45~49세,47,173.5,통계연보 평균(40대)+표준편차 5.8 가정 정규분포 추정
신장,cm,남,45~49세,48,173.6,통계연보 평균(40대)+표준편차 5.8 가정 정규분포 추정
신장,cm,남,45~49세,49,173.8,통계연보 평균(40대)+표준편차 5.8 가정 정규분포 추정
신장,cm,남,45~49세,50,173.9,통계연보 평균(40대)+표준편차 5.8 가정 정규분포 추정
신장,cm,남,45~49세,51,174,통계연보 평균(40대)+표준편차 5.8 가정 정규분포 추정
신장,cm,남,45~49세,52,174.2,통계연보 평균(40대)+표준편차 5.8 가정 정규분포 추정
신장,cm,남,45~49세,53,174.3,통계연보 평균(40대)+표준편차 5.8 가정 정규분포 추정
신장,cm,남,45~49세,54,174.5,통계연보 평균(40대)+표준편차 5.8 가정 정규분포 추정
신장,cm,남,45~49세,55,174.6,통계연보 평균(40대)+표준편차 5.8 가정 정규분포 추정
신장,cm,남,45~49세,56,174.8,통계연보 평균(40대)+표준편차 5.8 가정 정규분포 추정
신장,cm,남,45~49세,57,174.9,통계연보 평균(40대)+표준편차 5.8 가정 정규분포 추정
신장,cm,남,45~49세,58,175.1,통계연보 평균(40대)+표준편차 5.8 가정 정규분포 추정
신장,cm,남,45~49세,59,175.2,통계연보 평균(40대)+표준편차 5.8 가정 정규분포 추정
신장,cm,남,45~49세,60,175.4,통계연보 평균(40대)+표준편차 5.8 가정 정규분포 추정
신장,cm,남,45~49세,61,175.5,통계연보 평균(40대)+표준편차 5.8 가정 정규분포 추정
신장,cm,남,45~49세,62,175.7,통계연보 평균(40대)+표준편차 5.8 가정 정규분포 추정
신장,cm,남,45~49세,63,175.8,통계연보 평균(40대)+표준편차 5.8 가정 정규분포 추정
신장,cm,남,45~49세,64,176,통계연보 평균(40대)+표준편차 5.8 가정 정규분포 추정
신장,cm,남,45~49세,65,176.1,통계연보 평균(40대)+표준편차 5.8 가정 정규분포 추정
신장,cm,남,45~49세,66,176.3,통계연보 평균(40대)+표준편차 5.8 가정 정규분포 추정
신장,cm,남,45~49세,67,176.5,통계연보 평균(40대)+표준편차 5.8 가정 정규분포 추정
신장,cm,남,45~49세,68,176.6,통계연보 평균(40대)+표준편차 5.8 가정 정규분포 추정
신장,cm,남,45~49세,69,176.8,통계연보 평균(40대)+표준편차 5.8 가정 정규분포 추정
신장,cm,남,45~49세,70,176.9,통계연보 평균(40대)+표준편차 5.8 가정 정규분포 추정
신장,cm,남,45~49세,71,177.1,통계연보 평균(40대)+표준편차 5.8 가정 정규분포 추정
신장,cm,남,45~49세,72,177.3,통계연보 평균(40대)+표준편차 5.8 가정 정규분포 추정
신장,cm,남,45~49세,73,177.5,통계연보 평균(40대)+표준편차 5.8 가정 정규분포 추정
신장,cm,남,45~49세,74,177.6,통계연보 평균(40대)+표준편차 5.8 가정 정규분포 추정
신장,cm,남,45~49세,75,177.8,통계연보 평균(40대)+표준편차 5.8 가정 정규분포 추정
신장,cm,남,45~49세,76,178,통계연보 평균(40대)+표준편차 5.8 가정 정규분포 추정
신장,cm,남,45~49세,77,178.2,통계연보 평균(40대)+표준편차 5.8 가정 정규분포 추정
신장,cm,남,45~49세,78,178.4,통계연보 평균(40대)+표준편차 5.8 가정 정규분포 추정
신장,cm,남,45~49세,79,178.6,통계연보 평균(40대)+표준편차 5.8 가정 정규분포 추정
신장,cm,남,45~49세,80,178.8,통계연보 평균(40대)+표준편차 5.8 가정 정규분포 추정
신장,cm,남,45~49세,81,179,통계연보 평균(40대)+표준편차 5.8 가정 정규분포 추정
신장,cm,남,45~49세,82,179.2,통계연보 평균(40대)+표준편차 5.8 가정 정규분포 추정
신장,cm,남,45~49세,83,179.4,통계연보 평균(40대)+표준편차 5.8 가정 정규분포 추정
신장,cm,남,45~49세,84,179.7,통계연보 평균(40대)+표준편차 5.8 가정 정규분포 추정
신장,cm,남,45~49세,85,179.9,통계연보 평균(40대)+표준편차 5.8 가정 정규분포 추정
신장,cm,남,45~49세,86,180.2,통계연보 평균(40대)+표준편차 5.8 가정 정규분포 추정
신장,cm,남,45~49세,87,180.4,통계연보 평균(40대)+표준편차 5.8 가정 정규분포 추정
신장,cm,남,45~49세,88,180.7,통계연보 평균(40대)+표준편차 5.8 가정 정규분포 추정
신장,cm,남,45~49세,89,181,통계연보 평균(40대)+표준편차 5.8 가정 정규분포 추정
신장,cm,남,45~49세,90,181.3,통계연보 평균(40대)+표준편차 5.8 가정 정규분포 추정
신장,cm,남,45~49세,91,181.7,통계연보 평균(40대)+표준편차 5.8 가정 정규분포 추정
신장,cm,남,45~49세,92,182,통계연보 평균(40대)+표준편차 5.8 가정 정규분포 추정
신장,cm,남,45~49세,93,182.5,통계연보 평균(40대)+표준편차 5.8 가정 정규분포 추정
신장,cm,남,45~49세,94,182.9,통계연보 평균(40대)+표준편차 5.8 가정 정규분포 추정
신장,cm,남,45~49세,95,183.4,통계연보 평균(40대)+표준편차 5.8 가정 정규분포 추정
신장,cm,남,45~49세,96,184.1,통계연보 평균(40대)+표준편차 5.8 가정 정규분포 추정
신장,cm,남,45~49세,97,184.8,통계연보 평균(40대)+표준편차 5.8 가정 정규분포 추정
신장,cm,남,45~49세,98,185.8,통계연보 평균(40대)+표준편차 5.8 가정 정규분포 추정
신장,cm,남,45~49세,99,187.4,통계연보 평균(40대)+표준편차 5.8 가정 정규분포 추정
신장,cm,남,45~49세,100,188.8,통계연보 평균(40대)+표준편차 5.8 가정 정규분포 추정
신장,cm,남,50~54세,1,157.6,통계연보 평균(50대)+표준편차 5.8 가정 정규분포 추정
신장,cm,남,50~54세,2,159.2,통계연보 평균(50대)+표준편차 5.8 가정 정규분포 추정
신장,cm,남,50~54세,3,160.2,통계연보 평균(50대)+표준편차 5.8 가정 정규분포 추정
신장,cm,남,50~54세,4,160.9,통계연보 평균(50대)+표준편차 5.8 가정 정규분포 추정
신장,cm,남,50~54세,5,161.6,통계연보 평균(50대)+표준편차 5.8 가정 정규분포 추정
신장,cm,남,50~54세,6,162.1,통계연보 평균(50대)+표준편차 5.8 가정 정규분포 추정
신장,cm,남,50~54세,7,162.5,통계연보 평균(50대)+표준편차 5.8 가정 정규분포 추정
신장,cm,남,50~54세,8,163,통계연보 평균(50대)+표준편차 5.8 가정 정규분포 추정
신장,cm,남,50~54세,9,163.3,통계연보 평균(50대)+표준편차 5.8 가정 정규분포 추정
신장,cm,남,50~54세,10,163.7,통계연보 평균(50대)+표준편차 5.8 가정 정규분포 추정
신장,cm,남,50~54세,11,164,통계연보 평균(50대)+표준편차 5.8 가정 정규분포 추정
신장,cm,남,50~54세,12,164.3,통계연보 평균(50대)+표준편차 5.8 가정 정규분포 추정
신장,cm,남,50~54세,13,164.6,통계연보 평균(50대)+표준편차 5.8 가정 정규분포 추정
신장,cm,남,50~54세,14,164.8,통계연보 평균(50대)+표준편차 5.8 가정 정규분포 추정
신장,cm,남,50~54세,15,165.1,통계연보 평균(50대)+표준편차 5.8 가정 정규분포 추정
신장,cm,남,50~54세,16,165.3,통계연보 평균(50대)+표준편차 5.8 가정 정규분포 추정
신장,cm,남,50~54세,17,165.6,통계연보 평균(50대)+표준편차 5.8 가정 정규분포 추정
신장,cm,남,50~54세,18,165.8,통계연보 평균(50대)+표준편차 5.8 가정 정규분포 추정
신장,cm,남,50~54세,19,166,통계연보 평균(50대)+표준편차 5.8 가정 정규분포 추정
신장,cm,남,50~54세,20,166.2,통계연보 평균(50대)+표준편차 5.8 가정 정규분포 추정
신장,cm,남,50~54세,21,166.4,통계연보 평균(50대)+표준편차 5.8 가정 정규분포 추정
신장,cm,남,50~54세,22,166.6,통계연보 평균(50대)+표준편차 5.8 가정 정규분포 추정
신장,cm,남,50~54세,23,166.8,통계연보 평균(50대)+표준편차 5.8 가정 정규분포 추정
신장,cm,남,50~54세,24,167,통계연보 평균(50대)+표준편차 5.8 가정 정규분포 추정
신장,cm,남,50~54세,25,167.2,통계연보 평균(50대)+표준편차 5.8 가정 정규분포 추정
신장,cm,남,50~54세,26,167.4,통계연보 평균(50대)+표준편차 5.8 가정 정규분포 추정
신장,cm,남,50~54세,27,167.5,통계연보 평균(50대)+표준편차 5.8 가정 정규분포 추정
신장,cm,남,50~54세,28,167.7,통계연보 평균(50대)+표준편차 5.8 가정 정규분포 추정
신장,cm,남,50~54세,29,167.9,통계연보 평균(50대)+표준편차 5.8 가정 정규분포 추정
신장,cm,남,50~54세,30,168.1,통계연보 평균(50대)+표준편차 5.8 가정 정규분포 추정
신장,cm,남,50~54세,31,168.2,통계연보 평균(50대)+표준편차 5.8 가정 정규분포 추정
신장,cm,남,50~54세,32,168.4,통계연보 평균(50대)+표준편차 5.8 가정 정규분포 추정
신장,cm,남,50~54세,33,168.5,통계연보 평균(50대)+표준편차 5.8 가정 정규분포 추정
신장,cm,남,50~54세,34,168.7,통계연보 평균(50대)+표준편차 5.8 가정 정규분포 추정
신장,cm,남,50~54세,35,168.9,통계연보 평균(50대)+표준편차 5.8 가정 정규분포 추정
신장,cm,남,50~54세,36,169,통계연보 평균(50대)+표준편차 5.8 가정 정규분포 추정
신장,cm,남,50~54세,37,169.2,통계연보 평균(50대)+표준편차 5.8 가정 정규분포 추정
신장,cm,남,50~54세,38,169.3,통계연보 평균(50대)+표준편차 5.8 가정 정규분포 추정
신장,cm,남,50~54세,39,169.5,통계연보 평균(50대)+표준편차 5.8 가정 정규분포 추정
신장,cm,남,50~54세,40,169.6,통계연보 평균(50대)+표준편차 5.8 가정 정규분포 추정
신장,cm,남,50~54세,41,169.8,통계연보 평균(50대)+표준편차 5.8 가정 정규분포 추정
신장,cm,남,50~54세,42,169.9,통계연보 평균(50대)+표준편차 5.8 가정 정규분포 추정
신장,cm,남,50~54세,43,170.1,통계연보 평균(50대)+표준편차 5.8 가정 정규분포 추정
신장,cm,남,50~54세,44,170.2,통계연보 평균(50대)+표준편차 5.8 가정 정규분포 추정
신장,cm,남,50~54세,45,170.4,통계연보 평균(50대)+표준편차 5.8 가정 정규분포 추정
신장,cm,남,50~54세,46,170.5,통계연보 평균(50대)+표준편차 5.8 가정 정규분포 추정
신장,cm,남,50~54세,47,170.7,통계연보 평균(50대)+표준편차 5.8 가정 정규분포 추정
신장,cm,남,50~54세,48,170.8,통계연보 평균(50대)+표준편차 5.8 가정 정규분포 추정
신장,cm,남,50~54세,49,171,통계연보 평균(50대)+표준편차 5.8 가정 정규분포 추정
신장,cm,남,50~54세,50,171.1,통계연보 평균(50대)+표준편차 5.8 가정 정규분포 추정
신장,cm,남,50~54세,51,171.2,통계연보 평균(50대)+표준편차 5.8 가정 정규분포 추정
신장,cm,남,50~54세,52,171.4,통계연보 평균(50대)+표준편차 5.8 가정 정규분포 추정
신장,cm,남,50~54세,53,171.5,통계연보 평균(50대)+표준편차 5.8 가정 정규분포 추정
신장,cm,남,50~54세,54,171.7,통계연보 평균(50대)+표준편차 5.8 가정 정규분포 추정
신장,cm,남,50~54세,55,171.8,통계연보 평균(50대)+표준편차 5.8 가정 정규분포 추정
신장,cm,남,50~54세,56,172,통계연보 평균(50대)+표준편차 5.8 가정 정규분포 추정
신장,cm,남,50~54세,57,172.1,통계연보 평균(50대)+표준편차 5.8 가정 정규분포 추정
신장,cm,남,50~54세,58,172.3,통계연보 평균(50대)+표준편차 5.8 가정 정규분포 추정
신장,cm,남,50~54세,59,172.4,통계연보 평균(50대)+표준편차 5.8 가정 정규분포 추정
신장,cm,남,50~54세,60,172.6,통계연보 평균(50대)+표준편차 5.8 가정 정규분포 추정
신장,cm,남,50~54세,61,172.7,통계연보 평균(50대)+표준편차 5.8 가정 정규분포 추정
신장,cm,남,50~54세,62,172.9,통계연보 평균(50대)+표준편차 5.8 가정 정규분포 추정
신장,cm,남,50~54세,63,173,통계연보 평균(50대)+표준편차 5.8 가정 정규분포 추정
신장,cm,남,50~54세,64,173.2,통계연보 평균(50대)+표준편차 5.8 가정 정규분포 추정
신장,cm,남,50~54세,65,173.3,통계연보 평균(50대)+표준편차 5.8 가정 정규분포 추정
신장,cm,남,50~54세,66,173.5,통계연보 평균(50대)+표준편차 5.8 가정 정규분포 추정
신장,cm,남,50~54세,67,173.7,통계연보 평균(50대)+표준편차 5.8 가정 정규분포 추정
신장,cm,남,50~54세,68,173.8,통계연보 평균(50대)+표준편차 5.8 가정 정규분포 추정
신장,cm,남,50~54세,69,174,통계연보 평균(50대)+표준편차 5.8 가정 정규분포 추정
신장,cm,남,50~54세,70,174.1,통계연보 평균(50대)+표준편차 5.8 가정 정규분포 추정
신장,cm,남,50~54세,71,174.3,통계연보 평균(50대)+표준편차 5.8 가정 정규분포 추정
신장,cm,남,50~54세,72,174.5,통계연보 평균(50대)+표준편차 5.8 가정 정규분포 추정
신장,cm,남,50~54세,73,174.7,통계연보 평균(50대)+표준편차 5.8 가정 정규분포 추정
신장,cm,남,50~54세,74,174.8,통계연보 평균(50대)+표준편차 5.8 가정 정규분포 추정
신장,cm,남,50~54세,75,175,통계연보 평균(50대)+표준편차 5.8 가정 정규분포 추정
신장,cm,남,50~54세,76,175.2,통계연보 평균(50대)+표준편차 5.8 가정 정규분포 추정
신장,cm,남,50~54세,77,175.4,통계연보 평균(50대)+표준편차 5.8 가정 정규분포 추정
신장,cm,남,50~54세,78,175.6,통계연보 평균(50대)+표준편차 5.8 가정 정규분포 추정
신장,cm,남,50~54세,79,175.8,통계연보 평균(50대)+표준편차 5.8 가정 정규분포 추정
신장,cm,남,50~54세,80,176,통계연보 평균(50대)+표준편차 5.8 가정 정규분포 추정
신장,cm,남,50~54세,81,176.2,통계연보 평균(50대)+표준편차 5.8 가정 정규분포 추정
신장,cm,남,50~54세,82,176.4,통계연보 평균(50대)+표준편차 5.8 가정 정규분포 추정
신장,cm,남,50~54세,83,176.6,통계연보 평균(50대)+표준편차 5.8 가정 정규분포 추정
신장,cm,남,50~54세,84,176.9,통계연보 평균(50대)+표준편차 5.8 가정 정규분포 추정
신장,cm,남,50~54세,85,177.1,통계연보 평균(50대)+표준편차 5.8 가정 정규분포 추정
신장,cm,남,50~54세,86,177.4,통계연보 평균(50대)+표준편차 5.8 가정 정규분포 추정
신장,cm,남,50~54세,87,177.6,통계연보 평균(50대)+표준편차 5.8 가정 정규분포 추정
신장,cm,남,50~54세,88,177.9,통계연보 평균(50대)+표준편차 5.8 가정 정규분포 추정
신장,cm,남,50~54세,89,178.2,통계연보 평균(50대)+표준편차 5.8 가정 정규분포 추정
신장,cm,남,50~54세,90,178.5,통계연보 평균(50대)+표준편차 5.8 가정 정규분포 추정
신장,cm,남,50~54세,91,178.9,통계연보 평균(50대)+표준편차 5.8 가정 정규분포 추정
신장,cm,남,50~54세,92,179.2,통계연보 평균(50대)+표준편차 5.8 가정 정규분포 추정
신장,cm,남,50~54세,93,179.7,통계연보 평균(50대)+표준편차 5.8 가정 정규분포 추정
신장,cm,남,50~54세,94,180.1,통계연보 평균(50대)+표준편차 5.8 가정 정규분포 추정
신장,cm,남,50~54세,95,180.6,통계연보 평균(50대)+표준편차 5.8 가정 정규분포 추정
신장,cm,남,50~54세,96,181.3,통계연보 평균(50대)+표준편차 5.8 가정 정규분포 추정
신장,cm,남,50~54세,97,182,통계연보 평균(50대)+표준편차 5.8 가정 정규분포 추정
신장,cm,남,50~54세,98,183,통계연보 평균(50대)+표준편차 5.8 가정 정규분포 추정
신장,cm,남,50~54세,99,184.6,통계연보 평균(50대)+표준편차 5.8 가정 정규분포 추정
신장,cm,남,50~54세,100,186,통계연보 평균(50대)+표준편차 5.8 가정 정규분포 추정
신장,cm,남,55~59세,1,157.6,통계연보 평균(50대)+표준편차 5.8 가정 정규분포 추정
신장,cm,남,55~59세,2,159.2,통계연보 평균(50대)+표준편차 5.8 가정 정규분포 추정
신장,cm,남,55~59세,3,160.2,통계연보 평균(50대)+표준편차 5.8 가정 정규분포 추정
신장,cm,남,55~59세,4,160.9,통계연보 평균(50대)+표준편차 5.8 가정 정규분포 추정
신장,cm,남,55~59세,5,161.6,통계연보 평균(50대)+표준편차 5.8 가정 정규분포 추정
신장,cm,남,55~59세,6,162.1,통계연보 평균(50대)+표준편차 5.8 가정 정규분포 추정
신장,cm,남,55~59세,7,162.5,통계연보 평균(50대)+표준편차 5.8 가정 정규분포 추정
신장,cm,남,55~59세,8,163,통계연보 평균(50대)+표준편차 5.8 가정 정규분포 추정
신장,cm,남,55~59세,9,163.3,통계연보 평균(50대)+표준편차 5.8 가정 정규분포 추정
신장,cm,남,55~59세,10,163.7,통계연보 평균(50대)+표준편차 5.8 가정 정규분포 추정
신장,cm,남,55~59세,11,164,통계연보 평균(50대)+표준편차 5.8 가정 정규분포 추정
신장,cm,남,55~59세,12,164.3,통계연보 평균(50대)+표준편차 5.8 가정 정규분포 추정
신장,cm,남,55~59세,13,164.6,통계연보 평균(50대)+표준편차 5.8 가정 정규분포 추정
신장,cm,남,55~59세,14,164.8,통계연보 평균(50대)+표준편차 5.8 가정 정규분포 추정
신장,cm,남,55~59세,15,165.1,통계연보 평균(50대)+표준편차 5.8 가정 정규분포 추정
신장,cm,남,55~59세,16,165.3,통계연보 평균(50대)+표준편차 5.8 가정 정규분포 추정
신장,cm,남,55~59세,17,165.6,통계연보 평균(50대)+표준편차 5.8 가정 정규분포 추정
신장,cm,남,55~59세,18,165.8,통계연보 평균(50대)+표준편차 5.8 가정 정규분포 추정
신장,cm,남,55~59세,19,166,통계연보 평균(50대)+표준편차 5.8 가정 정규분포 추정
신장,cm,남,55~59세,20,166.2,통계연보 평균(50대)+표준편차 5.8 가정 정규분포 추정
신장,cm,남,55~59세,21,166.4,통계연보 평균(50대)+표준편차 5.8 가정 정규분포 추정
신장,cm,남,55~59세,22,166.6,통계연보 평균(50대)+표준편차 5.8 가정 정규분포 추정
신장,cm,남,55~59세,23,166.8,통계연보 평균(50대)+표준편차 5.8 가정 정규분포 추정
신장,cm,남,55~59세,24,167,통계연보 평균(50대)+표준편차 5.8 가정 정규분포 추정
신장,cm,남,55~59세,25,167.2,통계연보 평균(50대)+표준편차 5.8 가정 정규분포 추정
신장,cm,남,55~59세,26,167.4,통계연보 평균(50대)+표준편차 5.8 가정 정규분포 추정
신장,cm,남,55~59세,27,167.5,통계연보 평균(50대)+표준편차 5.8 가정 정규분포 추정
신장,cm,남,55~59세,28,167.7,통계연보 평균(50대)+표준편차 5.8 가정 정규분포 추정
신장,cm,남,55~59세,29,167.9,통계연보 평균(50대)+표준편차 5.8 가정 정규분포 추정
신장,cm,남,55~59세,30,168.1,통계연보 평균(50대)+표준편차 5.8 가정 정규분포 추정
신장,cm,남,55~59세,31,168.2,통계연보 평균(50대)+표준편차 5.8 가정 정규분포 추정
신장,cm,남,55~59세,32,168.4,통계연보 평균(50대)+표준편차 5.8 가정 정규분포 추정
신장,cm,남,55~59세,33,168.5,통계연보 평균(50대)+표준편차 5.8 가정 정규분포 추정
신장,cm,남,55~59세,34,168.7,통계연보 평균(50대)+표준편차 5.8 가정 정규분포 추정
신장,cm,남,55~59세,35,168.9,통계연보 평균(50대)+표준편차 5.8 가정 정규분포 추정
신장,cm,남,55~59세,36,169,통계연보 평균(50대)+표준편차 5.8 가정 정규분포 추정
신장,cm,남,55~59세,37,169.2,통계연보 평균(50대)+표준편차 5.8 가정 정규분포 추정
신장,cm,남,55~59세,38,169.3,통계연보 평균(50대)+표준편차 5.8 가정 정규분포 추정
신장,cm,남,55~59세,39,169.5,통계연보 평균(50대)+표준편차 5.8 가정 정규분포 추정
신장,cm,남,55~59세,40,169.6,통계연보 평균(50대)+표준편차 5.8 가정 정규분포 추정
신장,cm,남,55~59세,41,169.8,통계연보 평균(50대)+표준편차 5.8 가정 정규분포 추정
신장,cm,남,55~59세,42,169.9,통계연보 평균(50대)+표준편차 5.8 가정 정규분포 추정
신장,cm,남,55~59세,43,170.1,통계연보 평균(50대)+표준편차 5.8 가정 정규분포 추정
신장,cm,남,55~59세,44,170.2,통계연보 평균(50대)+표준편차 5.8 가정 정규분포 추정
신장,cm,남,55~59세,45,170.4,통계연보 평균(50대)+표준편차 5.8 가정 정규분포 추정
신장,cm,남,55~59세,46,170.5,통계연보 평균(50대)+표준편차 5.8 가정 정규분포 추정
신장,cm,남,55~59세,47,170.7,통계연보 평균(50대)+표준편차 5.8 가정 정규분포 추정
신장,cm,남,55~59세,48,170.8,통계연보 평균(50대)+표준편차 5.8 가정 정규분포 추정
신장,cm,남,55~59세,49,171,통계연보 평균(50대)+표준편차 5.8 가정 정규분포 추정
신장,cm,남,55~59세,50,171.1,통계연보 평균(50대)+표준편차 5.8 가정 정규분포 추정
신장,cm,남,55~59세,51,171.2,통계연보 평균(50대)+표준편차 5.8 가정 정규분포 추정
신장,cm,남,55~59세,52,171.4,통계연보 평균(50대)+표준편차 5.8 가정 정규분포 추정
신장,cm,남,55~59세,53,171.5,통계연보 평균(50대)+표준편차 5.8 가정 정규분포 추정
신장,cm,남,55~59세,54,171.7,통계연보 평균(50대)+표준편차 5.8 가정 정규분포 추정
신장,cm,남,55~59세,55,171.8,통계연보 평균(50대)+표준편차 5.8 가정 정규분포 추정
신장,cm,남,55~59세,56,172,통계연보 평균(50대)+표준편차 5.8 가정 정규분포 추정
신장,cm,남,55~59세,57,172.1,통계연보 평균(50대)+표준편차 5.8 가정 정규분포 추정
신장,cm,남,55~59세,58,172.3,통계연보 평균(50대)+표준편차 5.8 가정 정규분포 추정
신장,cm,남,55~59세,59,172.4,통계연보 평균(50대)+표준편차 5.8 가정 정규분포 추정
신장,cm,남,55~59세,60,172.6,통계연보 평균(50대)+표준편차 5.8 가정 정규분포 추정
신장,cm,남,55~59세,61,172.7,통계연보 평균(50대)+표준편차 5.8 가정 정규분포 추정
신장,cm,남,55~59세,62,172.9,통계연보 평균(50대)+표준편차 5.8 가정 정규분포 추정
신장,cm,남,55~59세,63,173,통계연보 평균(50대)+표준편차 5.8 가정 정규분포 추정
신장,cm,남,55~59세,64,173.2,통계연보 평균(50대)+표준편차 5.8 가정 정규분포 추정
신장,cm,남,55~59세,65,173.3,통계연보 평균(50대)+표준편차 5.8 가정 정규분포 추정
신장,cm,남,55~59세,66,173.5,통계연보 평균(50대)+표준편차 5.8 가정 정규분포 추정
신장,cm,남,55~59세,67,173.7,통계연보 평균(50대)+표준편차 5.8 가정 정규분포 추정
신장,cm,남,55~59세,68,173.8,통계연보 평균(50대)+표준편차 5.8 가정 정규분포 추정
신장,cm,남,55~59세,69,174,통계연보 평균(50대)+표준편차 5.8 가정 정규분포 추정
신장,cm,남,55~59세,70,174.1,통계연보 평균(50대)+표준편차 5.8 가정 정규분포 추정
신장,cm,남,55~59세,71,174.3,통계연보 평균(50대)+표준편차 5.8 가정 정규분포 추정
신장,cm,남,55~59세,72,174.5,통계연보 평균(50대)+표준편차 5.8 가정 정규분포 추정
신장,cm,남,55~59세,73,174.7,통계연보 평균(50대)+표준편차 5.8 가정 정규분포 추정
신장,cm,남,55~59세,74,174.8,통계연보 평균(50대)+표준편차 5.8 가정 정규분포 추정
신장,cm,남,55~59세,75,175,통계연보 평균(50대)+표준편차 5.8 가정 정규분포 추정
신장,cm,남,55~59세,76,175.2,통계연보 평균(50대)+표준편차 5.8 가정 정규분포 추정
신장,cm,남,55~59세,77,175.4,통계연보 평균(50대)+표준편차 5.8 가정 정규분포 추정
신장,cm,남,55~59세,78,175.6,통계연보 평균(50대)+표준편차 5.8 가정 정규분포 추정
신장,cm,남,55~59세,79,175.8,통계연보 평균(50대)+표준편차 5.8 가정 정규분포 추정
신장,cm,남,55~59세,80,176,통계연보 평균(50대)+표준편차 5.8 가정 정규분포 추정
신장,cm,남,55~59세,81,176.2,통계연보 평균(50대)+표준편차 5.8 가정 정규분포 추정
신장,cm,남,55~59세,82,176.4,통계연보 평균(50대)+표준편차 5.8 가정 정규분포 추정
신장,cm,남,55~59세,83,176.6,통계연보 평균(50대)+표준편차 5.8 가정 정규분포 추정
신장,cm,남,55~59세,84,176.9,통계연보 평균(50대)+표준편차 5.8 가정 정규분포 추정
신장,cm,남,55~59세,85,177.1,통계연보 평균(50대)+표준편차 5.8 가정 정규분포 추정
신장,cm,남,55~59세,86,177.4,통계연보 평균(50대)+표준편차 5.8 가정 정규분포 추정
신장,cm,남,55~59세,87,177.6,통계연보 평균(50대)+표준편차 5.8 가정 정규분포 추정
신장,cm,남,55~59세,88,177.9,통계연보 평균(50대)+표준편차 5.8 가정 정규분포 추정
신장,cm,남,55~59세,89,178.2,통계연보 평균(50대)+표준편차 5.8 가정 정규분포 추정
신장,cm,남,55~59세,90,178.5,통계연보 평균(50대)+표준편차 5.8 가정 정규분포 추정
신장,cm,남,55~59세,91,178.9,통계연보 평균(50대)+표준편차 5.8 가정 정규분포 추정
신장,cm,남,55~59세,92,179.2,통계연보 평균(50대)+표준편차 5.8 가정 정규분포 추정
신장,cm,남,55~59세,93,179.7,통계연보 평균(50대)+표준편차 5.8 가정 정규분포 추정
신장,cm,남,55~59세,94,180.1,통계연보 평균(50대)+표준편차 5.8 가정 정규분포 추정
신장,cm,남,55~59세,95,180.6,통계연보 평균(50대)+표준편차 5.8 가정 정규분포 추정
신장,cm,남,55~59세,96,181.3,통계연보 평균(50대)+표준편차 5.8 가정 정규분포 추정
신장,cm,남,55~59세,97,182,통계연보 평균(50대)+표준편차 5.8 가정 정규분포 추정
신장,cm,남,55~59세,98,183,통계연보 평균(50대)+표준편차 5.8 가정 정규분포 추정
신장,cm,남,55~59세,99,184.6,통계연보 평균(50대)+표준편차 5.8 가정 정규분포 추정
신장,cm,남,55~59세,100,186,통계연보 평균(50대)+표준편차 5.8 가정 정규분포 추정
신장,cm,남,60~64세,1,154.8,통계연보 평균(60대)+표준편차 5.8 가정 정규분포 추정
신장,cm,남,60~64세,2,156.4,통계연보 평균(60대)+표준편차 5.8 가정 정규분포 추정
신장,cm,남,60~64세,3,157.4,통계연보 평균(60대)+표준편차 5.8 가정 정규분포 추정
신장,cm,남,60~64세,4,158.1,통계연보 평균(60대)+표준편차 5.8 가정 정규분포 추정
신장,cm,남,60~64세,5,158.8,통계연보 평균(60대)+표준편차 5.8 가정 정규분포 추정
신장,cm,남,60~64세,6,159.3,통계연보 평균(60대)+표준편차 5.8 가정 정규분포 추정
신장,cm,남,60~64세,7,159.7,통계연보 평균(60대)+표준편차 5.8 가정 정규분포 추정
신장,cm,남,60~64세,8,160.2,통계연보 평균(60대)+표준편차 5.8 가정 정규분포 추정
신장,cm,남,60~64세,9,160.5,통계연보 평균(60대)+표준편차 5.8 가정 정규분포 추정
신장,cm,남,60~64세,10,160.9,통계연보 평균(60대)+표준편차 5.8 가정 정규분포 추정
신장,cm,남,60~64세,11,161.2,통계연보 평균(60대)+표준편차 5.8 가정 정규분포 추정
신장,cm,남,60~64세,12,161.5,통계연보 평균(60대)+표준편차 5.8 가정 정규분포 추정
신장,cm,남,60~64세,13,161.8,통계연보 평균(60대)+표준편차 5.8 가정 정규분포 추정
신장,cm,남,60~64세,14,162,통계연보 평균(60대)+표준편차 5.8 가정 정규분포 추정
신장,cm,남,60~64세,15,162.3,통계연보 평균(60대)+표준편차 5.8 가정 정규분포 추정
신장,cm,남,60~64세,16,162.5,통계연보 평균(60대)+표준편차 5.8 가정 정규분포 추정
신장,cm,남,60~64세,17,162.8,통계연보 평균(60대)+표준편차 5.8 가정 정규분포 추정
신장,cm,남,60~64세,18,163,통계연보 평균(60대)+표준편차 5.8 가정 정규분포 추정
신장,cm,남,60~64세,19,163.2,통계연보 평균(60대)+표준편차 5.8 가정 정규분포 추정
신장,cm,남,60~64세,20,163.4,통계연보 평균(60대)+표준편차 5.8 가정 정규분포 추정
신장,cm,남,60~64세,21,163.6,통계연보 평균(60대)+표준편차 5.8 가정 정규분포 추정
신장,cm,남,60~64세,22,163.8,통계연보 평균(60대)+표준편차 5.8 가정 정규분포 추정
신장,cm,남,60~64세,23,164,통계연보 평균(60대)+표준편차 5.8 가정 정규분포 추정
신장,cm,남,60~64세,24,164.2,통계연보 평균(60대)+표준편차 5.8 가정 정규분포 추정
신장,cm,남,60~64세,25,164.4,통계연보 평균(60대)+표준편차 5.8 가정 정규분포 추정
신장,cm,남,60~64세,26,164.6,통계연보 평균(60대)+표준편차 5.8 가정 정규분포 추정
신장,cm,남,60~64세,27,164.7,통계연보 평균(60대)+표준편차 5.8 가정 정규분포 추정
신장,cm,남,60~64세,28,164.9,통계연보 평균(60대)+표준편차 5.8 가정 정규분포 추정
신장,cm,남,60~64세,29,165.1,통계연보 평균(60대)+표준편차 5.8 가정 정규분포 추정
신장,cm,남,60~64세,30,165.3,통계연보 평균(60대)+표준편차 5.8 가정 정규분포 추정
신장,cm,남,60~64세,31,165.4,통계연보 평균(60대)+표준편차 5.8 가정 정규분포 추정
신장,cm,남,60~64세,32,165.6,통계연보 평균(60대)+표준편차 5.8 가정 정규분포 추정
신장,cm,남,60~64세,33,165.7,통계연보 평균(60대)+표준편차 5.8 가정 정규분포 추정
신장,cm,남,60~64세,34,165.9,통계연보 평균(60대)+표준편차 5.8 가정 정규분포 추정
신장,cm,남,60~64세,35,166.1,통계연보 평균(60대)+표준편차 5.8 가정 정규분포 추정
신장,cm,남,60~64세,36,166.2,통계연보 평균(60대)+표준편차 5.8 가정 정규분포 추정
신장,cm,남,60~64세,37,166.4,통계연보 평균(60대)+표준편차 5.8 가정 정규분포 추정
신장,cm,남,60~64세,38,166.5,통계연보 평균(60대)+표준편차 5.8 가정 정규분포 추정
신장,cm,남,60~64세,39,166.7,통계연보 평균(60대)+표준편차 5.8 가정 정규분포 추정
신장,cm,남,60~64세,40,166.8,통계연보 평균(60대)+표준편차 5.8 가정 정규분포 추정
신장,cm,남,60~64세,41,167,통계연보 평균(60대)+표준편차 5.8 가정 정규분포 추정
신장,cm,남,60~64세,42,167.1,통계연보 평균(60대)+표준편차 5.8 가정 정규분포 추정
신장,cm,남,60~64세,43,167.3,통계연보 평균(60대)+표준편차 5.8 가정 정규분포 추정
신장,cm,남,60~64세,44,167.4,통계연보 평균(60대)+표준편차 5.8 가정 정규분포 추정
신장,cm,남,60~64세,45,167.6,통계연보 평균(60대)+표준편차 5.8 가정 정규분포 추정
신장,cm,남,60~64세,46,167.7,통계연보 평균(60대)+표준편차 5.8 가정 정규분포 추정
신장,cm,남,60~64세,47,167.9,통계연보 평균(60대)+표준편차 5.8 가정 정규분포 추정
신장,cm,남,60~64세,48,168,통계연보 평균(60대)+표준편차 5.8 가정 정규분포 추정
신장,cm,남,60~64세,49,168.2,통계연보 평균(60대)+표준편차 5.8 가정 정규분포 추정
신장,cm,남,60~64세,50,168.3,통계연보 평균(60대)+표준편차 5.8 가정 정규분포 추정
신장,cm,남,60~64세,51,168.4,통계연보 평균(60대)+표준편차 5.8 가정 정규분포 추정
신장,cm,남,60~64세,52,168.6,통계연보 평균(60대)+표준편차 5.8 가정 정규분포 추정
신장,cm,남,60~64세,53,168.7,통계연보 평균(60대)+표준편차 5.8 가정 정규분포 추정
신장,cm,남,60~64세,54,168.9,통계연보 평균(60대)+표준편차 5.8 가정 정규분포 추정
신장,cm,남,60~64세,55,169,통계연보 평균(60대)+표준편차 5.8 가정 정규분포 추정
신장,cm,남,60~64세,56,169.2,통계연보 평균(60대)+표준편차 5.8 가정 정규분포 추정
신장,cm,남,60~64세,57,169.3,통계연보 평균(60대)+표준편차 5.8 가정 정규분포 추정
신장,cm,남,60~64세,58,169.5,통계연보 평균(60대)+표준편차 5.8 가정 정규분포 추정
신장,cm,남,60~64세,59,169.6,통계연보 평균(60대)+표준편차 5.8 가정 정규분포 추정
신장,cm,남,60~64세,60,169.8,통계연보 평균(60대)+표준편차 5.8 가정 정규분포 추정
신장,cm,남,60~64세,61,169.9,통계연보 평균(60대)+표준편차 5.8 가정 정규분포 추정
신장,cm,남,60~64세,62,170.1,통계연보 평균(60대)+표준편차 5.8 가정 정규분포 추정
신장,cm,남,60~64세,63,170.2,통계연보 평균(60대)+표준편차 5.8 가정 정규분포 추정
신장,cm,남,60~64세,64,170.4,통계연보 평균(60대)+표준편차 5.8 가정 정규분포 추정
신장,cm,남,60~64세,65,170.5,통계연보 평균(60대)+표준편차 5.8 가정 정규분포 추정
신장,cm,남,60~64세,66,170.7,통계연보 평균(60대)+표준편차 5.8 가정 정규분포 추정
신장,cm,남,60~64세,67,170.9,통계연보 평균(60대)+표준편차 5.8 가정 정규분포 추정
신장,cm,남,60~64세,68,171,통계연보 평균(60대)+표준편차 5.8 가정 정규분포 추정
신장,cm,남,60~64세,69,171.2,통계연보 평균(60대)+표준편차 5.8 가정 정규분포 추정
신장,cm,남,60~64세,70,171.3,통계연보 평균(60대)+표준편차 5.8 가정 정규분포 추정
신장,cm,남,60~64세,71,171.5,통계연보 평균(60대)+표준편차 5.8 가정 정규분포 추정
신장,cm,남,60~64세,72,171.7,통계연보 평균(60대)+표준편차 5.8 가정 정규분포 추정
신장,cm,남,60~64세,73,171.9,통계연보 평균(60대)+표준편차 5.8 가정 정규분포 추정
신장,cm,남,60~64세,74,172,통계연보 평균(60대)+표준편차 5.8 가정 정규분포 추정
신장,cm,남,60~64세,75,172.2,통계연보 평균(60대)+표준편차 5.8 가정 정규분포 추정
신장,cm,남,60~64세,76,172.4,통계연보 평균(60대)+표준편차 5.8 가정 정규분포 추정
신장,cm,남,60~64세,77,172.6,통계연보 평균(60대)+표준편차 5.8 가정 정규분포 추정
신장,cm,남,60~64세,78,172.8,통계연보 평균(60대)+표준편차 5.8 가정 정규분포 추정
신장,cm,남,60~64세,79,173,통계연보 평균(60대)+표준편차 5.8 가정 정규분포 추정
신장,cm,남,60~64세,80,173.2,통계연보 평균(60대)+표준편차 5.8 가정 정규분포 추정
신장,cm,남,60~64세,81,173.4,통계연보 평균(60대)+표준편차 5.8 가정 정규분포 추정
신장,cm,남,60~64세,82,173.6,통계연보 평균(60대)+표준편차 5.8 가정 정규분포 추정
신장,cm,남,60~64세,83,173.8,통계연보 평균(60대)+표준편차 5.8 가정 정규분포 추정
신장,cm,남,60~64세,84,174.1,통계연보 평균(60대)+표준편차 5.8 가정 정규분포 추정
신장,cm,남,60~64세,85,174.3,통계연보 평균(60대)+표준편차 5.8 가정 정규분포 추정
신장,cm,남,60~64세,86,174.6,통계연보 평균(60대)+표준편차 5.8 가정 정규분포 추정
신장,cm,남,60~64세,87,174.8,통계연보 평균(60대)+표준편차 5.8 가정 정규분포 추정
신장,cm,남,60~64세,88,175.1,통계연보 평균(60대)+표준편차 5.8 가정 정규분포 추정
신장,cm,남,60~64세,89,175.4,통계연보 평균(60대)+표준편차 5.8 가정 정규분포 추정
신장,cm,남,60~64세,90,175.7,통계연보 평균(60대)+표준편차 5.8 가정 정규분포 추정
신장,cm,남,60~64세,91,176.1,통계연보 평균(60대)+표준편차 5.8 가정 정규분포 추정
신장,cm,남,60~64세,92,176.4,통계연보 평균(60대)+표준편차 5.8 가정 정규분포 추정
신장,cm,남,60~64세,93,176.9,통계연보 평균(60대)+표준편차 5.8 가정 정규분포 추정
신장,cm,남,60~64세,94,177.3,통계연보 평균(60대)+표준편차 5.8 가정 정규분포 추정
신장,cm,남,60~64세,95,177.8,통계연보 평균(60대)+표준편차 5.8 가정 정규분포 추정
신장,cm,남,60~64세,96,178.5,통계연보 평균(60대)+표준편차 5.8 가정 정규분포 추정
신장,cm,남,60~64세,97,179.2,통계연보 평균(60대)+표준편차 5.8 가정 정규분포 추정
신장,cm,남,60~64세,98,180.2,통계연보 평균(60대)+표준편차 5.8 가정 정규분포 추정
신장,cm,남,60~64세,99,181.8,통계연보 평균(60대)+표준편차 5.8 가정 정규분포 추정
신장,cm,남,60~64세,100,183.2,통계연보 평균(60대)+표준편차 5.8 가정 정규분포 추정
신장,cm,남,65~69세,1,154.8,통계연보 평균(60대)+표준편차 5.8 가정 정규분포 추정
신장,cm,남,65~69세,2,156.4,통계연보 평균(60대)+표준편차 5.8 가정 정규분포 추정
신장,cm,남,65~69세,3,157.4,통계연보 평균(60대)+표준편차 5.8 가정 정규분포 추정
신장,cm,남,65~69세,4,158.1,통계연보 평균(60대)+표준편차 5.8 가정 정규분포 추정
신장,cm,남,65~69세,5,158.8,통계연보 평균(60대)+표준편차 5.8 가정 정규분포 추정
신장,cm,남,65~69세,6,159.3,통계연보 평균(60대)+표준편차 5.8 가정 정규분포 추정
신장,cm,남,65~69세,7,159.7,통계연보 평균(60대)+표준편차 5.8 가정 정규분포 추정
신장,cm,남,65~69세,8,160.2,통계연보 평균(60대)+표준편차 5.8 가정 정규분포 추정
신장,cm,남,65~69세,9,160.5,통계연보 평균(60대)+표준편차 5.8 가정 정규분포 추정
신장,cm,남,65~69세,10,160.9,통계연보 평균(60대)+표준편차 5.8 가정 정규분포 추정
신장,cm,남,65~69세,11,161.2,통계연보 평균(60대)+표준편차 5.8 가정 정규분포 추정
신장,cm,남,65~69세,12,161.5,통계연보 평균(60대)+표준편차 5.8 가정 정규분포 추정
신장,cm,남,65~69세,13,161.8,통계연보 평균(60대)+표준편차 5.8 가정 정규분포 추정
신장,cm,남,65~69세,14,162,통계연보 평균(60대)+표준편차 5.8 가정 정규분포 추정
신장,cm,남,65~69세,15,162.3,통계연보 평균(60대)+표준편차 5.8 가정 정규분포 추정
신장,cm,남,65~69세,16,162.5,통계연보 평균(60대)+표준편차 5.8 가정 정규분포 추정
신장,cm,남,65~69세,17,162.8,통계연보 평균(60대)+표준편차 5.8 가정 정규분포 추정
신장,cm,남,65~69세,18,163,통계연보 평균(60대)+표준편차 5.8 가정 정규분포 추정
신장,cm,남,65~69세,19,163.2,통계연보 평균(60대)+표준편차 5.8 가정 정규분포 추정
신장,cm,남,65~69세,20,163.4,통계연보 평균(60대)+표준편차 5.8 가정 정규분포 추정
신장,cm,남,65~69세,21,163.6,통계연보 평균(60대)+표준편차 5.8 가정 정규분포 추정
신장,cm,남,65~69세,22,163.8,통계연보 평균(60대)+표준편차 5.8 가정 정규분포 추정
신장,cm,남,65~69세,23,164,통계연보 평균(60대)+표준편차 5.8 가정 정규분포 추정
신장,cm,남,65~69세,24,164.2,통계연보 평균(60대)+표준편차 5.8 가정 정규분포 추정
신장,cm,남,65~69세,25,164.4,통계연보 평균(60대)+표준편차 5.8 가정 정규분포 추정
신장,cm,남,65~69세,26,164.6,통계연보 평균(60대)+표준편차 5.8 가정 정규분포 추정
신장,cm,남,65~69세,27,164.7,통계연보 평균(60대)+표준편차 5.8 가정 정규분포 추정
신장,cm,남,65~69세,28,164.9,통계연보 평균(60대)+표준편차 5.8 가정 정규분포 추정
신장,cm,남,65~69세,29,165.1,통계연보 평균(60대)+표준편차 5.8 가정 정규분포 추정
신장,cm,남,65~69세,30,165.3,통계연보 평균(60대)+표준편차 5.8 가정 정규분포 추정
신장,cm,남,65~69세,31,165.4,통계연보 평균(60대)+표준편차 5.8 가정 정규분포 추정
신장,cm,남,65~69세,32,165.6,통계연보 평균(60대)+표준편차 5.8 가정 정규분포 추정
신장,cm,남,65~69세,33,165.7,통계연보 평균(60대)+표준편차 5.8 가정 정규분포 추정
신장,cm,남,65~69세,34,165.9,통계연보 평균(60대)+표준편차 5.8 가정 정규분포 추정
신장,cm,남,65~69세,35,166.1,통계연보 평균(60대)+표준편차 5.8 가정 정규분포 추정
신장,cm,남,65~69세,36,166.2,통계연보 평균(60대)+표준편차 5.8 가정 정규분포 추정
신장,cm,남,65~69세,37,166.4,통계연보 평균(60대)+표준편차 5.8 가정 정규분포 추정
신장,cm,남,65~69세,38,166.5,통계연보 평균(60대)+표준편차 5.8 가정 정규분포 추정
신장,cm,남,65~69세,39,166.7,통계연보 평균(60대)+표준편차 5.8 가정 정규분포 추정
신장,cm,남,65~69세,40,166.8,통계연보 평균(60대)+표준편차 5.8 가정 정규분포 추정
신장,cm,남,65~69세,41,167,통계연보 평균(60대)+표준편차 5.8 가정 정규분포 추정
신장,cm,남,65~69세,42,167.1,통계연보 평균(60대)+표준편차 5.8 가정 정규분포 추정
신장,cm,남,65~69세,43,167.3,통계연보 평균(60대)+표준편차 5.8 가정 정규분포 추정
신장,cm,남,65~69세,44,167.4,통계연보 평균(60대)+표준편차 5.8 가정 정규분포 추정
신장,cm,남,65~69세,45,167.6,통계연보 평균(60대)+표준편차 5.8 가정 정규분포 추정
신장,cm,남,65~69세,46,167.7,통계연보 평균(60대)+표준편차 5.8 가정 정규분포 추정
신장,cm,남,65~69세,47,167.9,통계연보 평균(60대)+표준편차 5.8 가정 정규분포 추정
신장,cm,남,65~69세,48,168,통계연보 평균(60대)+표준편차 5.8 가정 정규분포 추정
신장,cm,남,65~69세,49,168.2,통계연보 평균(60대)+표준편차 5.8 가정 정규분포 추정
신장,cm,남,65~69세,50,168.3,통계연보 평균(60대)+표준편차 5.8 가정 정규분포 추정
신장,cm,남,65~69세,51,168.4,통계연보 평균(60대)+표준편차 5.8 가정 정규분포 추정
신장,cm,남,65~69세,52,168.6,통계연보 평균(60대)+표준편차 5.8 가정 정규분포 추정
신장,cm,남,65~69세,53,168.7,통계연보 평균(60대)+표준편차 5.8 가정 정규분포 추정
신장,cm,남,65~69세,54,168.9,통계연보 평균(60대)+표준편차 5.8 가정 정규분포 추정
신장,cm,남,65~69세,55,169,통계연보 평균(60대)+표준편차 5.8 가정 정규분포 추정
신장,cm,남,65~69세,56,169.2,통계연보 평균(60대)+표준편차 5.8 가정 정규분포 추정
신장,cm,남,65~69세,57,169.3,통계연보 평균(60대)+표준편차 5.8 가정 정규분포 추정
신장,cm,남,65~69세,58,169.5,통계연보 평균(60대)+표준편차 5.8 가정 정규분포 추정
신장,cm,남,65~69세,59,169.6,통계연보 평균(60대)+표준편차 5.8 가정 정규분포 추정
신장,cm,남,65~69세,60,169.8,통계연보 평균(60대)+표준편차 5.8 가정 정규분포 추정
신장,cm,남,65~69세,61,169.9,통계연보 평균(60대)+표준편차 5.8 가정 정규분포 추정
신장,cm,남,65~69세,62,170.1,통계연보 평균(60대)+표준편차 5.8 가정 정규분포 추정
신장,cm,남,65~69세,63,170.2,통계연보 평균(60대)+표준편차 5.8 가정 정규분포 추정
신장,cm,남,65~69세,64,170.4,통계연보 평균(60대)+표준편차 5.8 가정 정규분포 추정
신장,cm,남,65~69세,65,170.5,통계연보 평균(60대)+표준편차 5.8 가정 정규분포 추정
신장,cm,남,65~69세,66,170.7,통계연보 평균(60대)+표준편차 5.8 가정 정규분포 추정
신장,cm,남,65~69세,67,170.9,통계연보 평균(60대)+표준편차 5.8 가정 정규분포 추정
신장,cm,남,65~69세,68,171,통계연보 평균(60대)+표준편차 5.8 가정 정규분포 추정
신장,cm,남,65~69세,69,171.2,통계연보 평균(60대)+표준편차 5.8 가정 정규분포 추정
신장,cm,남,65~69세,70,171.3,통계연보 평균(60대)+표준편차 5.8 가정 정규분포 추정
신장,cm,남,65~69세,71,171.5,통계연보 평균(60대)+표준편차 5.8 가정 정규분포 추정
신장,cm,남,65~69세,72,171.7,통계연보 평균(60대)+표준편차 5.8 가정 정규분포 추정
신장,cm,남,65~69세,73,171.9,통계연보 평균(60대)+표준편차 5.8 가정 정규분포 추정
신장,cm,남,65~69세,74,172,통계연보 평균(60대)+표준편차 5.8 가정 정규분포 추정
신장,cm,남,65~69세,75,172.2,통계연보 평균(60대)+표준편차 5.8 가정 정규분포 추정
신장,cm,남,65~69세,76,172.4,통계연보 평균(60대)+표준편차 5.8 가정 정규분포 추정
신장,cm,남,65~69세,77,172.6,통계연보 평균(60대)+표준편차 5.8 가정 정규분포 추정
신장,cm,남,65~69세,78,172.8,통계연보 평균(60대)+표준편차 5.8 가정 정규분포 추정
신장,cm,남,65~69세,79,173,통계연보 평균(60대)+표준편차 5.8 가정 정규분포 추정
신장,cm,남,65~69세,80,173.2,통계연보 평균(60대)+표준편차 5.8 가정 정규분포 추정
신장,cm,남,65~69세,81,173.4,통계연보 평균(60대)+표준편차 5.8 가정 정규분포 추정
신장,cm,남,65~69세,82,173.6,통계연보 평균(60대)+표준편차 5.8 가정 정규분포 추정
신장,cm,남,65~69세,83,173.8,통계연보 평균(60대)+표준편차 5.8 가정 정규분포 추정
신장,cm,남,65~69세,84,174.1,통계연보 평균(60대)+표준편차 5.8 가정 정규분포 추정
신장,cm,남,65~69세,85,174.3,통계연보 평균(60대)+표준편차 5.8 가정 정규분포 추정
신장,cm,남,65~69세,86,174.6,통계연보 평균(60대)+표준편차 5.8 가정 정규분포 추정
신장,cm,남,65~69세,87,174.8,통계연보 평균(60대)+표준편차 5.8 가정 정규분포 추정
신장,cm,남,65~69세,88,175.1,통계연보 평균(60대)+표준편차 5.8 가정 정규분포 추정
신장,cm,남,65~69세,89,175.4,통계연보 평균(60대)+표준편차 5.8 가정 정규분포 추정
신장,cm,남,65~69세,90,175.7,통계연보 평균(60대)+표준편차 5.8 가정 정규분포 추정
신장,cm,남,65~69세,91,176.1,통계연보 평균(60대)+표준편차 5.8 가정 정규분포 추정
신장,cm,남,65~69세,92,176.4,통계연보 평균(60대)+표준편차 5.8 가정 정규분포 추정
신장,cm,남,65~69세,93,176.9,통계연보 평균(60대)+표준편차 5.8 가정 정규분포 추정
신장,cm,남,65~69세,94,177.3,통계연보 평균(60대)+표준편차 5.8 가정 정규분포 추정
신장,cm,남,65~69세,95,177.8,통계연보 평균(60대)+표준편차 5.8 가정 정규분포 추정
신장,cm,남,65~69세,96,178.5,통계연보 평균(60대)+표준편차 5.8 가정 정규분포 추정
신장,cm,남,65~69세,97,179.2,통계연보 평균(60대)+표준편차 5.8 가정 정규분포 추정
신장,cm,남,65~69세,98,180.2,통계연보 평균(60대)+표준편차 5.8 가정 정규분포 추정
신장,cm,남,65~69세,99,181.8,통계연보 평균(60대)+표준편차 5.8 가정 정규분포 추정
신장,cm,남,65~69세,100,183.2,통계연보 평균(60대)+표준편차 5.8 가정 정규분포 추정
신장,cm,남,70~74세,1,152.3,통계연보 평균(70대)+표준편차 5.8 가정 정규분포 추정
신장,cm,남,70~74세,2,153.9,통계연보 평균(70대)+표준편차 5.8 가정 정규분포 추정
신장,cm,남,70~74세,3,154.9,통계연보 평균(70대)+표준편차 5.8 가정 정규분포 추정
신장,cm,남,70~74세,4,155.6,통계연보 평균(70대)+표준편차 5.8 가정 정규분포 추정
신장,cm,남,70~74세,5,156.3,통계연보 평균(70대)+표준편차 5.8 가정 정규분포 추정
신장,cm,남,70~74세,6,156.8,통계연보 평균(70대)+표준편차 5.8 가정 정규분포 추정
신장,cm,남,70~74세,7,157.2,통계연보 평균(70대)+표준편차 5.8 가정 정규분포 추정
신장,cm,남,70~74세,8,157.7,통계연보 평균(70대)+표준편차 5.8 가정 정규분포 추정
신장,cm,남,70~74세,9,158,통계연보 평균(70대)+표준편차 5.8 가정 정규분포 추정
신장,cm,남,70~74세,10,158.4,통계연보 평균(70대)+표준편차 5.8 가정 정규분포 추정
신장,cm,남,70~74세,11,158.7,통계연보 평균(70대)+표준편차 5.8 가정 정규분포 추정
신장,cm,남,70~74세,12,159,통계연보 평균(70대)+표준편차 5.8 가정 정규분포 추정
신장,cm,남,70~74세,13,159.3,통계연보 평균(70대)+표준편차 5.8 가정 정규분포 추정
신장,cm,남,70~74세,14,159.5,통계연보 평균(70대)+표준편차 5.8 가정 정규분포 추정
신장,cm,남,70~74세,15,159.8,통계연보 평균(70대)+표준편차 5.8 가정 정규분포 추정
신장,cm,남,70~74세,16,160,통계연보 평균(70대)+표준편차 5.8 가정 정규분포 추정
신장,cm,남,70~74세,17,160.3,통계연보 평균(70대)+표준편차 5.8 가정 정규분포 추정
신장,cm,남,70~74세,18,160.5,통계연보 평균(70대)+표준편차 5.8 가정 정규분포 추정
신장,cm,남,70~74세,19,160.7,통계연보 평균(70대)+표준편차 5.8 가정 정규분포 추정
신장,cm,남,70~74세,20,160.9,통계연보 평균(70대)+표준편차 5.8 가정 정규분포 추정
신장,cm,남,70~74세,21,161.1,통계연보 평균(70대)+표준편차 5.8 가정 정규분포 추정
신장,cm,남,70~74세,22,161.3,통계연보 평균(70대)+표준편차 5.8 가정 정규분포 추정
신장,cm,남,70~74세,23,161.5,통계연보 평균(70대)+표준편차 5.8 가정 정규분포 추정
신장,cm,남,70~74세,24,161.7,통계연보 평균(70대)+표준편차 5.8 가정 정규분포 추정
신장,cm,남,70~74세,25,161.9,통계연보 평균(70대)+표준편차 5.8 가정 정규분포 추정
신장,cm,남,70~74세,26,162.1,통계연보 평균(70대)+표준편차 5.8 가정 정규분포 추정
신장,cm,남,70~74세,27,162.2,통계연보 평균(70대)+표준편차 5.8 가정 정규분포 추정
신장,cm,남,70~74세,28,162.4,통계연보 평균(70대)+표준편차 5.8 가정 정규분포 추정
신장,cm,남,70~74세,29,162.6,통계연보 평균(70대)+표준편차 5.8 가정 정규분포 추정
신장,cm,남,70~74세,30,162.8,통계연보 평균(70대)+표준편차 5.8 가정 정규분포 추정
신장,cm,남,70~74세,31,162.9,통계연보 평균(70대)+표준편차 5.8 가정 정규분포 추정
신장,cm,남,70~74세,32,163.1,통계연보 평균(70대)+표준편차 5.8 가정 정규분포 추정
신장,cm,남,70~74세,33,163.2,통계연보 평균(70대)+표준편차 5.8 가정 정규분포 추정
신장,cm,남,70~74세,34,163.4,통계연보 평균(70대)+표준편차 5.8 가정 정규분포 추정
신장,cm,남,70~74세,35,163.6,통계연보 평균(70대)+표준편차 5.8 가정 정규분포 추정
신장,cm,남,70~74세,36,163.7,통계연보 평균(70대)+표준편차 5.8 가정 정규분포 추정
신장,cm,남,70~74세,37,163.9,통계연보 평균(70대)+표준편차 5.8 가정 정규분포 추정
신장,cm,남,70~74세,38,164,통계연보 평균(70대)+표준편차 5.8 가정 정규분포 추정
신장,cm,남,70~74세,39,164.2,통계연보 평균(70대)+표준편차 5.8 가정 정규분포 추정
신장,cm,남,70~74세,40,164.3,통계연보 평균(70대)+표준편차 5.8 가정 정규분포 추정
신장,cm,남,70~74세,41,164.5,통계연보 평균(70대)+표준편차 5.8 가정 정규분포 추정
신장,cm,남,70~74세,42,164.6,통계연보 평균(70대)+표준편차 5.8 가정 정규분포 추정
신장,cm,남,70~74세,43,164.8,통계연보 평균(70대)+표준편차 5.8 가정 정규분포 추정
신장,cm,남,70~74세,44,164.9,통계연보 평균(70대)+표준편차 5.8 가정 정규분포 추정
신장,cm,남,70~74세,45,165.1,통계연보 평균(70대)+표준편차 5.8 가정 정규분포 추정
신장,cm,남,70~74세,46,165.2,통계연보 평균(70대)+표준편차 5.8 가정 정규분포 추정
신장,cm,남,70~74세,47,165.4,통계연보 평균(70대)+표준편차 5.8 가정 정규분포 추정
신장,cm,남,70~74세,48,165.5,통계연보 평균(70대)+표준편차 5.8 가정 정규분포 추정
신장,cm,남,70~74세,49,165.7,통계연보 평균(70대)+표준편차 5.8 가정 정규분포 추정
신장,cm,남,70~74세,50,165.8,통계연보 평균(70대)+표준편차 5.8 가정 정규분포 추정
신장,cm,남,70~74세,51,165.9,통계연보 평균(70대)+표준편차 5.8 가정 정규분포 추정
신장,cm,남,70~74세,52,166.1,통계연보 평균(70대)+표준편차 5.8 가정 정규분포 추정
신장,cm,남,70~74세,53,166.2,통계연보 평균(70대)+표준편차 5.8 가정 정규분포 추정
신장,cm,남,70~74세,54,166.4,통계연보 평균(70대)+표준편차 5.8 가정 정규분포 추정
신장,cm,남,70~74세,55,166.5,통계연보 평균(70대)+표준편차 5.8 가정 정규분포 추정
신장,cm,남,70~74세,56,166.7,통계연보 평균(70대)+표준편차 5.8 가정 정규분포 추정
신장,cm,남,70~74세,57,166.8,통계연보 평균(70대)+표준편차 5.8 가정 정규분포 추정
신장,cm,남,70~74세,58,167,통계연보 평균(70대)+표준편차 5.8 가정 정규분포 추정
신장,cm,남,70~74세,59,167.1,통계연보 평균(70대)+표준편차 5.8 가정 정규분포 추정
신장,cm,남,70~74세,60,167.3,통계연보 평균(70대)+표준편차 5.8 가정 정규분포 추정
신장,cm,남,70~74세,61,167.4,통계연보 평균(70대)+표준편차 5.8 가정 정규분포 추정
신장,cm,남,70~74세,62,167.6,통계연보 평균(70대)+표준편차 5.8 가정 정규분포 추정
신장,cm,남,70~74세,63,167.7,통계연보 평균(70대)+표준편차 5.8 가정 정규분포 추정
신장,cm,남,70~74세,64,167.9,통계연보 평균(70대)+표준편차 5.8 가정 정규분포 추정
신장,cm,남,70~74세,65,168,통계연보 평균(70대)+표준편차 5.8 가정 정규분포 추정
신장,cm,남,70~74세,66,168.2,통계연보 평균(70대)+표준편차 5.8 가정 정규분포 추정
신장,cm,남,70~74세,67,168.4,통계연보 평균(70대)+표준편차 5.8 가정 정규분포 추정
신장,cm,남,70~74세,68,168.5,통계연보 평균(70대)+표준편차 5.8 가정 정규분포 추정
신장,cm,남,70~74세,69,168.7,통계연보 평균(70대)+표준편차 5.8 가정 정규분포 추정
신장,cm,남,70~74세,70,168.8,통계연보 평균(70대)+표준편차 5.8 가정 정규분포 추정
신장,cm,남,70~74세,71,169,통계연보 평균(70대)+표준편차 5.8 가정 정규분포 추정
신장,cm,남,70~74세,72,169.2,통계연보 평균(70대)+표준편차 5.8 가정 정규분포 추정
신장,cm,남,70~74세,73,169.4,통계연보 평균(70대)+표준편차 5.8 가정 정규분포 추정
신장,cm,남,70~74세,74,169.5,통계연보 평균(70대)+표준편차 5.8 가정 정규분포 추정
신장,cm,남,70~74세,75,169.7,통계연보 평균(70대)+표준편차 5.8 가정 정규분포 추정
신장,cm,남,70~74세,76,169.9,통계연보 평균(70대)+표준편차 5.8 가정 정규분포 추정
신장,cm,남,70~74세,77,170.1,통계연보 평균(70대)+표준편차 5.8 가정 정규분포 추정
신장,cm,남,70~74세,78,170.3,통계연보 평균(70대)+표준편차 5.8 가정 정규분포 추정
신장,cm,남,70~74세,79,170.5,통계연보 평균(70대)+표준편차 5.8 가정 정규분포 추정
신장,cm,남,70~74세,80,170.7,통계연보 평균(70대)+표준편차 5.8 가정 정규분포 추정
신장,cm,남,70~74세,81,170.9,통계연보 평균(70대)+표준편차 5.8 가정 정규분포 추정
신장,cm,남,70~74세,82,171.1,통계연보 평균(70대)+표준편차 5.8 가정 정규분포 추정
신장,cm,남,70~74세,83,171.3,통계연보 평균(70대)+표준편차 5.8 가정 정규분포 추정
신장,cm,남,70~74세,84,171.6,통계연보 평균(70대)+표준편차 5.8 가정 정규분포 추정
신장,cm,남,70~74세,85,171.8,통계연보 평균(70대)+표준편차 5.8 가정 정규분포 추정
신장,cm,남,70~74세,86,172.1,통계연보 평균(70대)+표준편차 5.8 가정 정규분포 추정
신장,cm,남,70~74세,87,172.3,통계연보 평균(70대)+표준편차 5.8 가정 정규분포 추정
신장,cm,남,70~74세,88,172.6,통계연보 평균(70대)+표준편차 5.8 가정 정규분포 추정
신장,cm,남,70~74세,89,172.9,통계연보 평균(70대)+표준편차 5.8 가정 정규분포 추정
신장,cm,남,70~74세,90,173.2,통계연보 평균(70대)+표준편차 5.8 가정 정규분포 추정
신장,cm,남,70~74세,91,173.6,통계연보 평균(70대)+표준편차 5.8 가정 정규분포 추정
신장,cm,남,70~74세,92,173.9,통계연보 평균(70대)+표준편차 5.8 가정 정규분포 추정
신장,cm,남,70~74세,93,174.4,통계연보 평균(70대)+표준편차 5.8 가정 정규분포 추정
신장,cm,남,70~74세,94,174.8,통계연보 평균(70대)+표준편차 5.8 가정 정규분포 추정
신장,cm,남,70~74세,95,175.3,통계연보 평균(70대)+표준편차 5.8 가정 정규분포 추정
신장,cm,남,70~74세,96,176,통계연보 평균(70대)+표준편차 5.8 가정 정규분포 추정
신장,cm,남,70~74세,97,176.7,통계연보 평균(70대)+표준편차 5.8 가정 정규분포 추정
신장,cm,남,70~74세,98,177.7,통계연보 평균(70대)+표준편차 5.8 가정 정규분포 추정
신장,cm,남,70~74세,99,179.3,통계연보 평균(70대)+표준편차 5.8 가정 정규분포 추정
신장,cm,남,70~74세,100,180.7,통계연보 평균(70대)+표준편차 5.8 가정 정규분포 추정
신장,cm,남,75~79세,1,152.3,통계연보 평균(70대)+표준편차 5.8 가정 정규분포 추정
신장,cm,남,75~79세,2,153.9,통계연보 평균(70대)+표준편차 5.8 가정 정규분포 추정
신장,cm,남,75~79세,3,154.9,통계연보 평균(70대)+표준편차 5.8 가정 정규분포 추정
신장,cm,남,75~79세,4,155.6,통계연보 평균(70대)+표준편차 5.8 가정 정규분포 추정
신장,cm,남,75~79세,5,156.3,통계연보 평균(70대)+표준편차 5.8 가정 정규분포 추정
신장,cm,남,75~79세,6,156.8,통계연보 평균(70대)+표준편차 5.8 가정 정규분포 추정
신장,cm,남,75~79세,7,157.2,통계연보 평균(70대)+표준편차 5.8 가정 정규분포 추정
신장,cm,남,75~79세,8,157.7,통계연보 평균(70대)+표준편차 5.8 가정 정규분포 추정
신장,cm,남,75~79세,9,158,통계연보 평균(70대)+표준편차 5.8 가정 정규분포 추정
신장,cm,남,75~79세,10,158.4,통계연보 평균(70대)+표준편차 5.8 가정 정규분포 추정
신장,cm,남,75~79세,11,158.7,통계연보 평균(70대)+표준편차 5.8 가정 정규분포 추정
신장,cm,남,75~79세,12,159,통계연보 평균(70대)+표준편차 5.8 가정 정규분포 추정
신장,cm,남,75~79세,13,159.3,통계연보 평균(70대)+표준편차 5.8 가정 정규분포 추정
신장,cm,남,75~79세,14,159.5,통계연보 평균(70대)+표준편차 5.8 가정 정규분포 추정
신장,cm,남,75~79세,15,159.8,통계연보 평균(70대)+표준편차 5.8 가정 정규분포 추정
신장,cm,남,75~79세,16,160,통계연보 평균(70대)+표준편차 5.8 가정 정규분포 추정
신장,cm,남,75~79세,17,160.3,통계연보 평균(70대)+표준편차 5.8 가정 정규분포 추정
신장,cm,남,75~79세,18,160.5,통계연보 평균(70대)+표준편차 5.8 가정 정규분포 추정
신장,cm,남,75~79세,19,160.7,통계연보 평균(70대)+표준편차 5.8 가정 정규분포 추정
신장,cm,남,75~79세,20,160.9,통계연보 평균(70대)+표준편차 5.8 가정 정규분포 추정
신장,cm,남,75~79세,21,161.1,통계연보 평균(70대)+표준편차 5.8 가정 정규분포 추정
신장,cm,남,75~79세,22,161.3,통계연보 평균(70대)+표준편차 5.8 가정 정규분포 추정
신장,cm,남,75~79세,23,161.5,통계연보 평균(70대)+표준편차 5.8 가정 정규분포 추정
신장,cm,남,75~79세,24,161.7,통계연보 평균(70대)+표준편차 5.8 가정 정규분포 추정
신장,cm,남,75~79세,25,161.9,통계연보 평균(70대)+표준편차 5.8 가정 정규분포 추정
신장,cm,남,75~79세,26,162.1,통계연보 평균(70대)+표준편차 5.8 가정 정규분포 추정
신장,cm,남,75~79세,27,162.2,통계연보 평균(70대)+표준편차 5.8 가정 정규분포 추정
신장,cm,남,75~79세,28,162.4,통계연보 평균(70대)+표준편차 5.8 가정 정규분포 추정
신장,cm,남,75~79세,29,162.6,통계연보 평균(70대)+표준편차 5.8 가정 정규분포 추정
신장,cm,남,75~79세,30,162.8,통계연보 평균(70대)+표준편차 5.8 가정 정규분포 추정
신장,cm,남,75~79세,31,162.9,통계연보 평균(70대)+표준편차 5.8 가정 정규분포 추정
신장,cm,남,75~79세,32,163.1,통계연보 평균(70대)+표준편차 5.8 가정 정규분포 추정
신장,cm,남,75~79세,33,163.2,통계연보 평균(70대)+표준편차 5.8 가정 정규분포 추정
신장,cm,남,75~79세,34,163.4,통계연보 평균(70대)+표준편차 5.8 가정 정규분포 추정
신장,cm,남,75~79세,35,163.6,통계연보 평균(70대)+표준편차 5.8 가정 정규분포 추정
신장,cm,남,75~79세,36,163.7,통계연보 평균(70대)+표준편차 5.8 가정 정규분포 추정
신장,cm,남,75~79세,37,163.9,통계연보 평균(70대)+표준편차 5.8 가정 정규분포 추정
신장,cm,남,75~79세,38,164,통계연보 평균(70대)+표준편차 5.8 가정 정규분포 추정
신장,cm,남,75~79세,39,164.2,통계연보 평균(70대)+표준편차 5.8 가정 정규분포 추정
신장,cm,남,75~79세,40,164.3,통계연보 평균(70대)+표준편차 5.8 가정 정규분포 추정
신장,cm,남,75~79세,41,164.5,통계연보 평균(70대)+표준편차 5.8 가정 정규분포 추정
신장,cm,남,75~79세,42,164.6,통계연보 평균(70대)+표준편차 5.8 가정 정규분포 추정
신장,cm,남,75~79세,43,164.8,통계연보 평균(70대)+표준편차 5.8 가정 정규분포 추정
신장,cm,남,75~79세,44,164.9,통계연보 평균(70대)+표준편차 5.8 가정 정규분포 추정
신장,cm,남,75~79세,45,165.1,통계연보 평균(70대)+표준편차 5.8 가정 정규분포 추정
신장,cm,남,75~79세,46,165.2,통계연보 평균(70대)+표준편차 5.8 가정 정규분포 추정
신장,cm,남,75~79세,47,165.4,통계연보 평균(70대)+표준편차 5.8 가정 정규분포 추정
신장,cm,남,75~79세,48,165.5,통계연보 평균(70대)+표준편차 5.8 가정 정규분포 추정
신장,cm,남,75~79세,49,165.7,통계연보 평균(70대)+표준편차 5.8 가정 정규분포 추정
신장,cm,남,75~79세,50,165.8,통계연보 평균(70대)+표준편차 5.8 가정 정규분포 추정
신장,cm,남,75~79세,51,165.9,통계연보 평균(70대)+표준편차 5.8 가정 정규분포 추정
신장,cm,남,75~79세,52,166.1,통계연보 평균(70대)+표준편차 5.8 가정 정규분포 추정
신장,cm,남,75~79세,53,166.2,통계연보 평균(70대)+표준편차 5.8 가정 정규분포 추정
신장,cm,남,75~79세,54,166.4,통계연보 평균(70대)+표준편차 5.8 가정 정규분포 추정
신장,cm,남,75~79세,55,166.5,통계연보 평균(70대)+표준편차 5.8 가정 정규분포 추정
신장,cm,남,75~79세,56,166.7,통계연보 평균(70대)+표준편차 5.8 가정 정규분포 추정
신장,cm,남,75~79세,57,166.8,통계연보 평균(70대)+표준편차 5.8 가정 정규분포 추정
신장,cm,남,75~79세,58,167,통계연보 평균(70대)+표준편차 5.8 가정 정규분포 추정
신장,cm,남,75~79세,59,167.1,통계연보 평균(70대)+표준편차 5.8 가정 정규분포 추정
신장,cm,남,75~79세,60,167.3,통계연보 평균(70대)+표준편차 5.8 가정 정규분포 추정
신장,cm,남,75~79세,61,167.4,통계연보 평균(70대)+표준편차 5.8 가정 정규분포 추정
신장,cm,남,75~79세,62,167.6,통계연보 평균(70대)+표준편차 5.8 가정 정규분포 추정
신장,cm,남,75~79세,63,167.7,통계연보 평균(70대)+표준편차 5.8 가정 정규분포 추정
신장,cm,남,75~79세,64,167.9,통계연보 평균(70대)+표준편차 5.8 가정 정규분포 추정
신장,cm,남,75~79세,65,168,통계연보 평균(70대)+표준편차 5.8 가정 정규분포 추정
신장,cm,남,75~79세,66,168.2,통계연보 평균(70대)+표준편차 5.8 가정 정규분포 추정
신장,cm,남,75~79세,67,168.4,통계연보 평균(70대)+표준편차 5.8 가정 정규분포 추정
신장,cm,남,75~79세,68,168.5,통계연보 평균(70대)+표준편차 5.8 가정 정규분포 추정
신장,cm,남,75~79세,69,168.7,통계연보 평균(70대)+표준편차 5.8 가정 정규분포 추정
신장,cm,남,75~79세,70,168.8,통계연보 평균(70대)+표준편차 5.8 가정 정규분포 추정
신장,cm,남,75~79세,71,169,통계연보 평균(70대)+표준편차 5.8 가정 정규분포 추정
신장,cm,남,75~79세,72,169.2,통계연보 평균(70대)+표준편차 5.8 가정 정규분포 추정
신장,cm,남,75~79세,73,169.4,통계연보 평균(70대)+표준편차 5.8 가정 정규분포 추정
신장,cm,남,75~79세,74,169.5,통계연보 평균(70대)+표준편차 5.8 가정 정규분포 추정
신장,cm,남,75~79세,75,169.7,통계연보 평균(70대)+표준편차 5.8 가정 정규분포 추정
신장,cm,남,75~79세,76,169.9,통계연보 평균(70대)+표준편차 5.8 가정 정규분포 추정
신장,cm,남,75~79세,77,170.1,통계연보 평균(70대)+표준편차 5.8 가정 정규분포 추정
신장,cm,남,75~79세,78,170.3,통계연보 평균(70대)+표준편차 5.8 가정 정규분포 추정
신장,cm,남,75~79세,79,170.5,통계연보 평균(70대)+표준편차 5.8 가정 정규분포 추정
신장,cm,남,75~79세,80,170.7,통계연보 평균(70대)+표준편차 5.8 가정 정규분포 추정
신장,cm,남,75~79세,81,170.9,통계연보 평균(70대)+표준편차 5.8 가정 정규분포 추정
신장,cm,남,75~79세,82,171.1,통계연보 평균(70대)+표준편차 5.8 가정 정규분포 추정
신장,cm,남,75~79세,83,171.3,통계연보 평균(70대)+표준편차 5.8 가정 정규분포 추정
신장,cm,남,75~79세,84,171.6,통계연보 평균(70대)+표준편차 5.8 가정 정규분포 추정
신장,cm,남,75~79세,85,171.8,통계연보 평균(70대)+표준편차 5.8 가정 정규분포 추정
신장,cm,남,75~79세,86,172.1,통계연보 평균(70대)+표준편차 5.8 가정 정규분포 추정
신장,cm,남,75~79세,87,172.3,통계연보 평균(70대)+표준편차 5.8 가정 정규분포 추정
신장,cm,남,75~79세,88,172.6,통계연보 평균(70대)+표준편차 5.8 가정 정규분포 추정
신장,cm,남,75~79세,89,172.9,통계연보 평균(70대)+표준편차 5.8 가정 정규분포 추정
신장,cm,남,75~79세,90,173.2,통계연보 평균(70대)+표준편차 5.8 가정 정규분포 추정
신장,cm,남,75~79세,91,173.6,통계연보 평균(70대)+표준편차 5.8 가정 정규분포 추정
신장,cm,남,75~79세,92,173.9,통계연보 평균(70대)+표준편차 5.8 가정 정규분포 추정
신장,cm,남,75~79세,93,174.4,통계연보 평균(70대)+표준편차 5.8 가정 정규분포 추정
신장,cm,남,75~79세,94,174.8,통계연보 평균(70대)+표준편차 5.8 가정 정규분포 추정
신장,cm,남,75~79세,95,175.3,통계연보 평균(70대)+표준편차 5.8 가정 정규분포 추정
신장,cm,남,75~79세,96,176,통계연보 평균(70대)+표준편차 5.8 가정 정규분포 추정
신장,cm,남,75~79세,97,176.7,통계연보 평균(70대)+표준편차 5.8 가정 정규분포 추정
신장,cm,남,75~79세,98,177.7,통계연보 평균(70대)+표준편차 5.8 가정 정규분포 추정
신장,cm,남,75~79세,99,179.3,통계연보 평균(70대)+표준편차 5.8 가정 정규분포 추정
신장,cm,남,75~79세,100,180.7,통계연보 평균(70대)+표준편차 5.8 가정 정규분포 추정
신장,cm,남,80~84세,1,150.3,통계연보 평균(80세이상)+표준편차 5.8 가정 정규분포 추정
신장,cm,남,80~84세,2,151.9,통계연보 평균(80세이상)+표준편차 5.8 가정 정규분포 추정
신장,cm,남,80~84세,3,152.9,통계연보 평균(80세이상)+표준편차 5.8 가정 정규분포 추정
신장,cm,남,80~84세,4,153.6,통계연보 평균(80세이상)+표준편차 5.8 가정 정규분포 추정
신장,cm,남,80~84세,5,154.3,통계연보 평균(80세이상)+표준편차 5.8 가정 정규분포 추정
신장,cm,남,80~84세,6,154.8,통계연보 평균(80세이상)+표준편차 5.8 가정 정규분포 추정
신장,cm,남,80~84세,7,155.2,통계연보 평균(80세이상)+표준편차 5.8 가정 정규분포 추정
신장,cm,남,80~84세,8,155.7,통계연보 평균(80세이상)+표준편차 5.8 가정 정규분포 추정
신장,cm,남,80~84세,9,156,통계연보 평균(80세이상)+표준편차 5.8 가정 정규분포 추정
신장,cm,남,80~84세,10,156.4,통계연보 평균(80세이상)+표준편차 5.8 가정 정규분포 추정
신장,cm,남,80~84세,11,156.7,통계연보 평균(80세이상)+표준편차 5.8 가정 정규분포 추정
신장,cm,남,80~84세,12,157,통계연보 평균(80세이상)+표준편차 5.8 가정 정규분포 추정
신장,cm,남,80~84세,13,157.3,통계연보 평균(80세이상)+표준편차 5.8 가정 정규분포 추정
신장,cm,남,80~84세,14,157.5,통계연보 평균(80세이상)+표준편차 5.8 가정 정규분포 추정
신장,cm,남,80~84세,15,157.8,통계연보 평균(80세이상)+표준편차 5.8 가정 정규분포 추정
신장,cm,남,80~84세,16,158,통계연보 평균(80세이상)+표준편차 5.8 가정 정규분포 추정
신장,cm,남,80~84세,17,158.3,통계연보 평균(80세이상)+표준편차 5.8 가정 정규분포 추정
신장,cm,남,80~84세,18,158.5,통계연보 평균(80세이상)+표준편차 5.8 가정 정규분포 추정
신장,cm,남,80~84세,19,158.7,통계연보 평균(80세이상)+표준편차 5.8 가정 정규분포 추정
신장,cm,남,80~84세,20,158.9,통계연보 평균(80세이상)+표준편차 5.8 가정 정규분포 추정
신장,cm,남,80~84세,21,159.1,통계연보 평균(80세이상)+표준편차 5.8 가정 정규분포 추정
신장,cm,남,80~84세,22,159.3,통계연보 평균(80세이상)+표준편차 5.8 가정 정규분포 추정
신장,cm,남,80~84세,23,159.5,통계연보 평균(80세이상)+표준편차 5.8 가정 정규분포 추정
신장,cm,남,80~84세,24,159.7,통계연보 평균(80세이상)+표준편차 5.8 가정 정규분포 추정
신장,cm,남,80~84세,25,159.9,통계연보 평균(80세이상)+표준편차 5.8 가정 정규분포 추정
신장,cm,남,80~84세,26,160.1,통계연보 평균(80세이상)+표준편차 5.8 가정 정규분포 추정
신장,cm,남,80~84세,27,160.2,통계연보 평균(80세이상)+표준편차 5.8 가정 정규분포 추정
신장,cm,남,80~84세,28,160.4,통계연보 평균(80세이상)+표준편차 5.8 가정 정규분포 추정
신장,cm,남,80~84세,29,160.6,통계연보 평균(80세이상)+표준편차 5.8 가정 정규분포 추정
신장,cm,남,80~84세,30,160.8,통계연보 평균(80세이상)+표준편차 5.8 가정 정규분포 추정
신장,cm,남,80~84세,31,160.9,통계연보 평균(80세이상)+표준편차 5.8 가정 정규분포 추정
신장,cm,남,80~84세,32,161.1,통계연보 평균(80세이상)+표준편차 5.8 가정 정규분포 추정
신장,cm,남,80~84세,33,161.2,통계연보 평균(80세이상)+표준편차 5.8 가정 정규분포 추정
신장,cm,남,80~84세,34,161.4,통계연보 평균(80세이상)+표준편차 5.8 가정 정규분포 추정
신장,cm,남,80~84세,35,161.6,통계연보 평균(80세이상)+표준편차 5.8 가정 정규분포 추정
신장,cm,남,80~84세,36,161.7,통계연보 평균(80세이상)+표준편차 5.8 가정 정규분포 추정
신장,cm,남,80~84세,37,161.9,통계연보 평균(80세이상)+표준편차 5.8 가정 정규분포 추정
신장,cm,남,80~84세,38,162,통계연보 평균(80세이상)+표준편차 5.8 가정 정규분포 추정
신장,cm,남,80~84세,39,162.2,통계연보 평균(80세이상)+표준편차 5.8 가정 정규분포 추정
신장,cm,남,80~84세,40,162.3,통계연보 평균(80세이상)+표준편차 5.8 가정 정규분포 추정
신장,cm,남,80~84세,41,162.5,통계연보 평균(80세이상)+표준편차 5.8 가정 정규분포 추정
신장,cm,남,80~84세,42,162.6,통계연보 평균(80세이상)+표준편차 5.8 가정 정규분포 추정
신장,cm,남,80~84세,43,162.8,통계연보 평균(80세이상)+표준편차 5.8 가정 정규분포 추정
신장,cm,남,80~84세,44,162.9,통계연보 평균(80세이상)+표준편차 5.8 가정 정규분포 추정
신장,cm,남,80~84세,45,163.1,통계연보 평균(80세이상)+표준편차 5.8 가정 정규분포 추정
신장,cm,남,80~84세,46,163.2,통계연보 평균(80세이상)+표준편차 5.8 가정 정규분포 추정
신장,cm,남,80~84세,47,163.4,통계연보 평균(80세이상)+표준편차 5.8 가정 정규분포 추정
신장,cm,남,80~84세,48,163.5,통계연보 평균(80세이상)+표준편차 5.8 가정 정규분포 추정
신장,cm,남,80~84세,49,163.7,통계연보 평균(80세이상)+표준편차 5.8 가정 정규분포 추정
신장,cm,남,80~84세,50,163.8,통계연보 평균(80세이상)+표준편차 5.8 가정 정규분포 추정
신장,cm,남,80~84세,51,163.9,통계연보 평균(80세이상)+표준편차 5.8 가정 정규분포 추정
신장,cm,남,80~84세,52,164.1,통계연보 평균(80세이상)+표준편차 5.8 가정 정규분포 추정
신장,cm,남,80~84세,53,164.2,통계연보 평균(80세이상)+표준편차 5.8 가정 정규분포 추정
신장,cm,남,80~84세,54,164.4,통계연보 평균(80세이상)+표준편차 5.8 가정 정규분포 추정
신장,cm,남,80~84세,55,164.5,통계연보 평균(80세이상)+표준편차 5.8 가정 정규분포 추정
신장,cm,남,80~84세,56,164.7,통계연보 평균(80세이상)+표준편차 5.8 가정 정규분포 추정
신장,cm,남,80~84세,57,164.8,통계연보 평균(80세이상)+표준편차 5.8 가정 정규분포 추정
신장,cm,남,80~84세,58,165,통계연보 평균(80세이상)+표준편차 5.8 가정 정규분포 추정
신장,cm,남,80~84세,59,165.1,통계연보 평균(80세이상)+표준편차 5.8 가정 정규분포 추정
신장,cm,남,80~84세,60,165.3,통계연보 평균(80세이상)+표준편차 5.8 가정 정규분포 추정
신장,cm,남,80~84세,61,165.4,통계연보 평균(80세이상)+표준편차 5.8 가정 정규분포 추정
신장,cm,남,80~84세,62,165.6,통계연보 평균(80세이상)+표준편차 5.8 가정 정규분포 추정
신장,cm,남,80~84세,63,165.7,통계연보 평균(80세이상)+표준편차 5.8 가정 정규분포 추정
신장,cm,남,80~84세,64,165.9,통계연보 평균(80세이상)+표준편차 5.8 가정 정규분포 추정
신장,cm,남,80~84세,65,166,통계연보 평균(80세이상)+표준편차 5.8 가정 정규분포 추정
신장,cm,남,80~84세,66,166.2,통계연보 평균(80세이상)+표준편차 5.8 가정 정규분포 추정
신장,cm,남,80~84세,67,166.4,통계연보 평균(80세이상)+표준편차 5.8 가정 정규분포 추정
신장,cm,남,80~84세,68,166.5,통계연보 평균(80세이상)+표준편차 5.8 가정 정규분포 추정
신장,cm,남,80~84세,69,166.7,통계연보 평균(80세이상)+표준편차 5.8 가정 정규분포 추정
신장,cm,남,80~84세,70,166.8,통계연보 평균(80세이상)+표준편차 5.8 가정 정규분포 추정
신장,cm,남,80~84세,71,167,통계연보 평균(80세이상)+표준편차 5.8 가정 정규분포 추정
신장,cm,남,80~84세,72,167.2,통계연보 평균(80세이상)+표준편차 5.8 가정 정규분포 추정
신장,cm,남,80~84세,73,167.4,통계연보 평균(80세이상)+표준편차 5.8 가정 정규분포 추정
신장,cm,남,80~84세,74,167.5,통계연보 평균(80세이상)+표준편차 5.8 가정 정규분포 추정
신장,cm,남,80~84세,75,167.7,통계연보 평균(80세이상)+표준편차 5.8 가정 정규분포 추정
신장,cm,남,80~84세,76,167.9,통계연보 평균(80세이상)+표준편차 5.8 가정 정규분포 추정
신장,cm,남,80~84세,77,168.1,통계연보 평균(80세이상)+표준편차 5.8 가정 정규분포 추정
신장,cm,남,80~84세,78,168.3,통계연보 평균(80세이상)+표준편차 5.8 가정 정규분포 추정
신장,cm,남,80~84세,79,168.5,통계연보 평균(80세이상)+표준편차 5.8 가정 정규분포 추정
신장,cm,남,80~84세,80,168.7,통계연보 평균(80세이상)+표준편차 5.8 가정 정규분포 추정
신장,cm,남,80~84세,81,168.9,통계연보 평균(80세이상)+표준편차 5.8 가정 정규분포 추정
신장,cm,남,80~84세,82,169.1,통계연보 평균(80세이상)+표준편차 5.8 가정 정규분포 추정
신장,cm,남,80~84세,83,169.3,통계연보 평균(80세이상)+표준편차 5.8 가정 정규분포 추정
신장,cm,남,80~84세,84,169.6,통계연보 평균(80세이상)+표준편차 5.8 가정 정규분포 추정
신장,cm,남,80~84세,85,169.8,통계연보 평균(80세이상)+표준편차 5.8 가정 정규분포 추정
신장,cm,남,80~84세,86,170.1,통계연보 평균(80세이상)+표준편차 5.8 가정 정규분포 추정
신장,cm,남,80~84세,87,170.3,통계연보 평균(80세이상)+표준편차 5.8 가정 정규분포 추정
신장,cm,남,80~84세,88,170.6,통계연보 평균(80세이상)+표준편차 5.8 가정 정규분포 추정
신장,cm,남,80~84세,89,170.9,통계연보 평균(80세이상)+표준편차 5.8 가정 정규분포 추정
신장,cm,남,80~84세,90,171.2,통계연보 평균(80세이상)+표준편차 5.8 가정 정규분포 추정
신장,cm,남,80~84세,91,171.6,통계연보 평균(80세이상)+표준편차 5.8 가정 정규분포 추정
신장,cm,남,80~84세,92,171.9,통계연보 평균(80세이상)+표준편차 5.8 가정 정규분포 추정
신장,cm,남,80~84세,93,172.4,통계연보 평균(80세이상)+표준편차 5.8 가정 정규분포 추정
신장,cm,남,80~84세,94,172.8,통계연보 평균(80세이상)+표준편차 5.8 가정 정규분포 추정
신장,cm,남,80~84세,95,173.3,통계연보 평균(80세이상)+표준편차 5.8 가정 정규분포 추정
신장,cm,남,80~84세,96,174,통계연보 평균(80세이상)+표준편차 5.8 가정 정규분포 추정
신장,cm,남,80~84세,97,174.7,통계연보 평균(80세이상)+표준편차 5.8 가정 정규분포 추정
신장,cm,남,80~84세,98,175.7,통계연보 평균(80세이상)+표준편차 5.8 가정 정규분포 추정
신장,cm,남,80~84세,99,177.3,통계연보 평균(80세이상)+표준편차 5.8 가정 정규분포 추정
신장,cm,남,80~84세,100,178.7,통계연보 평균(80세이상)+표준편차 5.8 가정 정규분포 추정
신장,cm,남,85세이상,1,150.3,통계연보 평균(80세이상)+표준편차 5.8 가정 정규분포 추정
신장,cm,남,85세이상,2,151.9,통계연보 평균(80세이상)+표준편차 5.8 가정 정규분포 추정
신장,cm,남,85세이상,3,152.9,통계연보 평균(80세이상)+표준편차 5.8 가정 정규분포 추정
신장,cm,남,85세이상,4,153.6,통계연보 평균(80세이상)+표준편차 5.8 가정 정규분포 추정
신장,cm,남,85세이상,5,154.3,통계연보 평균(80세이상)+표준편차 5.8 가정 정규분포 추정
신장,cm,남,85세이상,6,154.8,통계연보 평균(80세이상)+표준편차 5.8 가정 정규분포 추정
신장,cm,남,85세이상,7,155.2,통계연보 평균(80세이상)+표준편차 5.8 가정 정규분포 추정
신장,cm,남,85세이상,8,155.7,통계연보 평균(80세이상)+표준편차 5.8 가정 정규분포 추정
신장,cm,남,85세이상,9,156,통계연보 평균(80세이상)+표준편차 5.8 가정 정규분포 추정
신장,cm,남,85세이상,10,156.4,통계연보 평균(80세이상)+표준편차 5.8 가정 정규분포 추정
신장,cm,남,85세이상,11,156.7,통계연보 평균(80세이상)+표준편차 5.8 가정 정규분포 추정
신장,cm,남,85세이상,12,157,통계연보 평균(80세이상)+표준편차 5.8 가정 정규분포 추정
신장,cm,남,85세이상,13,157.3,통계연보 평균(80세이상)+표준편차 5.8 가정 정규분포 추정
신장,cm,남,85세이상,14,157.5,통계연보 평균(80세이상)+표준편차 5.8 가정 정규분포 추정
신장,cm,남,85세이상,15,157.8,통계연보 평균(80세이상)+표준편차 5.8 가정 정규분포 추정
신장,cm,남,85세이상,16,158,통계연보 평균(80세이상)+표준편차 5.8 가정 정규분포 추정
신장,cm,남,85세이상,17,158.3,통계연보 평균(80세이상)+표준편차 5.8 가정 정규분포 추정
신장,cm,남,85세이상,18,158.5,통계연보 평균(80세이상)+표준편차 5.8 가정 정규분포 추정
신장,cm,남,85세이상,19,158.7,통계연보 평균(80세이상)+표준편차 5.8 가정 정규분포 추정
신장,cm,남,85세이상,20,158.9,통계연보 평균(80세이상)+표준편차 5.8 가정 정규분포 추정
신장,cm,남,85세이상,21,159.1,통계연보 평균(80세이상)+표준편차 5.8 가정 정규분포 추정
신장,cm,남,85세이상,22,159.3,통계연보 평균(80세이상)+표준편차 5.8 가정 정규분포 추정
신장,cm,남,85세이상,23,159.5,통계연보 평균(80세이상)+표준편차 5.8 가정 정규분포 추정
신장,cm,남,85세이상,24,159.7,통계연보 평균(80세이상)+표준편차 5.8 가정 정규분포 추정
신장,cm,남,85세이상,25,159.9,통계연보 평균(80세이상)+표준편차 5.8 가정 정규분포 추정
신장,cm,남,85세이상,26,160.1,통계연보 평균(80세이상)+표준편차 5.8 가정 정규분포 추정
신장,cm,남,85세이상,27,160.2,통계연보 평균(80세이상)+표준편차 5.8 가정 정규분포 추정
신장,cm,남,85세이상,28,160.4,통계연보 평균(80세이상)+표준편차 5.8 가정 정규분포 추정
신장,cm,남,85세이상,29,160.6,통계연보 평균(80세이상)+표준편차 5.8 가정 정규분포 추정
신장,cm,남,85세이상,30,160.8,통계연보 평균(80세이상)+표준편차 5.8 가정 정규분포 추정
신장,cm,남,85세이상,31,160.9,통계연보 평균(80세이상)+표준편차 5.8 가정 정규분포 추정
신장,cm,남,85세이상,32,161.1,통계연보 평균(80세이상)+표준편차 5.8 가정 정규분포 추정
신장,cm,남,85세이상,33,161.2,통계연보 평균(80세이상)+표준편차 5.8 가정 정규분포 추정
신장,cm,남,85세이상,34,161.4,통계연보 평균(80세이상)+표준편차 5.8 가정 정규분포 추정
신장,cm,남,85세이상,35,161.6,통계연보 평균(80세이상)+표준편차 5.8 가정 정규분포 추정
신장,cm,남,85세이상,36,161.7,통계연보 평균(80세이상)+표준편차 5.8 가정 정규분포 추정
신장,cm,남,85세이상,37,161.9,통계연보 평균(80세이상)+표준편차 5.8 가정 정규분포 추정
신장,cm,남,85세이상,38,162,통계연보 평균(80세이상)+표준편차 5.8 가정 정규분포 추정
신장,cm,남,85세이상,39,162.2,통계연보 평균(80세이상)+표준편차 5.8 가정 정규분포 추정
신장,cm,남,85세이상,40,162.3,통계연보 평균(80세이상)+표준편차 5.8 가정 정규분포 추정
신장,cm,남,85세이상,41,162.5,통계연보 평균(80세이상)+표준편차 5.8 가정 정규분포 추정
신장,cm,남,85세이상,42,162.6,통계연보 평균(80세이상)+표준편차 5.8 가정 정규분포 추정
신장,cm,남,85세이상,43,162.8,통계연보 평균(80세이상)+표준편차 5.8 가정 정규분포 추정
신장,cm,남,85세이상,44,162.9,통계연보 평균(80세이상)+표준편차 5.8 가정 정규분포 추정
신장,cm,남,85세이상,45,163.1,통계연보 평균(80세이상)+표준편차 5.8 가정 정규분포 추정
신장,cm,남,85세이상,46,163.2,통계연보 평균(80세이상)+표준편차 5.8 가정 정규분포 추정
신장,cm,남,85세이상,47,163.4,통계연보 평균(80세이상)+표준편차 5.8 가정 정규분포 추정
신장,cm,남,85세이상,48,163.5,통계연보 평균(80세이상)+표준편차 5.8 가정 정규분포 추정
신장,cm,남,85세이상,49,163.7,통계연보 평균(80세이상)+표준편차 5.8 가정 정규분포 추정
신장,cm,남,85세이상,50,163.8,통계연보 평균(80세이상)+표준편차 5.8 가정 정규분포 추정
신장,cm,남,85세이상,51,163.9,통계연보 평균(80세이상)+표준편차 5.8 가정 정규분포 추정
신장,cm,남,85세이상,52,164.1,통계연보 평균(80세이상)+표준편차 5.8 가정 정규분포 추정
신장,cm,남,85세이상,53,164.2,통계연보 평균(80세이상)+표준편차 5.8 가정 정규분포 추정
신장,cm,남,85세이상,54,164.4,통계연보 평균(80세이상)+표준편차 5.8 가정 정규분포 추정
신장,cm,남,85세이상,55,164.5,통계연보 평균(80세이상)+표준편차 5.8 가정 정규분포 추정
신장,cm,남,85세이상,56,164.7,통계연보 평균(80세이상)+표준편차 5.8 가정 정규분포 추정
신장,cm,남,85세이상,57,164.8,통계연보 평균(80세이상)+표준편차 5.8 가정 정규분포 추정
신장,cm,남,85세이상,58,165,통계연보 평균(80세이상)+표준편차 5.8 가정 정규분포 추정
신장,cm,남,85세이상,59,165.1,통계연보 평균(80세이상)+표준편차 5.8 가정 정규분포 추정
신장,cm,남,85세이상,60,165.3,통계연보 평균(80세이상)+표준편차 5.8 가정 정규분포 추정
신장,cm,남,85세이상,61,165.4,통계연보 평균(80세이상)+표준편차 5.8 가정 정규분포 추정
신장,cm,남,85세이상,62,165.6,통계연보 평균(80세이상)+표준편차 5.8 가정 정규분포 추정
신장,cm,남,85세이상,63,165.7,통계연보 평균(80세이상)+표준편차 5.8 가정 정규분포 추정
신장,cm,남,85세이상,64,165.9,통계연보 평균(80세이상)+표준편차 5.8 가정 정규분포 추정
신장,cm,남,85세이상,65,166,통계연보 평균(80세이상)+표준편차 5.8 가정 정규분포 추정
신장,cm,남,85세이상,66,166.2,통계연보 평균(80세이상)+표준편차 5.8 가정 정규분포 추정
신장,cm,남,85세이상,67,166.4,통계연보 평균(80세이상)+표준편차 5.8 가정 정규분포 추정
신장,cm,남,85세이상,68,166.5,통계연보 평균(80세이상)+표준편차 5.8 가정 정규분포 추정
신장,cm,남,85세이상,69,166.7,통계연보 평균(80세이상)+표준편차 5.8 가정 정규분포 추정
신장,cm,남,85세이상,70,166.8,통계연보 평균(80세이상)+표준편차 5.8 가정 정규분포 추정
신장,cm,남,85세이상,71,167,통계연보 평균(80세이상)+표준편차 5.8 가정 정규분포 추정
신장,cm,남,85세이상,72,167.2,통계연보 평균(80세이상)+표준편차 5.8 가정 정규분포 추정
신장,cm,남,85세이상,73,167.4,통계연보 평균(80세이상)+표준편차 5.8 가정 정규분포 추정
신장,cm,남,85세이상,74,167.5,통계연보 평균(80세이상)+표준편차 5.8 가정 정규분포 추정
신장,cm,남,85세이상,75,167.7,통계연보 평균(80세이상)+표준편차 5.8 가정 정규분포 추정
신장,cm,남,85세이상,76,167.9,통계연보 평균(80세이상)+표준편차 5.8 가정 정규분포 추정
신장,cm,남,85세이상,77,168.1,통계연보 평균(80세이상)+표준편차 5.8 가정 정규분포 추정
신장,cm,남,85세이상,78,168.3,통계연보 평균(80세이상)+표준편차 5.8 가정 정규분포 추정
신장,cm,남,85세이상,79,168.5,통계연보 평균(80세이상)+표준편차 5.8 가정 정규분포 추정
신장,cm,남,85세이상,80,168.7,통계연보 평균(80세이상)+표준편차 5.8 가정 정규분포 추정
신장,cm,남,85세이상,81,168.9,통계연보 평균(80세이상)+표준편차 5.8 가정 정규분포 추정
신장,cm,남,85세이상,82,169.1,통계연보 평균(80세이상)+표준편차 5.8 가정 정규분포 추정
신장,cm,남,85세이상,83,169.3,통계연보 평균(80세이상)+표준편차 5.8 가정 정규분포 추정
신장,cm,남,85세이상,84,169.6,통계연보 평균(80세이상)+표준편차 5.8 가정 정규분포 추정
신장,cm,남,85세이상,85,169.8,통계연보 평균(80세이상)+표준편차 5.8 가정 정규분포 추정
신장,cm,남,85세이상,86,170.1,통계연보 평균(80세이상)+표준편차 5.8 가정 정규분포 추정
신장,cm,남,85세이상,87,170.3,통계연보 평균(80세이상)+표준편차 5.8 가정 정규분포 추정
신장,cm,남,85세이상,88,170.6,통계연보 평균(80세이상)+표준편차 5.8 가정 정규분포 추정
신장,cm,남,85세이상,89,170.9,통계연보 평균(80세이상)+표준편차 5.8 가정 정규분포 추정
신장,cm,남,85세이상,90,171.2,통계연보 평균(80세이상)+표준편차 5.8 가정 정규분포 추정
신장,cm,남,85세이상,91,171.6,통계연보 평균(80세이상)+표준편차 5.8 가정 정규분포 추정
신장,cm,남,85세이상,92,171.9,통계연보 평균(80세이상)+표준편차 5.8 가정 정규분포 추정
신장,cm,남,85세이상,93,172.4,통계연보 평균(80세이상)+표준편차 5.8 가정 정규분포 추정
신장,cm,남,85세이상,94,172.8,통계연보 평균(80세이상)+표준편차 5.8 가정 정규분포 추정
신장,cm,남,85세이상,95,173.3,통계연보 평균(80세이상)+표준편차 5.8 가정 정규분포 추정
신장,cm,남,85세이상,96,174,통계연보 평균(80세이상)+표준편차 5.8 가정 정규분포 추정
신장,cm,남,85세이상,97,174.7,통계연보 평균(80세이상)+표준편차 5.8 가정 정규분포 추정
신장,cm,남,85세이상,98,175.7,통계연보 평균(80세이상)+표준편차 5.8 가정 정규분포 추정
신장,cm,남,85세이상,99,177.3,통계연보 평균(80세이상)+표준편차 5.8 가정 정규분포 추정
신장,cm,남,85세이상,100,178.7,통계연보 평균(80세이상)+표준편차 5.8 가정 정규분포 추정
신장,cm,여,19세이하,1,149.3,통계연보 평균(19세이하)+표준편차 5.4 가정 정규분포 추정
신장,cm,여,19세이하,2,150.8,통계연보 평균(19세이하)+표준편차 5.4 가정 정규분포 추정
신장,cm,여,19세이하,3,151.7,통계연보 평균(19세이하)+표준편차 5.4 가정 정규분포 추정
신장,cm,여,19세이하,4,152.4,통계연보 평균(19세이하)+표준편차 5.4 가정 정규분포 추정
신장,cm,여,19세이하,5,153,통계연보 평균(19세이하)+표준편차 5.4 가정 정규분포 추정
신장,cm,여,19세이하,6,153.5,통계연보 평균(19세이하)+표준편차 5.4 가정 정규분포 추정
신장,cm,여,19세이하,7,153.9,통계연보 평균(19세이하)+표준편차 5.4 가정 정규분포 추정
신장,cm,여,19세이하,8,154.3,통계연보 평균(19세이하)+표준편차 5.4 가정 정규분포 추정
신장,cm,여,19세이하,9,154.7,통계연보 평균(19세이하)+표준편차 5.4 가정 정규분포 추정
신장,cm,여,19세이하,10,155,통계연보 평균(19세이하)+표준편차 5.4 가정 정규분포 추정
신장,cm,여,19세이하,11,155.3,통계연보 평균(19세이하)+표준편차 5.4 가정 정규분포 추정
신장,cm,여,19세이하,12,155.6,통계연보 평균(19세이하)+표준편차 5.4 가정 정규분포 추정
신장,cm,여,19세이하,13,155.8,통계연보 평균(19세이하)+표준편차 5.4 가정 정규분포 추정
신장,cm,여,19세이하,14,156.1,통계연보 평균(19세이하)+표준편차 5.4 가정 정규분포 추정
신장,cm,여,19세이하,15,156.3,통계연보 평균(19세이하)+표준편차 5.4 가정 정규분포 추정
신장,cm,여,19세이하,16,156.5,통계연보 평균(19세이하)+표준편차 5.4 가정 정규분포 추정
신장,cm,여,19세이하,17,156.7,통계연보 평균(19세이하)+표준편차 5.4 가정 정규분포 추정
신장,cm,여,19세이하,18,157,통계연보 평균(19세이하)+표준편차 5.4 가정 정규분포 추정
신장,cm,여,19세이하,19,157.2,통계연보 평균(19세이하)+표준편차 5.4 가정 정규분포 추정
신장,cm,여,19세이하,20,157.4,통계연보 평균(19세이하)+표준편차 5.4 가정 정규분포 추정
신장,cm,여,19세이하,21,157.5,통계연보 평균(19세이하)+표준편차 5.4 가정 정규분포 추정
신장,cm,여,19세이하,22,157.7,통계연보 평균(19세이하)+표준편차 5.4 가정 정규분포 추정
신장,cm,여,19세이하,23,157.9,통계연보 평균(19세이하)+표준편차 5.4 가정 정규분포 추정
신장,cm,여,19세이하,24,158.1,통계연보 평균(19세이하)+표준편차 5.4 가정 정규분포 추정
신장,cm,여,19세이하,25,158.3,통계연보 평균(19세이하)+표준편차 5.4 가정 정규분포 추정
신장,cm,여,19세이하,26,158.4,통계연보 평균(19세이하)+표준편차 5.4 가정 정규분포 추정
신장,cm,여,19세이하,27,158.6,통계연보 평균(19세이하)+표준편차 5.4 가정 정규분포 추정
신장,cm,여,19세이하,28,158.8,통계연보 평균(19세이하)+표준편차 5.4 가정 정규분포 추정
신장,cm,여,19세이하,29,158.9,통계연보 평균(19세이하)+표준편차 5.4 가정 정규분포 추정
신장,cm,여,19세이하,30,159.1,통계연보 평균(19세이하)+표준편차 5.4 가정 정규분포 추정
신장,cm,여,19세이하,31,159.2,통계연보 평균(19세이하)+표준편차 5.4 가정 정규분포 추정
신장,cm,여,19세이하,32,159.4,통계연보 평균(19세이하)+표준편차 5.4 가정 정규분포 추정
신장,cm,여,19세이하,33,159.5,통계연보 평균(19세이하)+표준편차 5.4 가정 정규분포 추정
신장,cm,여,19세이하,34,159.7,통계연보 평균(19세이하)+표준편차 5.4 가정 정규분포 추정
신장,cm,여,19세이하,35,159.8,통계연보 평균(19세이하)+표준편차 5.4 가정 정규분포 추정
신장,cm,여,19세이하,36,160,통계연보 평균(19세이하)+표준편차 5.4 가정 정규분포 추정
신장,cm,여,19세이하,37,160.1,통계연보 평균(19세이하)+표준편차 5.4 가정 정규분포 추정
신장,cm,여,19세이하,38,160.3,통계연보 평균(19세이하)+표준편차 5.4 가정 정규분포 추정
신장,cm,여,19세이하,39,160.4,통계연보 평균(19세이하)+표준편차 5.4 가정 정규분포 추정
신장,cm,여,19세이하,40,160.5,통계연보 평균(19세이하)+표준편차 5.4 가정 정규분포 추정
신장,cm,여,19세이하,41,160.7,통계연보 평균(19세이하)+표준편차 5.4 가정 정규분포 추정
신장,cm,여,19세이하,42,160.8,통계연보 평균(19세이하)+표준편차 5.4 가정 정규분포 추정
신장,cm,여,19세이하,43,160.9,통계연보 평균(19세이하)+표준편차 5.4 가정 정규분포 추정
신장,cm,여,19세이하,44,161.1,통계연보 평균(19세이하)+표준편차 5.4 가정 정규분포 추정
신장,cm,여,19세이하,45,161.2,통계연보 평균(19세이하)+표준편차 5.4 가정 정규분포 추정
신장,cm,여,19세이하,46,161.4,통계연보 평균(19세이하)+표준편차 5.4 가정 정규분포 추정
신장,cm,여,19세이하,47,161.5,통계연보 평균(19세이하)+표준편차 5.4 가정 정규분포 추정
신장,cm,여,19세이하,48,161.6,통계연보 평균(19세이하)+표준편차 5.4 가정 정규분포 추정
신장,cm,여,19세이하,49,161.8,통계연보 평균(19세이하)+표준편차 5.4 가정 정규분포 추정
신장,cm,여,19세이하,50,161.9,통계연보 평균(19세이하)+표준편차 5.4 가정 정규분포 추정
신장,cm,여,19세이하,51,162,통계연보 평균(19세이하)+표준편차 5.4 가정 정규분포 추정
신장,cm,여,19세이하,52,162.2,통계연보 평균(19세이하)+표준편차 5.4 가정 정규분포 추정
신장,cm,여,19세이하,53,162.3,통계연보 평균(19세이하)+표준편차 5.4 가정 정규분포 추정
신장,cm,여,19세이하,54,162.4,통계연보 평균(19세이하)+표준편차 5.4 가정 정규분포 추정
신장,cm,여,19세이하,55,162.6,통계연보 평균(19세이하)+표준편차 5.4 가정 정규분포 추정
신장,cm,여,19세이하,56,162.7,통계연보 평균(19세이하)+표준편차 5.4 가정 정규분포 추정
신장,cm,여,19세이하,57,162.9,통계연보 평균(19세이하)+표준편차 5.4 가정 정규분포 추정
신장,cm,여,19세이하,58,163,통계연보 평균(19세이하)+표준편차 5.4 가정 정규분포 추정
신장,cm,여,19세이하,59,163.1,통계연보 평균(19세이하)+표준편차 5.4 가정 정규분포 추정
신장,cm,여,19세이하,60,163.3,통계연보 평균(19세이하)+표준편차 5.4 가정 정규분포 추정
신장,cm,여,19세이하,61,163.4,통계연보 평균(19세이하)+표준편차 5.4 가정 정규분포 추정
신장,cm,여,19세이하,62,163.5,통계연보 평균(19세이하)+표준편차 5.4 가정 정규분포 추정
신장,cm,여,19세이하,63,163.7,통계연보 평균(19세이하)+표준편차 5.4 가정 정규분포 추정
신장,cm,여,19세이하,64,163.8,통계연보 평균(19세이하)+표준편차 5.4 가정 정규분포 추정
신장,cm,여,19세이하,65,164,통계연보 평균(19세이하)+표준편차 5.4 가정 정규분포 추정
신장,cm,여,19세이하,66,164.1,통계연보 평균(19세이하)+표준편차 5.4 가정 정규분포 추정
신장,cm,여,19세이하,67,164.3,통계연보 평균(19세이하)+표준편차 5.4 가정 정규분포 추정
신장,cm,여,19세이하,68,164.4,통계연보 평균(19세이하)+표준편차 5.4 가정 정규분포 추정
신장,cm,여,19세이하,69,164.6,통계연보 평균(19세이하)+표준편차 5.4 가정 정규분포 추정
신장,cm,여,19세이하,70,164.7,통계연보 평균(19세이하)+표준편차 5.4 가정 정규분포 추정
신장,cm,여,19세이하,71,164.9,통계연보 평균(19세이하)+표준편차 5.4 가정 정규분포 추정
신장,cm,여,19세이하,72,165,통계연보 평균(19세이하)+표준편차 5.4 가정 정규분포 추정
신장,cm,여,19세이하,73,165.2,통계연보 평균(19세이하)+표준편차 5.4 가정 정규분포 추정
신장,cm,여,19세이하,74,165.4,통계연보 평균(19세이하)+표준편차 5.4 가정 정규분포 추정
신장,cm,여,19세이하,75,165.5,통계연보 평균(19세이하)+표준편차 5.4 가정 정규분포 추정
신장,cm,여,19세이하,76,165.7,통계연보 평균(19세이하)+표준편차 5.4 가정 정규분포 추정
신장,cm,여,19세이하,77,165.9,통계연보 평균(19세이하)+표준편차 5.4 가정 정규분포 추정
신장,cm,여,19세이하,78,166.1,통계연보 평균(19세이하)+표준편차 5.4 가정 정규분포 추정
신장,cm,여,19세이하,79,166.3,통계연보 평균(19세이하)+표준편차 5.4 가정 정규분포 추정
신장,cm,여,19세이하,80,166.4,통계연보 평균(19세이하)+표준편차 5.4 가정 정규분포 추정
신장,cm,여,19세이하,81,166.6,통계연보 평균(19세이하)+표준편차 5.4 가정 정규분포 추정
신장,cm,여,19세이하,82,166.8,통계연보 평균(19세이하)+표준편차 5.4 가정 정규분포 추정
신장,cm,여,19세이하,83,167.1,통계연보 평균(19세이하)+표준편차 5.4 가정 정규분포 추정
신장,cm,여,19세이하,84,167.3,통계연보 평균(19세이하)+표준편차 5.4 가정 정규분포 추정
신장,cm,여,19세이하,85,167.5,통계연보 평균(19세이하)+표준편차 5.4 가정 정규분포 추정
신장,cm,여,19세이하,86,167.7,통계연보 평균(19세이하)+표준편차 5.4 가정 정규분포 추정
신장,cm,여,19세이하,87,168,통계연보 평균(19세이하)+표준편차 5.4 가정 정규분포 추정
신장,cm,여,19세이하,88,168.2,통계연보 평균(19세이하)+표준편차 5.4 가정 정규분포 추정
신장,cm,여,19세이하,89,168.5,통계연보 평균(19세이하)+표준편차 5.4 가정 정규분포 추정
신장,cm,여,19세이하,90,168.8,통계연보 평균(19세이하)+표준편차 5.4 가정 정규분포 추정
신장,cm,여,19세이하,91,169.1,통계연보 평균(19세이하)+표준편차 5.4 가정 정규분포 추정
신장,cm,여,19세이하,92,169.5,통계연보 평균(19세이하)+표준편차 5.4 가정 정규분포 추정
신장,cm,여,19세이하,93,169.9,통계연보 평균(19세이하)+표준편차 5.4 가정 정규분포 추정
신장,cm,여,19세이하,94,170.3,통계연보 평균(19세이하)+표준편차 5.4 가정 정규분포 추정
신장,cm,여,19세이하,95,170.8,통계연보 평균(19세이하)+표준편차 5.4 가정 정규분포 추정
신장,cm,여,19세이하,96,171.4,통계연보 평균(19세이하)+표준편차 5.4 가정 정규분포 추정
신장,cm,여,19세이하,97,172.1,통계연보 평균(19세이하)+표준편차 5.4 가정 정규분포 추정
신장,cm,여,19세이하,98,173,통계연보 평균(19세이하)+표준편차 5.4 가정 정규분포 추정
신장,cm,여,19세이하,99,174.5,통계연보 평균(19세이하)+표준편차 5.4 가정 정규분포 추정
신장,cm,여,19세이하,100,175.8,통계연보 평균(19세이하)+표준편차 5.4 가정 정규분포 추정
신장,cm,여,20~24세,1,149.2,통계연보 평균(20대)+표준편차 5.4 가정 정규분포 추정
신장,cm,여,20~24세,2,150.7,통계연보 평균(20대)+표준편차 5.4 가정 정규분포 추정
신장,cm,여,20~24세,3,151.6,통계연보 평균(20대)+표준편차 5.4 가정 정규분포 추정
신장,cm,여,20~24세,4,152.3,통계연보 평균(20대)+표준편차 5.4 가정 정규분포 추정
신장,cm,여,20~24세,5,152.9,통계연보 평균(20대)+표준편차 5.4 가정 정규분포 추정
신장,cm,여,20~24세,6,153.4,통계연보 평균(20대)+표준편차 5.4 가정 정규분포 추정
신장,cm,여,20~24세,7,153.8,통계연보 평균(20대)+표준편차 5.4 가정 정규분포 추정
신장,cm,여,20~24세,8,154.2,통계연보 평균(20대)+표준편차 5.4 가정 정규분포 추정
신장,cm,여,20~24세,9,154.6,통계연보 평균(20대)+표준편차 5.4 가정 정규분포 추정
신장,cm,여,20~24세,10,154.9,통계연보 평균(20대)+표준편차 5.4 가정 정규분포 추정
신장,cm,여,20~24세,11,155.2,통계연보 평균(20대)+표준편차 5.4 가정 정규분포 추정
신장,cm,여,20~24세,12,155.5,통계연보 평균(20대)+표준편차 5.4 가정 정규분포 추정
신장,cm,여,20~24세,13,155.7,통계연보 평균(20대)+표준편차 5.4 가정 정규분포 추정
신장,cm,여,20~24세,14,156,통계연보 평균(20대)+표준편차 5.4 가정 정규분포 추정
신장,cm,여,20~24세,15,156.2,통계연보 평균(20대)+표준편차 5.4 가정 정규분포 추정
신장,cm,여,20~24세,16,156.4,통계연보 평균(20대)+표준편차 5.4 가정 정규분포 추정
신장,cm,여,20~24세,17,156.6,통계연보 평균(20대)+표준편차 5.4 가정 정규분포 추정
신장,cm,여,20~24세,18,156.9,통계연보 평균(20대)+표준편차 5.4 가정 정규분포 추정
신장,cm,여,20~24세,19,157.1,통계연보 평균(20대)+표준편차 5.4 가정 정규분포 추정
신장,cm,여,20~24세,20,157.3,통계연보 평균(20대)+표준편차 5.4 가정 정규분포 추정
신장,cm,여,20~24세,21,157.4,통계연보 평균(20대)+표준편차 5.4 가정 정규분포 추정
신장,cm,여,20~24세,22,157.6,통계연보 평균(20대)+표준편차 5.4 가정 정규분포 추정
신장,cm,여,20~24세,23,157.8,통계연보 평균(20대)+표준편차 5.4 가정 정규분포 추정
신장,cm,여,20~24세,24,158,통계연보 평균(20대)+표준편차 5.4 가정 정규분포 추정
신장,cm,여,20~24세,25,158.2,통계연보 평균(20대)+표준편차 5.4 가정 정규분포 추정
신장,cm,여,20~24세,26,158.3,통계연보 평균(20대)+표준편차 5.4 가정 정규분포 추정
신장,cm,여,20~24세,27,158.5,통계연보 평균(20대)+표준편차 5.4 가정 정규분포 추정
신장,cm,여,20~24세,28,158.7,통계연보 평균(20대)+표준편차 5.4 가정 정규분포 추정
신장,cm,여,20~24세,29,158.8,통계연보 평균(20대)+표준편차 5.4 가정 정규분포 추정
신장,cm,여,20~24세,30,159,통계연보 평균(20대)+표준편차 5.4 가정 정규분포 추정
신장,cm,여,20~24세,31,159.1,통계연보 평균(20대)+표준편차 5.4 가정 정규분포 추정
신장,cm,여,20~24세,32,159.3,통계연보 평균(20대)+표준편차 5.4 가정 정규분포 추정
신장,cm,여,20~24세,33,159.4,통계연보 평균(20대)+표준편차 5.4 가정 정규분포 추정
신장,cm,여,20~24세,34,159.6,통계연보 평균(20대)+표준편차 5.4 가정 정규분포 추정
신장,cm,여,20~24세,35,159.7,통계연보 평균(20대)+표준편차 5.4 가정 정규분포 추정
신장,cm,여,20~24세,36,159.9,통계연보 평균(20대)+표준편차 5.4 가정 정규분포 추정
신장,cm,여,20~24세,37,160,통계연보 평균(20대)+표준편차 5.4 가정 정규분포 추정
신장,cm,여,20~24세,38,160.2,통계연보 평균(20대)+표준편차 5.4 가정 정규분포 추정
신장,cm,여,20~24세,39,160.3,통계연보 평균(20대)+표준편차 5.4 가정 정규분포 추정
신장,cm,여,20~24세,40,160.4,통계연보 평균(20대)+표준편차 5.4 가정 정규분포 추정
신장,cm,여,20~24세,41,160.6,통계연보 평균(20대)+표준편차 5.4 가정 정규분포 추정
신장,cm,여,20~24세,42,160.7,통계연보 평균(20대)+표준편차 5.4 가정 정규분포 추정
신장,cm,여,20~24세,43,160.8,통계연보 평균(20대)+표준편차 5.4 가정 정규분포 추정
신장,cm,여,20~24세,44,161,통계연보 평균(20대)+표준편차 5.4 가정 정규분포 추정
신장,cm,여,20~24세,45,161.1,통계연보 평균(20대)+표준편차 5.4 가정 정규분포 추정
신장,cm,여,20~24세,46,161.3,통계연보 평균(20대)+표준편차 5.4 가정 정규분포 추정
신장,cm,여,20~24세,47,161.4,통계연보 평균(20대)+표준편차 5.4 가정 정규분포 추정
신장,cm,여,20~24세,48,161.5,통계연보 평균(20대)+표준편차 5.4 가정 정규분포 추정
신장,cm,여,20~24세,49,161.7,통계연보 평균(20대)+표준편차 5.4 가정 정규분포 추정
신장,cm,여,20~24세,50,161.8,통계연보 평균(20대)+표준편차 5.4 가정 정규분포 추정
신장,cm,여,20~24세,51,161.9,통계연보 평균(20대)+표준편차 5.4 가정 정규분포 추정
신장,cm,여,20~24세,52,162.1,통계연보 평균(20대)+표준편차 5.4 가정 정규분포 추정
신장,cm,여,20~24세,53,162.2,통계연보 평균(20대)+표준편차 5.4 가정 정규분포 추정
신장,cm,여,20~24세,54,162.3,통계연보 평균(20대)+표준편차 5.4 가정 정규분포 추정
신장,cm,여,20~24세,55,162.5,통계연보 평균(20대)+표준편차 5.4 가정 정규분포 추정
신장,cm,여,20~24세,56,162.6,통계연보 평균(20대)+표준편차 5.4 가정 정규분포 추정
신장,cm,여,20~24세,57,162.8,통계연보 평균(20대)+표준편차 5.4 가정 정규분포 추정
신장,cm,여,20~24세,58,162.9,통계연보 평균(20대)+표준편차 5.4 가정 정규분포 추정
신장,cm,여,20~24세,59,163,통계연보 평균(20대)+표준편차 5.4 가정 정규분포 추정
신장,cm,여,20~24세,60,163.2,통계연보 평균(20대)+표준편차 5.4 가정 정규분포 추정
신장,cm,여,20~24세,61,163.3,통계연보 평균(20대)+표준편차 5.4 가정 정규분포 추정
신장,cm,여,20~24세,62,163.4,통계연보 평균(20대)+표준편차 5.4 가정 정규분포 추정
신장,cm,여,20~24세,63,163.6,통계연보 평균(20대)+표준편차 5.4 가정 정규분포 추정
신장,cm,여,20~24세,64,163.7,통계연보 평균(20대)+표준편차 5.4 가정 정규분포 추정
신장,cm,여,20~24세,65,163.9,통계연보 평균(20대)+표준편차 5.4 가정 정규분포 추정
신장,cm,여,20~24세,66,164,통계연보 평균(20대)+표준편차 5.4 가정 정규분포 추정
신장,cm,여,20~24세,67,164.2,통계연보 평균(20대)+표준편차 5.4 가정 정규분포 추정
신장,cm,여,20~24세,68,164.3,통계연보 평균(20대)+표준편차 5.4 가정 정규분포 추정
신장,cm,여,20~24세,69,164.5,통계연보 평균(20대)+표준편차 5.4 가정 정규분포 추정
신장,cm,여,20~24세,70,164.6,통계연보 평균(20대)+표준편차 5.4 가정 정규분포 추정
신장,cm,여,20~24세,71,164.8,통계연보 평균(20대)+표준편차 5.4 가정 정규분포 추정
신장,cm,여,20~24세,72,164.9,통계연보 평균(20대)+표준편차 5.4 가정 정규분포 추정
신장,cm,여,20~24세,73,165.1,통계연보 평균(20대)+표준편차 5.4 가정 정규분포 추정
신장,cm,여,20~24세,74,165.3,통계연보 평균(20대)+표준편차 5.4 가정 정규분포 추정
신장,cm,여,20~24세,75,165.4,통계연보 평균(20대)+표준편차 5.4 가정 정규분포 추정
신장,cm,여,20~24세,76,165.6,통계연보 평균(20대)+표준편차 5.4 가정 정규분포 추정
신장,cm,여,20~24세,77,165.8,통계연보 평균(20대)+표준편차 5.4 가정 정규분포 추정
신장,cm,여,20~24세,78,166,통계연보 평균(20대)+표준편차 5.4 가정 정규분포 추정
신장,cm,여,20~24세,79,166.2,통계연보 평균(20대)+표준편차 5.4 가정 정규분포 추정
신장,cm,여,20~24세,80,166.3,통계연보 평균(20대)+표준편차 5.4 가정 정규분포 추정
신장,cm,여,20~24세,81,166.5,통계연보 평균(20대)+표준편차 5.4 가정 정규분포 추정
신장,cm,여,20~24세,82,166.7,통계연보 평균(20대)+표준편차 5.4 가정 정규분포 추정
신장,cm,여,20~24세,83,167,통계연보 평균(20대)+표준편차 5.4 가정 정규분포 추정
신장,cm,여,20~24세,84,167.2,통계연보 평균(20대)+표준편차 5.4 가정 정규분포 추정
신장,cm,여,20~24세,85,167.4,통계연보 평균(20대)+표준편차 5.4 가정 정규분포 추정
신장,cm,여,20~24세,86,167.6,통계연보 평균(20대)+표준편차 5.4 가정 정규분포 추정
신장,cm,여,20~24세,87,167.9,통계연보 평균(20대)+표준편차 5.4 가정 정규분포 추정
신장,cm,여,20~24세,88,168.1,통계연보 평균(20대)+표준편차 5.4 가정 정규분포 추정
신장,cm,여,20~24세,89,168.4,통계연보 평균(20대)+표준편차 5.4 가정 정규분포 추정
신장,cm,여,20~24세,90,168.7,통계연보 평균(20대)+표준편차 5.4 가정 정규분포 추정
신장,cm,여,20~24세,91,169,통계연보 평균(20대)+표준편차 5.4 가정 정규분포 추정
신장,cm,여,20~24세,92,169.4,통계연보 평균(20대)+표준편차 5.4 가정 정규분포 추정
신장,cm,여,20~24세,93,169.8,통계연보 평균(20대)+표준편차 5.4 가정 정규분포 추정
신장,cm,여,20~24세,94,170.2,통계연보 평균(20대)+표준편차 5.4 가정 정규분포 추정
신장,cm,여,20~24세,95,170.7,통계연보 평균(20대)+표준편차 5.4 가정 정규분포 추정
신장,cm,여,20~24세,96,171.3,통계연보 평균(20대)+표준편차 5.4 가정 정규분포 추정
신장,cm,여,20~24세,97,172,통계연보 평균(20대)+표준편차 5.4 가정 정규분포 추정
신장,cm,여,20~24세,98,172.9,통계연보 평균(20대)+표준편차 5.4 가정 정규분포 추정
신장,cm,여,20~24세,99,174.4,통계연보 평균(20대)+표준편차 5.4 가정 정규분포 추정
신장,cm,여,20~24세,100,175.7,통계연보 평균(20대)+표준편차 5.4 가정 정규분포 추정
신장,cm,여,25~29세,1,149.2,통계연보 평균(20대)+표준편차 5.4 가정 정규분포 추정
신장,cm,여,25~29세,2,150.7,통계연보 평균(20대)+표준편차 5.4 가정 정규분포 추정
신장,cm,여,25~29세,3,151.6,통계연보 평균(20대)+표준편차 5.4 가정 정규분포 추정
신장,cm,여,25~29세,4,152.3,통계연보 평균(20대)+표준편차 5.4 가정 정규분포 추정
신장,cm,여,25~29세,5,152.9,통계연보 평균(20대)+표준편차 5.4 가정 정규분포 추정
신장,cm,여,25~29세,6,153.4,통계연보 평균(20대)+표준편차 5.4 가정 정규분포 추정
신장,cm,여,25~29세,7,153.8,통계연보 평균(20대)+표준편차 5.4 가정 정규분포 추정
신장,cm,여,25~29세,8,154.2,통계연보 평균(20대)+표준편차 5.4 가정 정규분포 추정
신장,cm,여,25~29세,9,154.6,통계연보 평균(20대)+표준편차 5.4 가정 정규분포 추정
신장,cm,여,25~29세,10,154.9,통계연보 평균(20대)+표준편차 5.4 가정 정규분포 추정
신장,cm,여,25~29세,11,155.2,통계연보 평균(20대)+표준편차 5.4 가정 정규분포 추정
신장,cm,여,25~29세,12,155.5,통계연보 평균(20대)+표준편차 5.4 가정 정규분포 추정
신장,cm,여,25~29세,13,155.7,통계연보 평균(20대)+표준편차 5.4 가정 정규분포 추정
신장,cm,여,25~29세,14,156,통계연보 평균(20대)+표준편차 5.4 가정 정규분포 추정
신장,cm,여,25~29세,15,156.2,통계연보 평균(20대)+표준편차 5.4 가정 정규분포 추정
신장,cm,여,25~29세,16,156.4,통계연보 평균(20대)+표준편차 5.4 가정 정규분포 추정
신장,cm,여,25~29세,17,156.6,통계연보 평균(20대)+표준편차 5.4 가정 정규분포 추정
신장,cm,여,25~29세,18,156.9,통계연보 평균(20대)+표준편차 5.4 가정 정규분포 추정
신장,cm,여,25~29세,19,157.1,통계연보 평균(20대)+표준편차 5.4 가정 정규분포 추정
신장,cm,여,25~29세,20,157.3,통계연보 평균(20대)+표준편차 5.4 가정 정규분포 추정
신장,cm,여,25~29세,21,157.4,통계연보 평균(20대)+표준편차 5.4 가정 정규분포 추정
신장,cm,여,25~29세,22,157.6,통계연보 평균(20대)+표준편차 5.4 가정 정규분포 추정
신장,cm,여,25~29세,23,157.8,통계연보 평균(20대)+표준편차 5.4 가정 정규분포 추정
신장,cm,여,25~29세,24,158,통계연보 평균(20대)+표준편차 5.4 가정 정규분포 추정
신장,cm,여,25~29세,25,158.2,통계연보 평균(20대)+표준편차 5.4 가정 정규분포 추정
신장,cm,여,25~29세,26,158.3,통계연보 평균(20대)+표준편차 5.4 가정 정규분포 추정
신장,cm,여,25~29세,27,158.5,통계연보 평균(20대)+표준편차 5.4 가정 정규분포 추정
신장,cm,여,25~29세,28,158.7,통계연보 평균(20대)+표준편차 5.4 가정 정규분포 추정
신장,cm,여,25~29세,29,158.8,통계연보 평균(20대)+표준편차 5.4 가정 정규분포 추정
신장,cm,여,25~29세,30,159,통계연보 평균(20대)+표준편차 5.4 가정 정규분포 추정
신장,cm,여,25~29세,31,159.1,통계연보 평균(20대)+표준편차 5.4 가정 정규분포 추정
신장,cm,여,25~29세,32,159.3,통계연보 평균(20대)+표준편차 5.4 가정 정규분포 추정
신장,cm,여,25~29세,33,159.4,통계연보 평균(20대)+표준편차 5.4 가정 정규분포 추정
신장,cm,여,25~29세,34,159.6,통계연보 평균(20대)+표준편차 5.4 가정 정규분포 추정
신장,cm,여,25~29세,35,159.7,통계연보 평균(20대)+표준편차 5.4 가정 정규분포 추정
신장,cm,여,25~29세,36,159.9,통계연보 평균(20대)+표준편차 5.4 가정 정규분포 추정
신장,cm,여,25~29세,37,160,통계연보 평균(20대)+표준편차 5.4 가정 정규분포 추정
신장,cm,여,25~29세,38,160.2,통계연보 평균(20대)+표준편차 5.4 가정 정규분포 추정
신장,cm,여,25~29세,39,160.3,통계연보 평균(20대)+표준편차 5.4 가정 정규분포 추정
신장,cm,여,25~29세,40,160.4,통계연보 평균(20대)+표준편차 5.4 가정 정규분포 추정
신장,cm,여,25~29세,41,160.6,통계연보 평균(20대)+표준편차 5.4 가정 정규분포 추정
신장,cm,여,25~29세,42,160.7,통계연보 평균(20대)+표준편차 5.4 가정 정규분포 추정
신장,cm,여,25~29세,43,160.8,통계연보 평균(20대)+표준편차 5.4 가정 정규분포 추정
신장,cm,여,25~29세,44,161,통계연보 평균(20대)+표준편차 5.4 가정 정규분포 추정
신장,cm,여,25~29세,45,161.1,통계연보 평균(20대)+표준편차 5.4 가정 정규분포 추정
신장,cm,여,25~29세,46,161.3,통계연보 평균(20대)+표준편차 5.4 가정 정규분포 추정
신장,cm,여,25~29세,47,161.4,통계연보 평균(20대)+표준편차 5.4 가정 정규분포 추정
신장,cm,여,25~29세,48,161.5,통계연보 평균(20대)+표준편차 5.4 가정 정규분포 추정
신장,cm,여,25~29세,49,161.7,통계연보 평균(20대)+표준편차 5.4 가정 정규분포 추정
신장,cm,여,25~29세,50,161.8,통계연보 평균(20대)+표준편차 5.4 가정 정규분포 추정
신장,cm,여,25~29세,51,161.9,통계연보 평균(20대)+표준편차 5.4 가정 정규분포 추정
신장,cm,여,25~29세,52,162.1,통계연보 평균(20대)+표준편차 5.4 가정 정규분포 추정
신장,cm,여,25~29세,53,162.2,통계연보 평균(20대)+표준편차 5.4 가정 정규분포 추정
신장,cm,여,25~29세,54,162.3,통계연보 평균(20대)+표준편차 5.4 가정 정규분포 추정
신장,cm,여,25~29세,55,162.5,통계연보 평균(20대)+표준편차 5.4 가정 정규분포 추정
신장,cm,여,25~29세,56,162.6,통계연보 평균(20대)+표준편차 5.4 가정 정규분포 추정
신장,cm,여,25~29세,57,162.8,통계연보 평균(20대)+표준편차 5.4 가정 정규분포 추정
신장,cm,여,25~29세,58,162.9,통계연보 평균(20대)+표준편차 5.4 가정 정규분포 추정
신장,cm,여,25~29세,59,163,통계연보 평균(20대)+표준편차 5.4 가정 정규분포 추정
신장,cm,여,25~29세,60,163.2,통계연보 평균(20대)+표준편차 5.4 가정 정규분포 추정
신장,cm,여,25~29세,61,163.3,통계연보 평균(20대)+표준편차 5.4 가정 정규분포 추정
신장,cm,여,25~29세,62,163.4,통계연보 평균(20대)+표준편차 5.4 가정 정규분포 추정
신장,cm,여,25~29세,63,163.6,통계연보 평균(20대)+표준편차 5.4 가정 정규분포 추정
신장,cm,여,25~29세,64,163.7,통계연보 평균(20대)+표준편차 5.4 가정 정규분포 추정
신장,cm,여,25~29세,65,163.9,통계연보 평균(20대)+표준편차 5.4 가정 정규분포 추정
신장,cm,여,25~29세,66,164,통계연보 평균(20대)+표준편차 5.4 가정 정규분포 추정
신장,cm,여,25~29세,67,164.2,통계연보 평균(20대)+표준편차 5.4 가정 정규분포 추정
신장,cm,여,25~29세,68,164.3,통계연보 평균(20대)+표준편차 5.4 가정 정규분포 추정
신장,cm,여,25~29세,69,164.5,통계연보 평균(20대)+표준편차 5.4 가정 정규분포 추정
신장,cm,여,25~29세,70,164.6,통계연보 평균(20대)+표준편차 5.4 가정 정규분포 추정
신장,cm,여,25~29세,71,164.8,통계연보 평균(20대)+표준편차 5.4 가정 정규분포 추정
신장,cm,여,25~29세,72,164.9,통계연보 평균(20대)+표준편차 5.4 가정 정규분포 추정
신장,cm,여,25~29세,73,165.1,통계연보 평균(20대)+표준편차 5.4 가정 정규분포 추정
신장,cm,여,25~29세,74,165.3,통계연보 평균(20대)+표준편차 5.4 가정 정규분포 추정
신장,cm,여,25~29세,75,165.4,통계연보 평균(20대)+표준편차 5.4 가정 정규분포 추정
신장,cm,여,25~29세,76,165.6,통계연보 평균(20대)+표준편차 5.4 가정 정규분포 추정
신장,cm,여,25~29세,77,165.8,통계연보 평균(20대)+표준편차 5.4 가정 정규분포 추정
신장,cm,여,25~29세,78,166,통계연보 평균(20대)+표준편차 5.4 가정 정규분포 추정
신장,cm,여,25~29세,79,166.2,통계연보 평균(20대)+표준편차 5.4 가정 정규분포 추정
신장,cm,여,25~29세,80,166.3,통계연보 평균(20대)+표준편차 5.4 가정 정규분포 추정
신장,cm,여,25~29세,81,166.5,통계연보 평균(20대)+표준편차 5.4 가정 정규분포 추정
신장,cm,여,25~29세,82,166.7,통계연보 평균(20대)+표준편차 5.4 가정 정규분포 추정
신장,cm,여,25~29세,83,167,통계연보 평균(20대)+표준편차 5.4 가정 정규분포 추정
신장,cm,여,25~29세,84,167.2,통계연보 평균(20대)+표준편차 5.4 가정 정규분포 추정
신장,cm,여,25~29세,85,167.4,통계연보 평균(20대)+표준편차 5.4 가정 정규분포 추정
신장,cm,여,25~29세,86,167.6,통계연보 평균(20대)+표준편차 5.4 가정 정규분포 추정
신장,cm,여,25~29세,87,167.9,통계연보 평균(20대)+표준편차 5.4 가정 정규분포 추정
신장,cm,여,25~29세,88,168.1,통계연보 평균(20대)+표준편차 5.4 가정 정규분포 추정
신장,cm,여,25~29세,89,168.4,통계연보 평균(20대)+표준편차 5.4 가정 정규분포 추정
신장,cm,여,25~29세,90,168.7,통계연보 평균(20대)+표준편차 5.4 가정 정규분포 추정
신장,cm,여,25~29세,91,169,통계연보 평균(20대)+표준편차 5.4 가정 정규분포 추정
신장,cm,여,25~29세,92,169.4,통계연보 평균(20대)+표준편차 5.4 가정 정규분포 추정
신장,cm,여,25~29세,93,169.8,통계연보 평균(20대)+표준편차 5.4 가정 정규분포 추정
신장,cm,여,25~29세,94,170.2,통계연보 평균(20대)+표준편차 5.4 가정 정규분포 추정
신장,cm,여,25~29세,95,170.7,통계연보 평균(20대)+표준편차 5.4 가정 정규분포 추정
신장,cm,여,25~29세,96,171.3,통계연보 평균(20대)+표준편차 5.4 가정 정규분포 추정
신장,cm,여,25~29세,97,172,통계연보 평균(20대)+표준편차 5.4 가정 정규분포 추정
신장,cm,여,25~29세,98,172.9,통계연보 평균(20대)+표준편차 5.4 가정 정규분포 추정
신장,cm,여,25~29세,99,174.4,통계연보 평균(20대)+표준편차 5.4 가정 정규분포 추정
신장,cm,여,25~29세,100,175.7,통계연보 평균(20대)+표준편차 5.4 가정 정규분포 추정
신장,cm,여,30~34세,1,149.3,통계연보 평균(30대)+표준편차 5.4 가정 정규분포 추정
신장,cm,여,30~34세,2,150.8,통계연보 평균(30대)+표준편차 5.4 가정 정규분포 추정
신장,cm,여,30~34세,3,151.7,통계연보 평균(30대)+표준편차 5.4 가정 정규분포 추정
신장,cm,여,30~34세,4,152.4,통계연보 평균(30대)+표준편차 5.4 가정 정규분포 추정
신장,cm,여,30~34세,5,153,통계연보 평균(30대)+표준편차 5.4 가정 정규분포 추정
신장,cm,여,30~34세,6,153.5,통계연보 평균(30대)+표준편차 5.4 가정 정규분포 추정
신장,cm,여,30~34세,7,153.9,통계연보 평균(30대)+표준편차 5.4 가정 정규분포 추정
신장,cm,여,30~34세,8,154.3,통계연보 평균(30대)+표준편차 5.4 가정 정규분포 추정
신장,cm,여,30~34세,9,154.7,통계연보 평균(30대)+표준편차 5.4 가정 정규분포 추정
신장,cm,여,30~34세,10,155,통계연보 평균(30대)+표준편차 5.4 가정 정규분포 추정
신장,cm,여,30~34세,11,155.3,통계연보 평균(30대)+표준편차 5.4 가정 정규분포 추정
신장,cm,여,30~34세,12,155.6,통계연보 평균(30대)+표준편차 5.4 가정 정규분포 추정
신장,cm,여,30~34세,13,155.8,통계연보 평균(30대)+표준편차 5.4 가정 정규분포 추정
신장,cm,여,30~34세,14,156.1,통계연보 평균(30대)+표준편차 5.4 가정 정규분포 추정
신장,cm,여,30~34세,15,156.3,통계연보 평균(30대)+표준편차 5.4 가정 정규분포 추정
신장,cm,여,30~34세,16,156.5,통계연보 평균(30대)+표준편차 5.4 가정 정규분포 추정
신장,cm,여,30~34세,17,156.7,통계연보 평균(30대)+표준편차 5.4 가정 정규분포 추정
신장,cm,여,30~34세,18,157,통계연보 평균(30대)+표준편차 5.4 가정 정규분포 추정
신장,cm,여,30~34세,19,157.2,통계연보 평균(30대)+표준편차 5.4 가정 정규분포 추정
신장,cm,여,30~34세,20,157.4,통계연보 평균(30대)+표준편차 5.4 가정 정규분포 추정
신장,cm,여,30~34세,21,157.5,통계연보 평균(30대)+표준편차 5.4 가정 정규분포 추정
신장,cm,여,30~34세,22,157.7,통계연보 평균(30대)+표준편차 5.4 가정 정규분포 추정
신장,cm,여,30~34세,23,157.9,통계연보 평균(30대)+표준편차 5.4 가정 정규분포 추정
신장,cm,여,30~34세,24,158.1,통계연보 평균(30대)+표준편차 5.4 가정 정규분포 추정
신장,cm,여,30~34세,25,158.3,통계연보 평균(30대)+표준편차 5.4 가정 정규분포 추정
신장,cm,여,30~34세,26,158.4,통계연보 평균(30대)+표준편차 5.4 가정 정규분포 추정
신장,cm,여,30~34세,27,158.6,통계연보 평균(30대)+표준편차 5.4 가정 정규분포 추정
신장,cm,여,30~34세,28,158.8,통계연보 평균(30대)+표준편차 5.4 가정 정규분포 추정
신장,cm,여,30~34세,29,158.9,통계연보 평균(30대)+표준편차 5.4 가정 정규분포 추정
신장,cm,여,30~34세,30,159.1,통계연보 평균(30대)+표준편차 5.4 가정 정규분포 추정
신장,cm,여,30~34세,31,159.2,통계연보 평균(30대)+표준편차 5.4 가정 정규분포 추정
신장,cm,여,30~34세,32,159.4,통계연보 평균(30대)+표준편차 5.4 가정 정규분포 추정
신장,cm,여,30~34세,33,159.5,통계연보 평균(30대)+표준편차 5.4 가정 정규분포 추정
신장,cm,여,30~34세,34,159.7,통계연보 평균(30대)+표준편차 5.4 가정 정규분포 추정
신장,cm,여,30~34세,35,159.8,통계연보 평균(30대)+표준편차 5.4 가정 정규분포 추정
신장,cm,여,30~34세,36,160,통계연보 평균(30대)+표준편차 5.4 가정 정규분포 추정
신장,cm,여,30~34세,37,160.1,통계연보 평균(30대)+표준편차 5.4 가정 정규분포 추정
신장,cm,여,30~34세,38,160.3,통계연보 평균(30대)+표준편차 5.4 가정 정규분포 추정
신장,cm,여,30~34세,39,160.4,통계연보 평균(30대)+표준편차 5.4 가정 정규분포 추정
신장,cm,여,30~34세,40,160.5,통계연보 평균(30대)+표준편차 5.4 가정 정규분포 추정
신장,cm,여,30~34세,41,160.7,통계연보 평균(30대)+표준편차 5.4 가정 정규분포 추정
신장,cm,여,30~34세,42,160.8,통계연보 평균(30대)+표준편차 5.4 가정 정규분포 추정
신장,cm,여,30~34세,43,160.9,통계연보 평균(30대)+표준편차 5.4 가정 정규분포 추정
신장,cm,여,30~34세,44,161.1,통계연보 평균(30대)+표준편차 5.4 가정 정규분포 추정
신장,cm,여,30~34세,45,161.2,통계연보 평균(30대)+표준편차 5.4 가정 정규분포 추정
신장,cm,여,30~34세,46,161.4,통계연보 평균(30대)+표준편차 5.4 가정 정규분포 추정
신장,cm,여,30~34세,47,161.5,통계연보 평균(30대)+표준편차 5.4 가정 정규분포 추정
신장,cm,여,30~34세,48,161.6,통계연보 평균(30대)+표준편차 5.4 가정 정규분포 추정
신장,cm,여,30~34세,49,161.8,통계연보 평균(30대)+표준편차 5.4 가정 정규분포 추정
신장,cm,여,30~34세,50,161.9,통계연보 평균(30대)+표준편차 5.4 가정 정규분포 추정
신장,cm,여,30~34세,51,162,통계연보 평균(30대)+표준편차 5.4 가정 정규분포 추정
신장,cm,여,30~34세,52,162.2,통계연보 평균(30대)+표준편차 5.4 가정 정규분포 추정
신장,cm,여,30~34세,53,162.3,통계연보 평균(30대)+표준편차 5.4 가정 정규분포 추정
신장,cm,여,30~34세,54,162.4,통계연보 평균(30대)+표준편차 5.4 가정 정규분포 추정
신장,cm,여,30~34세,55,162.6,통계연보 평균(30대)+표준편차 5.4 가정 정규분포 추정
신장,cm,여,30~34세,56,162.7,통계연보 평균(30대)+표준편차 5.4 가정 정규분포 추정
신장,cm,여,30~34세,57,162.9,통계연보 평균(30대)+표준편차 5.4 가정 정규분포 추정
신장,cm,여,30~34세,58,163,통계연보 평균(30대)+표준편차 5.4 가정 정규분포 추정
신장,cm,여,30~34세,59,163.1,통계연보 평균(30대)+표준편차 5.4 가정 정규분포 추정
신장,cm,여,30~34세,60,163.3,통계연보 평균(30대)+표준편차 5.4 가정 정규분포 추정
신장,cm,여,30~34세,61,163.4,통계연보 평균(30대)+표준편차 5.4 가정 정규분포 추정
신장,cm,여,30~34세,62,163.5,통계연보 평균(30대)+표준편차 5.4 가정 정규분포 추정
신장,cm,여,30~34세,63,163.7,통계연보 평균(30대)+표준편차 5.4 가정 정규분포 추정
신장,cm,여,30~34세,64,163.8,통계연보 평균(30대)+표준편차 5.4 가정 정규분포 추정
신장,cm,여,30~34세,65,164,통계연보 평균(30대)+표준편차 5.4 가정 정규분포 추정
신장,cm,여,30~34세,66,164.1,통계연보 평균(30대)+표준편차 5.4 가정 정규분포 추정
신장,cm,여,30~34세,67,164.3,통계연보 평균(30대)+표준편차 5.4 가정 정규분포 추정
신장,cm,여,30~34세,68,164.4,통계연보 평균(30대)+표준편차 5.4 가정 정규분포 추정
신장,cm,여,30~34세,69,164.6,통계연보 평균(30대)+표준편차 5.4 가정 정규분포 추정
신장,cm,여,30~34세,70,164.7,통계연보 평균(30대)+표준편차 5.4 가정 정규분포 추정
신장,cm,여,30~34세,71,164.9,통계연보 평균(30대)+표준편차 5.4 가정 정규분포 추정
신장,cm,여,30~34세,72,165,통계연보 평균(30대)+표준편차 5.4 가정 정규분포 추정
신장,cm,여,30~34세,73,165.2,통계연보 평균(30대)+표준편차 5.4 가정 정규분포 추정
신장,cm,여,30~34세,74,165.4,통계연보 평균(30대)+표준편차 5.4 가정 정규분포 추정
신장,cm,여,30~34세,75,165.5,통계연보 평균(30대)+표준편차 5.4 가정 정규분포 추정
신장,cm,여,30~34세,76,165.7,통계연보 평균(30대)+표준편차 5.4 가정 정규분포 추정
신장,cm,여,30~34세,77,165.9,통계연보 평균(30대)+표준편차 5.4 가정 정규분포 추정
신장,cm,여,30~34세,78,166.1,통계연보 평균(30대)+표준편차 5.4 가정 정규분포 추정
신장,cm,여,30~34세,79,166.3,통계연보 평균(30대)+표준편차 5.4 가정 정규분포 추정
신장,cm,여,30~34세,80,166.4,통계연보 평균(30대)+표준편차 5.4 가정 정규분포 추정
신장,cm,여,30~34세,81,166.6,통계연보 평균(30대)+표준편차 5.4 가정 정규분포 추정
신장,cm,여,30~34세,82,166.8,통계연보 평균(30대)+표준편차 5.4 가정 정규분포 추정
신장,cm,여,30~34세,83,167.1,통계연보 평균(30대)+표준편차 5.4 가정 정규분포 추정
신장,cm,여,30~34세,84,167.3,통계연보 평균(30대)+표준편차 5.4 가정 정규분포 추정
신장,cm,여,30~34세,85,167.5,통계연보 평균(30대)+표준편차 5.4 가정 정규분포 추정
신장,cm,여,30~34세,86,167.7,통계연보 평균(30대)+표준편차 5.4 가정 정규분포 추정
신장,cm,여,30~34세,87,168,통계연보 평균(30대)+표준편차 5.4 가정 정규분포 추정
신장,cm,여,30~34세,88,168.2,통계연보 평균(30대)+표준편차 5.4 가정 정규분포 추정
신장,cm,여,30~34세,89,168.5,통계연보 평균(30대)+표준편차 5.4 가정 정규분포 추정
신장,cm,여,30~34세,90,168.8,통계연보 평균(30대)+표준편차 5.4 가정 정규분포 추정
신장,cm,여,30~34세,91,169.1,통계연보 평균(30대)+표준편차 5.4 가정 정규분포 추정
신장,cm,여,30~34세,92,169.5,통계연보 평균(30대)+표준편차 5.4 가정 정규분포 추정
신장,cm,여,30~34세,93,169.9,통계연보 평균(30대)+표준편차 5.4 가정 정규분포 추정
신장,cm,여,30~34세,94,170.3,통계연보 평균(30대)+표준편차 5.4 가정 정규분포 추정
신장,cm,여,30~34세,95,170.8,통계연보 평균(30대)+표준편차 5.4 가정 정규분포 추정
신장,cm,여,30~34세,96,171.4,통계연보 평균(30대)+표준편차 5.4 가정 정규분포 추정
신장,cm,여,30~34세,97,172.1,통계연보 평균(30대)+표준편차 5.4 가정 정규분포 추정
신장,cm,여,30~34세,98,173,통계연보 평균(30대)+표준편차 5.4 가정 정규분포 추정
신장,cm,여,30~34세,99,174.5,통계연보 평균(30대)+표준편차 5.4 가정 정규분포 추정
신장,cm,여,30~34세,100,175.8,통계연보 평균(30대)+표준편차 5.4 가정 정규분포 추정
신장,cm,여,35~39세,1,149.3,통계연보 평균(30대)+표준편차 5.4 가정 정규분포 추정
신장,cm,여,35~39세,2,150.8,통계연보 평균(30대)+표준편차 5.4 가정 정규분포 추정
신장,cm,여,35~39세,3,151.7,통계연보 평균(30대)+표준편차 5.4 가정 정규분포 추정
신장,cm,여,35~39세,4,152.4,통계연보 평균(30대)+표준편차 5.4 가정 정규분포 추정
신장,cm,여,35~39세,5,153,통계연보 평균(30대)+표준편차 5.4 가정 정규분포 추정
신장,cm,여,35~39세,6,153.5,통계연보 평균(30대)+표준편차 5.4 가정 정규분포 추정
신장,cm,여,35~39세,7,153.9,통계연보 평균(30대)+표준편차 5.4 가정 정규분포 추정
신장,cm,여,35~39세,8,154.3,통계연보 평균(30대)+표준편차 5.4 가정 정규분포 추정
신장,cm,여,35~39세,9,154.7,통계연보 평균(30대)+표준편차 5.4 가정 정규분포 추정
신장,cm,여,35~39세,10,155,통계연보 평균(30대)+표준편차 5.4 가정 정규분포 추정
신장,cm,여,35~39세,11,155.3,통계연보 평균(30대)+표준편차 5.4 가정 정규분포 추정
신장,cm,여,35~39세,12,155.6,통계연보 평균(30대)+표준편차 5.4 가정 정규분포 추정
신장,cm,여,35~39세,13,155.8,통계연보 평균(30대)+표준편차 5.4 가정 정규분포 추정
신장,cm,여,35~39세,14,156.1,통계연보 평균(30대)+표준편차 5.4 가정 정규분포 추정
신장,cm,여,35~39세,15,156.3,통계연보 평균(30대)+표준편차 5.4 가정 정규분포 추정
신장,cm,여,35~39세,16,156.5,통계연보 평균(30대)+표준편차 5.4 가정 정규분포 추정
신장,cm,여,35~39세,17,156.7,통계연보 평균(30대)+표준편차 5.4 가정 정규분포 추정
신장,cm,여,35~39세,18,157,통계연보 평균(30대)+표준편차 5.4 가정 정규분포 추정
신장,cm,여,35~39세,19,157.2,통계연보 평균(30대)+표준편차 5.4 가정 정규분포 추정
신장,cm,여,35~39세,20,157.4,통계연보 평균(30대)+표준편차 5.4 가정 정규분포 추정
신장,cm,여,35~39세,21,157.5,통계연보 평균(30대)+표준편차 5.4 가정 정규분포 추정
신장,cm,여,35~39세,22,157.7,통계연보 평균(30대)+표준편차 5.4 가정 정규분포 추정
신장,cm,여,35~39세,23,157.9,통계연보 평균(30대)+표준편차 5.4 가정 정규분포 추정
신장,cm,여,35~39세,24,158.1,통계연보 평균(30대)+표준편차 5.4 가정 정규분포 추정
신장,cm,여,35~39세,25,158.3,통계연보 평균(30대)+표준편차 5.4 가정 정규분포 추정
신장,cm,여,35~39세,26,158.4,통계연보 평균(30대)+표준편차 5.4 가정 정규분포 추정
신장,cm,여,35~39세,27,158.6,통계연보 평균(30대)+표준편차 5.4 가정 정규분포 추정
신장,cm,여,35~39세,28,158.8,통계연보 평균(30대)+표준편차 5.4 가정 정규분포 추정
신장,cm,여,35~39세,29,158.9,통계연보 평균(30대)+표준편차 5.4 가정 정규분포 추정
신장,cm,여,35~39세,30,159.1,통계연보 평균(30대)+표준편차 5.4 가정 정규분포 추정
신장,cm,여,35~39세,31,159.2,통계연보 평균(30대)+표준편차 5.4 가정 정규분포 추정
신장,cm,여,35~39세,32,159.4,통계연보 평균(30대)+표준편차 5.4 가정 정규분포 추정
신장,cm,여,35~39세,33,159.5,통계연보 평균(30대)+표준편차 5.4 가정 정규분포 추정
신장,cm,여,35~39세,34,159.7,통계연보 평균(30대)+표준편차 5.4 가정 정규분포 추정
신장,cm,여,35~39세,35,159.8,통계연보 평균(30대)+표준편차 5.4 가정 정규분포 추정
신장,cm,여,35~39세,36,160,통계연보 평균(30대)+표준편차 5.4 가정 정규분포 추정
신장,cm,여,35~39세,37,160.1,통계연보 평균(30대)+표준편차 5.4 가정 정규분포 추정
신장,cm,여,35~39세,38,160.3,통계연보 평균(30대)+표준편차 5.4 가정 정규분포 추정
신장,cm,여,35~39세,39,160.4,통계연보 평균(30대)+표준편차 5.4 가정 정규분포 추정
신장,cm,여,35~39세,40,160.5,통계연보 평균(30대)+표준편차 5.4 가정 정규분포 추정
신장,cm,여,35~39세,41,160.7,통계연보 평균(30대)+표준편차 5.4 가정 정규분포 추정
신장,cm,여,35~39세,42,160.8,통계연보 평균(30대)+표준편차 5.4 가정 정규분포 추정
신장,cm,여,35~39세,43,160.9,통계연보 평균(30대)+표준편차 5.4 가정 정규분포 추정
신장,cm,여,35~39세,44,161.1,통계연보 평균(30대)+표준편차 5.4 가정 정규분포 추정
신장,cm,여,35~39세,45,161.2,통계연보 평균(30대)+표준편차 5.4 가정 정규분포 추정
신장,cm,여,35~39세,46,161.4,통계연보 평균(30대)+표준편차 5.4 가정 정규분포 추정
신장,cm,여,35~39세,47,161.5,통계연보 평균(30대)+표준편차 5.4 가정 정규분포 추정
신장,cm,여,35~39세,48,161.6,통계연보 평균(30대)+표준편차 5.4 가정 정규분포 추정
신장,cm,여,35~39세,49,161.8,통계연보 평균(30대)+표준편차 5.4 가정 정규분포 추정
신장,cm,여,35~39세,50,161.9,통계연보 평균(30대)+표준편차 5.4 가정 정규분포 추정
신장,cm,여,35~39세,51,162,통계연보 평균(30대)+표준편차 5.4 가정 정규분포 추정
신장,cm,여,35~39세,52,162.2,통계연보 평균(30대)+표준편차 5.4 가정 정규분포 추정
신장,cm,여,35~39세,53,162.3,통계연보 평균(30대)+표준편차 5.4 가정 정규분포 추정
신장,cm,여,35~39세,54,162.4,통계연보 평균(30대)+표준편차 5.4 가정 정규분포 추정
신장,cm,여,35~39세,55,162.6,통계연보 평균(30대)+표준편차 5.4 가정 정규분포 추정
신장,cm,여,35~39세,56,162.7,통계연보 평균(30대)+표준편차 5.4 가정 정규분포 추정
신장,cm,여,35~39세,57,162.9,통계연보 평균(30대)+표준편차 5.4 가정 정규분포 추정
신장,cm,여,35~39세,58,163,통계연보 평균(30대)+표준편차 5.4 가정 정규분포 추정
신장,cm,여,35~39세,59,163.1,통계연보 평균(30대)+표준편차 5.4 가정 정규분포 추정
신장,cm,여,35~39세,60,163.3,통계연보 평균(30대)+표준편차 5.4 가정 정규분포 추정
신장,cm,여,35~39세,61,163.4,통계연보 평균(30대)+표준편차 5.4 가정 정규분포 추정
신장,cm,여,35~39세,62,163.5,통계연보 평균(30대)+표준편차 5.4 가정 정규분포 추정
신장,cm,여,35~39세,63,163.7,통계연보 평균(30대)+표준편차 5.4 가정 정규분포 추정
신장,cm,여,35~39세,64,163.8,통계연보 평균(30대)+표준편차 5.4 가정 정규분포 추정
신장,cm,여,35~39세,65,164,통계연보 평균(30대)+표준편차 5.4 가정 정규분포 추정
신장,cm,여,35~39세,66,164.1,통계연보 평균(30대)+표준편차 5.4 가정 정규분포 추정
신장,cm,여,35~39세,67,164.3,통계연보 평균(30대)+표준편차 5.4 가정 정규분포 추정
신장,cm,여,35~39세,68,164.4,통계연보 평균(30대)+표준편차 5.4 가정 정규분포 추정
신장,cm,여,35~39세,69,164.6,통계연보 평균(30대)+표준편차 5.4 가정 정규분포 추정
신장,cm,여,35~39세,70,164.7,통계연보 평균(30대)+표준편차 5.4 가정 정규분포 추정
신장,cm,여,35~39세,71,164.9,통계연보 평균(30대)+표준편차 5.4 가정 정규분포 추정
신장,cm,여,35~39세,72,165,통계연보 평균(30대)+표준편차 5.4 가정 정규분포 추정
신장,cm,여,35~39세,73,165.2,통계연보 평균(30대)+표준편차 5.4 가정 정규분포 추정
신장,cm,여,35~39세,74,165.4,통계연보 평균(30대)+표준편차 5.4 가정 정규분포 추정
신장,cm,여,35~39세,75,165.5,통계연보 평균(30대)+표준편차 5.4 가정 정규분포 추정
신장,cm,여,35~39세,76,165.7,통계연보 평균(30대)+표준편차 5.4 가정 정규분포 추정
신장,cm,여,35~39세,77,165.9,통계연보 평균(30대)+표준편차 5.4 가정 정규분포 추정
신장,cm,여,35~39세,78,166.1,통계연보 평균(30대)+표준편차 5.4 가정 정규분포 추정
신장,cm,여,35~39세,79,166.3,통계연보 평균(30대)+표준편차 5.4 가정 정규분포 추정
신장,cm,여,35~39세,80,166.4,통계연보 평균(30대)+표준편차 5.4 가정 정규분포 추정
신장,cm,여,35~39세,81,166.6,통계연보 평균(30대)+표준편차 5.4 가정 정규분포 추정
신장,cm,여,35~39세,82,166.8,통계연보 평균(30대)+표준편차 5.4 가정 정규분포 추정
신장,cm,여,35~39세,83,167.1,통계연보 평균(30대)+표준편차 5.4 가정 정규분포 추정
신장,cm,여,35~39세,84,167.3,통계연보 평균(30대)+표준편차 5.4 가정 정규분포 추정
신장,cm,여,35~39세,85,167.5,통계연보 평균(30대)+표준편차 5.4 가정 정규분포 추정
신장,cm,여,35~39세,86,167.7,통계연보 평균(30대)+표준편차 5.4 가정 정규분포 추정
신장,cm,여,35~39세,87,168,통계연보 평균(30대)+표준편차 5.4 가정 정규분포 추정
신장,cm,여,35~39세,88,168.2,통계연보 평균(30대)+표준편차 5.4 가정 정규분포 추정
신장,cm,여,35~39세,89,168.5,통계연보 평균(30대)+표준편차 5.4 가정 정규분포 추정
신장,cm,여,35~39세,90,168.8,통계연보 평균(30대)+표준편차 5.4 가정 정규분포 추정
신장,cm,여,35~39세,91,169.1,통계연보 평균(30대)+표준편차 5.4 가정 정규분포 추정
신장,cm,여,35~39세,92,169.5,통계연보 평균(30대)+표준편차 5.4 가정 정규분포 추정
신장,cm,여,35~39세,93,169.9,통계연보 평균(30대)+표준편차 5.4 가정 정규분포 추정
신장,cm,여,35~39세,94,170.3,통계연보 평균(30대)+표준편차 5.4 가정 정규분포 추정
신장,cm,여,35~39세,95,170.8,통계연보 평균(30대)+표준편차 5.4 가정 정규분포 추정
신장,cm,여,35~39세,96,171.4,통계연보 평균(30대)+표준편차 5.4 가정 정규분포 추정
신장,cm,여,35~39세,97,172.1,통계연보 평균(30대)+표준편차 5.4 가정 정규분포 추정
신장,cm,여,35~39세,98,173,통계연보 평균(30대)+표준편차 5.4 가정 정규분포 추정
신장,cm,여,35~39세,99,174.5,통계연보 평균(30대)+표준편차 5.4 가정 정규분포 추정
신장,cm,여,35~39세,100,175.8,통계연보 평균(30대)+표준편차 5.4 가정 정규분포 추정
신장,cm,여,40~44세,1,148.3,통계연보 평균(40대)+표준편차 5.4 가정 정규분포 추정
신장,cm,여,40~44세,2,149.8,통계연보 평균(40대)+표준편차 5.4 가정 정규분포 추정
신장,cm,여,40~44세,3,150.7,통계연보 평균(40대)+표준편차 5.4 가정 정규분포 추정
신장,cm,여,40~44세,4,151.4,통계연보 평균(40대)+표준편차 5.4 가정 정규분포 추정
신장,cm,여,40~44세,5,152,통계연보 평균(40대)+표준편차 5.4 가정 정규분포 추정
신장,cm,여,40~44세,6,152.5,통계연보 평균(40대)+표준편차 5.4 가정 정규분포 추정
신장,cm,여,40~44세,7,152.9,통계연보 평균(40대)+표준편차 5.4 가정 정규분포 추정
신장,cm,여,40~44세,8,153.3,통계연보 평균(40대)+표준편차 5.4 가정 정규분포 추정
신장,cm,여,40~44세,9,153.7,통계연보 평균(40대)+표준편차 5.4 가정 정규분포 추정
신장,cm,여,40~44세,10,154,통계연보 평균(40대)+표준편차 5.4 가정 정규분포 추정
신장,cm,여,40~44세,11,154.3,통계연보 평균(40대)+표준편차 5.4 가정 정규분포 추정
신장,cm,여,40~44세,12,154.6,통계연보 평균(40대)+표준편차 5.4 가정 정규분포 추정
신장,cm,여,40~44세,13,154.8,통계연보 평균(40대)+표준편차 5.4 가정 정규분포 추정
신장,cm,여,40~44세,14,155.1,통계연보 평균(40대)+표준편차 5.4 가정 정규분포 추정
신장,cm,여,40~44세,15,155.3,통계연보 평균(40대)+표준편차 5.4 가정 정규분포 추정
신장,cm,여,40~44세,16,155.5,통계연보 평균(40대)+표준편차 5.4 가정 정규분포 추정
신장,cm,여,40~44세,17,155.7,통계연보 평균(40대)+표준편차 5.4 가정 정규분포 추정
신장,cm,여,40~44세,18,156,통계연보 평균(40대)+표준편차 5.4 가정 정규분포 추정
신장,cm,여,40~44세,19,156.2,통계연보 평균(40대)+표준편차 5.4 가정 정규분포 추정
신장,cm,여,40~44세,20,156.4,통계연보 평균(40대)+표준편차 5.4 가정 정규분포 추정
신장,cm,여,40~44세,21,156.5,통계연보 평균(40대)+표준편차 5.4 가정 정규분포 추정
신장,cm,여,40~44세,22,156.7,통계연보 평균(40대)+표준편차 5.4 가정 정규분포 추정
신장,cm,여,40~44세,23,156.9,통계연보 평균(40대)+표준편차 5.4 가정 정규분포 추정
신장,cm,여,40~44세,24,157.1,통계연보 평균(40대)+표준편차 5.4 가정 정규분포 추정
신장,cm,여,40~44세,25,157.3,통계연보 평균(40대)+표준편차 5.4 가정 정규분포 추정
신장,cm,여,40~44세,26,157.4,통계연보 평균(40대)+표준편차 5.4 가정 정규분포 추정
신장,cm,여,40~44세,27,157.6,통계연보 평균(40대)+표준편차 5.4 가정 정규분포 추정
신장,cm,여,40~44세,28,157.8,통계연보 평균(40대)+표준편차 5.4 가정 정규분포 추정
신장,cm,여,40~44세,29,157.9,통계연보 평균(40대)+표준편차 5.4 가정 정규분포 추정
신장,cm,여,40~44세,30,158.1,통계연보 평균(40대)+표준편차 5.4 가정 정규분포 추정
신장,cm,여,40~44세,31,158.2,통계연보 평균(40대)+표준편차 5.4 가정 정규분포 추정
신장,cm,여,40~44세,32,158.4,통계연보 평균(40대)+표준편차 5.4 가정 정규분포 추정
신장,cm,여,40~44세,33,158.5,통계연보 평균(40대)+표준편차 5.4 가정 정규분포 추정
신장,cm,여,40~44세,34,158.7,통계연보 평균(40대)+표준편차 5.4 가정 정규분포 추정
신장,cm,여,40~44세,35,158.8,통계연보 평균(40대)+표준편차 5.4 가정 정규분포 추정
신장,cm,여,40~44세,36,159,통계연보 평균(40대)+표준편차 5.4 가정 정규분포 추정
신장,cm,여,40~44세,37,159.1,통계연보 평균(40대)+표준편차 5.4 가정 정규분포 추정
신장,cm,여,40~44세,38,159.3,통계연보 평균(40대)+표준편차 5.4 가정 정규분포 추정
신장,cm,여,40~44세,39,159.4,통계연보 평균(40대)+표준편차 5.4 가정 정규분포 추정
신장,cm,여,40~44세,40,159.5,통계연보 평균(40대)+표준편차 5.4 가정 정규분포 추정
신장,cm,여,40~44세,41,159.7,통계연보 평균(40대)+표준편차 5.4 가정 정규분포 추정
신장,cm,여,40~44세,42,159.8,통계연보 평균(40대)+표준편차 5.4 가정 정규분포 추정
신장,cm,여,40~44세,43,159.9,통계연보 평균(40대)+표준편차 5.4 가정 정규분포 추정
신장,cm,여,40~44세,44,160.1,통계연보 평균(40대)+표준편차 5.4 가정 정규분포 추정
신장,cm,여,40~44세,45,160.2,통계연보 평균(40대)+표준편차 5.4 가정 정규분포 추정
신장,cm,여,40~44세,46,160.4,통계연보 평균(40대)+표준편차 5.4 가정 정규분포 추정
신장,cm,여,40~44세,47,160.5,통계연보 평균(40대)+표준편차 5.4 가정 정규분포 추정
신장,cm,여,40~44세,48,160.6,통계연보 평균(40대)+표준편차 5.4 가정 정규분포 추정
신장,cm,여,40~44세,49,160.8,통계연보 평균(40대)+표준편차 5.4 가정 정규분포 추정
신장,cm,여,40~44세,50,160.9,통계연보 평균(40대)+표준편차 5.4 가정 정규분포 추정
신장,cm,여,40~44세,51,161,통계연보 평균(40대)+표준편차 5.4 가정 정규분포 추정
신장,cm,여,40~44세,52,161.2,통계연보 평균(40대)+표준편차 5.4 가정 정규분포 추정
신장,cm,여,40~44세,53,161.3,통계연보 평균(40대)+표준편차 5.4 가정 정규분포 추정
신장,cm,여,40~44세,54,161.4,통계연보 평균(40대)+표준편차 5.4 가정 정규분포 추정
신장,cm,여,40~44세,55,161.6,통계연보 평균(40대)+표준편차 5.4 가정 정규분포 추정
신장,cm,여,40~44세,56,161.7,통계연보 평균(40대)+표준편차 5.4 가정 정규분포 추정
신장,cm,여,40~44세,57,161.9,통계연보 평균(40대)+표준편차 5.4 가정 정규분포 추정
신장,cm,여,40~44세,58,162,통계연보 평균(40대)+표준편차 5.4 가정 정규분포 추정
신장,cm,여,40~44세,59,162.1,통계연보 평균(40대)+표준편차 5.4 가정 정규분포 추정
신장,cm,여,40~44세,60,162.3,통계연보 평균(40대)+표준편차 5.4 가정 정규분포 추정
신장,cm,여,40~44세,61,162.4,통계연보 평균(40대)+표준편차 5.4 가정 정규분포 추정
신장,cm,여,40~44세,62,162.5,통계연보 평균(40대)+표준편차 5.4 가정 정규분포 추정
신장,cm,여,40~44세,63,162.7,통계연보 평균(40대)+표준편차 5.4 가정 정규분포 추정
신장,cm,여,40~44세,64,162.8,통계연보 평균(40대)+표준편차 5.4 가정 정규분포 추정
신장,cm,여,40~44세,65,163,통계연보 평균(40대)+표준편차 5.4 가정 정규분포 추정
신장,cm,여,40~44세,66,163.1,통계연보 평균(40대)+표준편차 5.4 가정 정규분포 추정
신장,cm,여,40~44세,67,163.3,통계연보 평균(40대)+표준편차 5.4 가정 정규분포 추정
신장,cm,여,40~44세,68,163.4,통계연보 평균(40대)+표준편차 5.4 가정 정규분포 추정
신장,cm,여,40~44세,69,163.6,통계연보 평균(40대)+표준편차 5.4 가정 정규분포 추정
신장,cm,여,40~44세,70,163.7,통계연보 평균(40대)+표준편차 5.4 가정 정규분포 추정
신장,cm,여,40~44세,71,163.9,통계연보 평균(40대)+표준편차 5.4 가정 정규분포 추정
신장,cm,여,40~44세,72,164,통계연보 평균(40대)+표준편차 5.4 가정 정규분포 추정
신장,cm,여,40~44세,73,164.2,통계연보 평균(40대)+표준편차 5.4 가정 정규분포 추정
신장,cm,여,40~44세,74,164.4,통계연보 평균(40대)+표준편차 5.4 가정 정규분포 추정
신장,cm,여,40~44세,75,164.5,통계연보 평균(40대)+표준편차 5.4 가정 정규분포 추정
신장,cm,여,40~44세,76,164.7,통계연보 평균(40대)+표준편차 5.4 가정 정규분포 추정
신장,cm,여,40~44세,77,164.9,통계연보 평균(40대)+표준편차 5.4 가정 정규분포 추정
신장,cm,여,40~44세,78,165.1,통계연보 평균(40대)+표준편차 5.4 가정 정규분포 추정
신장,cm,여,40~44세,79,165.3,통계연보 평균(40대)+표준편차 5.4 가정 정규분포 추정
신장,cm,여,40~44세,80,165.4,통계연보 평균(40대)+표준편차 5.4 가정 정규분포 추정
신장,cm,여,40~44세,81,165.6,통계연보 평균(40대)+표준편차 5.4 가정 정규분포 추정
신장,cm,여,40~44세,82,165.8,통계연보 평균(40대)+표준편차 5.4 가정 정규분포 추정
신장,cm,여,40~44세,83,166.1,통계연보 평균(40대)+표준편차 5.4 가정 정규분포 추정
신장,cm,여,40~44세,84,166.3,통계연보 평균(40대)+표준편차 5.4 가정 정규분포 추정
신장,cm,여,40~44세,85,166.5,통계연보 평균(40대)+표준편차 5.4 가정 정규분포 추정
신장,cm,여,40~44세,86,166.7,통계연보 평균(40대)+표준편차 5.4 가정 정규분포 추정
신장,cm,여,40~44세,87,167,통계연보 평균(40대)+표준편차 5.4 가정 정규분포 추정
신장,cm,여,40~44세,88,167.2,통계연보 평균(40대)+표준편차 5.4 가정 정규분포 추정
신장,cm,여,40~44세,89,167.5,통계연보 평균(40대)+표준편차 5.4 가정 정규분포 추정
신장,cm,여,40~44세,90,167.8,통계연보 평균(40대)+표준편차 5.4 가정 정규분포 추정
신장,cm,여,40~44세,91,168.1,통계연보 평균(40대)+표준편차 5.4 가정 정규분포 추정
신장,cm,여,40~44세,92,168.5,통계연보 평균(40대)+표준편차 5.4 가정 정규분포 추정
신장,cm,여,40~44세,93,168.9,통계연보 평균(40대)+표준편차 5.4 가정 정규분포 추정
신장,cm,여,40~44세,94,169.3,통계연보 평균(40대)+표준편차 5.4 가정 정규분포 추정
신장,cm,여,40~44세,95,169.8,통계연보 평균(40대)+표준편차 5.4 가정 정규분포 추정
신장,cm,여,40~44세,96,170.4,통계연보 평균(40대)+표준편차 5.4 가정 정규분포 추정
신장,cm,여,40~44세,97,171.1,통계연보 평균(40대)+표준편차 5.4 가정 정규분포 추정
신장,cm,여,40~44세,98,172,통계연보 평균(40대)+표준편차 5.4 가정 정규분포 추정
신장,cm,여,40~44세,99,173.5,통계연보 평균(40대)+표준편차 5.4 가정 정규분포 추정
신장,cm,여,40~44세,100,174.8,통계연보 평균(40대)+표준편차 5.4 가정 정규분포 추정
신장,cm,여,45~49세,1,148.3,통계연보 평균(40대)+표준편차 5.4 가정 정규분포 추정
신장,cm,여,45~49세,2,149.8,통계연보 평균(40대)+표준편차 5.4 가정 정규분포 추정
신장,cm,여,45~49세,3,150.7,통계연보 평균(40대)+표준편차 5.4 가정 정규분포 추정
신장,cm,여,45~49세,4,151.4,통계연보 평균(40대)+표준편차 5.4 가정 정규분포 추정
신장,cm,여,45~49세,5,152,통계연보 평균(40대)+표준편차 5.4 가정 정규분포 추정
신장,cm,여,45~49세,6,152.5,통계연보 평균(40대)+표준편차 5.4 가정 정규분포 추정
신장,cm,여,45~49세,7,152.9,통계연보 평균(40대)+표준편차 5.4 가정 정규분포 추정
신장,cm,여,45~49세,8,153.3,통계연보 평균(40대)+표준편차 5.4 가정 정규분포 추정
신장,cm,여,45~49세,9,153.7,통계연보 평균(40대)+표준편차 5.4 가정 정규분포 추정
신장,cm,여,45~49세,10,154,통계연보 평균(40대)+표준편차 5.4 가정 정규분포 추정
신장,cm,여,45~49세,11,154.3,통계연보 평균(40대)+표준편차 5.4 가정 정규분포 추정
신장,cm,여,45~49세,12,154.6,통계연보 평균(40대)+표준편차 5.4 가정 정규분포 추정
신장,cm,여,45~49세,13,154.8,통계연보 평균(40대)+표준편차 5.4 가정 정규분포 추정
신장,cm,여,45~49세,14,155.1,통계연보 평균(40대)+표준편차 5.4 가정 정규분포 추정
신장,cm,여,45~49세,15,155.3,통계연보 평균(40대)+표준편차 5.4 가정 정규분포 추정
신장,cm,여,45~49세,16,155.5,통계연보 평균(40대)+표준편차 5.4 가정 정규분포 추정
신장,cm,여,45~49세,17,155.7,통계연보 평균(40대)+표준편차 5.4 가정 정규분포 추정
신장,cm,여,45~49세,18,156,통계연보 평균(40대)+표준편차 5.4 가정 정규분포 추정
신장,cm,여,45~49세,19,156.2,통계연보 평균(40대)+표준편차 5.4 가정 정규분포 추정
신장,cm,여,45~49세,20,156.4,통계연보 평균(40대)+표준편차 5.4 가정 정규분포 추정
신장,cm,여,45~49세,21,156.5,통계연보 평균(40대)+표준편차 5.4 가정 정규분포 추정
신장,cm,여,45~49세,22,156.7,통계연보 평균(40대)+표준편차 5.4 가정 정규분포 추정
신장,cm,여,45~49세,23,156.9,통계연보 평균(40대)+표준편차 5.4 가정 정규분포 추정
신장,cm,여,45~49세,24,157.1,통계연보 평균(40대)+표준편차 5.4 가정 정규분포 추정
신장,cm,여,45~49세,25,157.3,통계연보 평균(40대)+표준편차 5.4 가정 정규분포 추정
신장,cm,여,45~49세,26,157.4,통계연보 평균(40대)+표준편차 5.4 가정 정규분포 추정
신장,cm,여,45~49세,27,157.6,통계연보 평균(40대)+표준편차 5.4 가정 정규분포 추정
신장,cm,여,45~49세,28,157.8,통계연보 평균(40대)+표준편차 5.4 가정 정규분포 추정
신장,cm,여,45~49세,29,157.9,통계연보 평균(40대)+표준편차 5.4 가정 정규분포 추정
신장,cm,여,45~49세,30,158.1,통계연보 평균(40대)+표준편차 5.4 가정 정규분포 추정
신장,cm,여,45~49세,31,158.2,통계연보 평균(40대)+표준편차 5.4 가정 정규분포 추정
신장,cm,여,45~49세,32,158.4,통계연보 평균(40대)+표준편차 5.4 가정 정규분포 추정
신장,cm,여,45~49세,33,158.5,통계연보 평균(40대)+표준편차 5.4 가정 정규분포 추정
신장,cm,여,45~49세,34,158.7,통계연보 평균(40대)+표준편차 5.4 가정 정규분포 추정
신장,cm,여,45~49세,35,158.8,통계연보 평균(40대)+표준편차 5.4 가정 정규분포 추정
신장,cm,여,45~49세,36,159,통계연보 평균(40대)+표준편차 5.4 가정 정규분포 추정
신장,cm,여,45~49세,37,159.1,통계연보 평균(40대)+표준편차 5.4 가정 정규분포 추정
신장,cm,여,45~49세,38,159.3,통계연보 평균(40대)+표준편차 5.4 가정 정규분포 추정
신장,cm,여,45~49세,39,159.4,통계연보 평균(40대)+표준편차 5.4 가정 정규분포 추정
신장,cm,여,45~49세,40,159.5,통계연보 평균(40대)+표준편차 5.4 가정 정규분포 추정
신장,cm,여,45~49세,41,159.7,통계연보 평균(40대)+표준편차 5.4 가정 정규분포 추정
신장,cm,여,45~49세,42,159.8,통계연보 평균(40대)+표준편차 5.4 가정 정규분포 추정
신장,cm,여,45~49세,43,159.9,통계연보 평균(40대)+표준편차 5.4 가정 정규분포 추정
신장,cm,여,45~49세,44,160.1,통계연보 평균(40대)+표준편차 5.4 가정 정규분포 추정
신장,cm,여,45~49세,45,160.2,통계연보 평균(40대)+표준편차 5.4 가정 정규분포 추정
신장,cm,여,45~49세,46,160.4,통계연보 평균(40대)+표준편차 5.4 가정 정규분포 추정
신장,cm,여,45~49세,47,160.5,통계연보 평균(40대)+표준편차 5.4 가정 정규분포 추정
신장,cm,여,45~49세,48,160.6,통계연보 평균(40대)+표준편차 5.4 가정 정규분포 추정
신장,cm,여,45~49세,49,160.8,통계연보 평균(40대)+표준편차 5.4 가정 정규분포 추정
신장,cm,여,45~49세,50,160.9,통계연보 평균(40대)+표준편차 5.4 가정 정규분포 추정
신장,cm,여,45~49세,51,161,통계연보 평균(40대)+표준편차 5.4 가정 정규분포 추정
신장,cm,여,45~49세,52,161.2,통계연보 평균(40대)+표준편차 5.4 가정 정규분포 추정
신장,cm,여,45~49세,53,161.3,통계연보 평균(40대)+표준편차 5.4 가정 정규분포 추정
신장,cm,여,45~49세,54,161.4,통계연보 평균(40대)+표준편차 5.4 가정 정규분포 추정
신장,cm,여,45~49세,55,161.6,통계연보 평균(40대)+표준편차 5.4 가정 정규분포 추정
신장,cm,여,45~49세,56,161.7,통계연보 평균(40대)+표준편차 5.4 가정 정규분포 추정
신장,cm,여,45~49세,57,161.9,통계연보 평균(40대)+표준편차 5.4 가정 정규분포 추정
신장,cm,여,45~49세,58,162,통계연보 평균(40대)+표준편차 5.4 가정 정규분포 추정
신장,cm,여,45~49세,59,162.1,통계연보 평균(40대)+표준편차 5.4 가정 정규분포 추정
신장,cm,여,45~49세,60,162.3,통계연보 평균(40대)+표준편차 5.4 가정 정규분포 추정
신장,cm,여,45~49세,61,162.4,통계연보 평균(40대)+표준편차 5.4 가정 정규분포 추정
신장,cm,여,45~49세,62,162.5,통계연보 평균(40대)+표준편차 5.4 가정 정규분포 추정
신장,cm,여,45~49세,63,162.7,통계연보 평균(40대)+표준편차 5.4 가정 정규분포 추정
신장,cm,여,45~49세,64,162.8,통계연보 평균(40대)+표준편차 5.4 가정 정규분포 추정
신장,cm,여,45~49세,65,163,통계연보 평균(40대)+표준편차 5.4 가정 정규분포 추정
신장,cm,여,45~49세,66,163.1,통계연보 평균(40대)+표준편차 5.4 가정 정규분포 추정
신장,cm,여,45~49세,67,163.3,통계연보 평균(40대)+표준편차 5.4 가정 정규분포 추정
신장,cm,여,45~49세,68,163.4,통계연보 평균(40대)+표준편차 5.4 가정 정규분포 추정
신장,cm,여,45~49세,69,163.6,통계연보 평균(40대)+표준편차 5.4 가정 정규분포 추정
신장,cm,여,45~49세,70,163.7,통계연보 평균(40대)+표준편차 5.4 가정 정규분포 추정
신장,cm,여,45~49세,71,163.9,통계연보 평균(40대)+표준편차 5.4 가정 정규분포 추정
신장,cm,여,45~49세,72,164,통계연보 평균(40대)+표준편차 5.4 가정 정규분포 추정
신장,cm,여,45~49세,73,164.2,통계연보 평균(40대)+표준편차 5.4 가정 정규분포 추정
신장,cm,여,45~49세,74,164.4,통계연보 평균(40대)+표준편차 5.4 가정 정규분포 추정
신장,cm,여,45~49세,75,164.5,통계연보 평균(40대)+표준편차 5.4 가정 정규분포 추정
신장,cm,여,45~49세,76,164.7,통계연보 평균(40대)+표준편차 5.4 가정 정규분포 추정
신장,cm,여,45~49세,77,164.9,통계연보 평균(40대)+표준편차 5.4 가정 정규분포 추정
신장,cm,여,45~49세,78,165.1,통계연보 평균(40대)+표준편차 5.4 가정 정규분포 추정
신장,cm,여,45~49세,79,165.3,통계연보 평균(40대)+표준편차 5.4 가정 정규분포 추정
신장,cm,여,45~49세,80,165.4,통계연보 평균(40대)+표준편차 5.4 가정 정규분포 추정
신장,cm,여,45~49세,81,165.6,통계연보 평균(40대)+표준편차 5.4 가정 정규분포 추정
신장,cm,여,45~49세,82,165.8,통계연보 평균(40대)+표준편차 5.4 가정 정규분포 추정
신장,cm,여,45~49세,83,166.1,통계연보 평균(40대)+표준편차 5.4 가정 정규분포 추정
신장,cm,여,45~49세,84,166.3,통계연보 평균(40대)+표준편차 5.4 가정 정규분포 추정
신장,cm,여,45~49세,85,166.5,통계연보 평균(40대)+표준편차 5.4 가정 정규분포 추정
신장,cm,여,45~49세,86,166.7,통계연보 평균(40대)+표준편차 5.4 가정 정규분포 추정
신장,cm,여,45~49세,87,167,통계연보 평균(40대)+표준편차 5.4 가정 정규분포 추정
신장,cm,여,45~49세,88,167.2,통계연보 평균(40대)+표준편차 5.4 가정 정규분포 추정
신장,cm,여,45~49세,89,167.5,통계연보 평균(40대)+표준편차 5.4 가정 정규분포 추정
신장,cm,여,45~49세,90,167.8,통계연보 평균(40대)+표준편차 5.4 가정 정규분포 추정
신장,cm,여,45~49세,91,168.1,통계연보 평균(40대)+표준편차 5.4 가정 정규분포 추정
신장,cm,여,45~49세,92,168.5,통계연보 평균(40대)+표준편차 5.4 가정 정규분포 추정
신장,cm,여,45~49세,93,168.9,통계연보 평균(40대)+표준편차 5.4 가정 정규분포 추정
신장,cm,여,45~49세,94,169.3,통계연보 평균(40대)+표준편차 5.4 가정 정규분포 추정
신장,cm,여,45~49세,95,169.8,통계연보 평균(40대)+표준편차 5.4 가정 정규분포 추정
신장,cm,여,45~49세,96,170.4,통계연보 평균(40대)+표준편차 5.4 가정 정규분포 추정
신장,cm,여,45~49세,97,171.1,통계연보 평균(40대)+표준편차 5.4 가정 정규분포 추정
신장,cm,여,45~49세,98,172,통계연보 평균(40대)+표준편차 5.4 가정 정규분포 추정
신장,cm,여,45~49세,99,173.5,통계연보 평균(40대)+표준편차 5.4 가정 정규분포 추정
신장,cm,여,45~49세,100,174.8,통계연보 평균(40대)+표준편차 5.4 가정 정규분포 추정
신장,cm,여,50~54세,1,145.7,통계연보 평균(50대)+표준편차 5.4 가정 정규분포 추정
신장,cm,여,50~54세,2,147.2,통계연보 평균(50대)+표준편차 5.4 가정 정규분포 추정
신장,cm,여,50~54세,3,148.1,통계연보 평균(50대)+표준편차 5.4 가정 정규분포 추정
신장,cm,여,50~54세,4,148.8,통계연보 평균(50대)+표준편차 5.4 가정 정규분포 추정
신장,cm,여,50~54세,5,149.4,통계연보 평균(50대)+표준편차 5.4 가정 정규분포 추정
신장,cm,여,50~54세,6,149.9,통계연보 평균(50대)+표준편차 5.4 가정 정규분포 추정
신장,cm,여,50~54세,7,150.3,통계연보 평균(50대)+표준편차 5.4 가정 정규분포 추정
신장,cm,여,50~54세,8,150.7,통계연보 평균(50대)+표준편차 5.4 가정 정규분포 추정
신장,cm,여,50~54세,9,151.1,통계연보 평균(50대)+표준편차 5.4 가정 정규분포 추정
신장,cm,여,50~54세,10,151.4,통계연보 평균(50대)+표준편차 5.4 가정 정규분포 추정
신장,cm,여,50~54세,11,151.7,통계연보 평균(50대)+표준편차 5.4 가정 정규분포 추정
신장,cm,여,50~54세,12,152,통계연보 평균(50대)+표준편차 5.4 가정 정규분포 추정
신장,cm,여,50~54세,13,152.2,통계연보 평균(50대)+표준편차 5.4 가정 정규분포 추정
신장,cm,여,50~54세,14,152.5,통계연보 평균(50대)+표준편차 5.4 가정 정규분포 추정
신장,cm,여,50~54세,15,152.7,통계연보 평균(50대)+표준편차 5.4 가정 정규분포 추정
신장,cm,여,50~54세,16,152.9,통계연보 평균(50대)+표준편차 5.4 가정 정규분포 추정
신장,cm,여,50~54세,17,153.1,통계연보 평균(50대)+표준편차 5.4 가정 정규분포 추정
신장,cm,여,50~54세,18,153.4,통계연보 평균(50대)+표준편차 5.4 가정 정규분포 추정
신장,cm,여,50~54세,19,153.6,통계연보 평균(50대)+표준편차 5.4 가정 정규분포 추정
신장,cm,여,50~54세,20,153.8,통계연보 평균(50대)+표준편차 5.4 가정 정규분포 추정
신장,cm,여,50~54세,21,153.9,통계연보 평균(50대)+표준편차 5.4 가정 정규분포 추정
신장,cm,여,50~54세,22,154.1,통계연보 평균(50대)+표준편차 5.4 가정 정규분포 추정
신장,cm,여,50~54세,23,154.3,통계연보 평균(50대)+표준편차 5.4 가정 정규분포 추정
신장,cm,여,50~54세,24,154.5,통계연보 평균(50대)+표준편차 5.4 가정 정규분포 추정
신장,cm,여,50~54세,25,154.7,통계연보 평균(50대)+표준편차 5.4 가정 정규분포 추정
신장,cm,여,50~54세,26,154.8,통계연보 평균(50대)+표준편차 5.4 가정 정규분포 추정
신장,cm,여,50~54세,27,155,통계연보 평균(50대)+표준편차 5.4 가정 정규분포 추정
신장,cm,여,50~54세,28,155.2,통계연보 평균(50대)+표준편차 5.4 가정 정규분포 추정
신장,cm,여,50~54세,29,155.3,통계연보 평균(50대)+표준편차 5.4 가정 정규분포 추정
신장,cm,여,50~54세,30,155.5,통계연보 평균(50대)+표준편차 5.4 가정 정규분포 추정
신장,cm,여,50~54세,31,155.6,통계연보 평균(50대)+표준편차 5.4 가정 정규분포 추정
신장,cm,여,50~54세,32,155.8,통계연보 평균(50대)+표준편차 5.4 가정 정규분포 추정
신장,cm,여,50~54세,33,155.9,통계연보 평균(50대)+표준편차 5.4 가정 정규분포 추정
신장,cm,여,50~54세,34,156.1,통계연보 평균(50대)+표준편차 5.4 가정 정규분포 추정
신장,cm,여,50~54세,35,156.2,통계연보 평균(50대)+표준편차 5.4 가정 정규분포 추정
신장,cm,여,50~54세,36,156.4,통계연보 평균(50대)+표준편차 5.4 가정 정규분포 추정
신장,cm,여,50~54세,37,156.5,통계연보 평균(50대)+표준편차 5.4 가정 정규분포 추정
신장,cm,여,50~54세,38,156.7,통계연보 평균(50대)+표준편차 5.4 가정 정규분포 추정
신장,cm,여,50~54세,39,156.8,통계연보 평균(50대)+표준편차 5.4 가정 정규분포 추정
신장,cm,여,50~54세,40,156.9,통계연보 평균(50대)+표준편차 5.4 가정 정규분포 추정
신장,cm,여,50~54세,41,157.1,통계연보 평균(50대)+표준편차 5.4 가정 정규분포 추정
신장,cm,여,50~54세,42,157.2,통계연보 평균(50대)+표준편차 5.4 가정 정규분포 추정
신장,cm,여,50~54세,43,157.3,통계연보 평균(50대)+표준편차 5.4 가정 정규분포 추정
신장,cm,여,50~54세,44,157.5,통계연보 평균(50대)+표준편차 5.4 가정 정규분포 추정
신장,cm,여,50~54세,45,157.6,통계연보 평균(50대)+표준편차 5.4 가정 정규분포 추정
신장,cm,여,50~54세,46,157.8,통계연보 평균(50대)+표준편차 5.4 가정 정규분포 추정
신장,cm,여,50~54세,47,157.9,통계연보 평균(50대)+표준편차 5.4 가정 정규분포 추정
신장,cm,여,50~54세,48,158,통계연보 평균(50대)+표준편차 5.4 가정 정규분포 추정
신장,cm,여,50~54세,49,158.2,통계연보 평균(50대)+표준편차 5.4 가정 정규분포 추정
신장,cm,여,50~54세,50,158.3,통계연보 평균(50대)+표준편차 5.4 가정 정규분포 추정
신장,cm,여,50~54세,51,158.4,통계연보 평균(50대)+표준편차 5.4 가정 정규분포 추정
신장,cm,여,50~54세,52,158.6,통계연보 평균(50대)+표준편차 5.4 가정 정규분포 추정
신장,cm,여,50~54세,53,158.7,통계연보 평균(50대)+표준편차 5.4 가정 정규분포 추정
신장,cm,여,50~54세,54,158.8,통계연보 평균(50대)+표준편차 5.4 가정 정규분포 추정
신장,cm,여,50~54세,55,159,통계연보 평균(50대)+표준편차 5.4 가정 정규분포 추정
신장,cm,여,50~54세,56,159.1,통계연보 평균(50대)+표준편차 5.4 가정 정규분포 추정
신장,cm,여,50~54세,57,159.3,통계연보 평균(50대)+표준편차 5.4 가정 정규분포 추정
신장,cm,여,50~54세,58,159.4,통계연보 평균(50대)+표준편차 5.4 가정 정규분포 추정
신장,cm,여,50~54세,59,159.5,통계연보 평균(50대)+표준편차 5.4 가정 정규분포 추정
신장,cm,여,50~54세,60,159.7,통계연보 평균(50대)+표준편차 5.4 가정 정규분포 추정
신장,cm,여,50~54세,61,159.8,통계연보 평균(50대)+표준편차 5.4 가정 정규분포 추정
신장,cm,여,50~54세,62,159.9,통계연보 평균(50대)+표준편차 5.4 가정 정규분포 추정
신장,cm,여,50~54세,63,160.1,통계연보 평균(50대)+표준편차 5.4 가정 정규분포 추정
신장,cm,여,50~54세,64,160.2,통계연보 평균(50대)+표준편차 5.4 가정 정규분포 추정
신장,cm,여,50~54세,65,160.4,통계연보 평균(50대)+표준편차 5.4 가정 정규분포 추정
신장,cm,여,50~54세,66,160.5,통계연보 평균(50대)+표준편차 5.4 가정 정규분포 추정
신장,cm,여,50~54세,67,160.7,통계연보 평균(50대)+표준편차 5.4 가정 정규분포 추정
신장,cm,여,50~54세,68,160.8,통계연보 평균(50대)+표준편차 5.4 가정 정규분포 추정
신장,cm,여,50~54세,69,161,통계연보 평균(50대)+표준편차 5.4 가정 정규분포 추정
신장,cm,여,50~54세,70,161.1,통계연보 평균(50대)+표준편차 5.4 가정 정규분포 추정
신장,cm,여,50~54세,71,161.3,통계연보 평균(50대)+표준편차 5.4 가정 정규분포 추정
신장,cm,여,50~54세,72,161.4,통계연보 평균(50대)+표준편차 5.4 가정 정규분포 추정
신장,cm,여,50~54세,73,161.6,통계연보 평균(50대)+표준편차 5.4 가정 정규분포 추정
신장,cm,여,50~54세,74,161.8,통계연보 평균(50대)+표준편차 5.4 가정 정규분포 추정
신장,cm,여,50~54세,75,161.9,통계연보 평균(50대)+표준편차 5.4 가정 정규분포 추정
신장,cm,여,50~54세,76,162.1,통계연보 평균(50대)+표준편차 5.4 가정 정규분포 추정
신장,cm,여,50~54세,77,162.3,통계연보 평균(50대)+표준편차 5.4 가정 정규분포 추정
신장,cm,여,50~54세,78,162.5,통계연보 평균(50대)+표준편차 5.4 가정 정규분포 추정
신장,cm,여,50~54세,79,162.7,통계연보 평균(50대)+표준편차 5.4 가정 정규분포 추정
신장,cm,여,50~54세,80,162.8,통계연보 평균(50대)+표준편차 5.4 가정 정규분포 추정
신장,cm,여,50~54세,81,163,통계연보 평균(50대)+표준편차 5.4 가정 정규분포 추정
신장,cm,여,50~54세,82,163.2,통계연보 평균(50대)+표준편차 5.4 가정 정규분포 추정
신장,cm,여,50~54세,83,163.5,통계연보 평균(50대)+표준편차 5.4 가정 정규분포 추정
신장,cm,여,50~54세,84,163.7,통계연보 평균(50대)+표준편차 5.4 가정 정규분포 추정
신장,cm,여,50~54세,85,163.9,통계연보 평균(50대)+표준편차 5.4 가정 정규분포 추정
신장,cm,여,50~54세,86,164.1,통계연보 평균(50대)+표준편차 5.4 가정 정규분포 추정
신장,cm,여,50~54세,87,164.4,통계연보 평균(50대)+표준편차 5.4 가정 정규분포 추정
신장,cm,여,50~54세,88,164.6,통계연보 평균(50대)+표준편차 5.4 가정 정규분포 추정
신장,cm,여,50~54세,89,164.9,통계연보 평균(50대)+표준편차 5.4 가정 정규분포 추정
신장,cm,여,50~54세,90,165.2,통계연보 평균(50대)+표준편차 5.4 가정 정규분포 추정
신장,cm,여,50~54세,91,165.5,통계연보 평균(50대)+표준편차 5.4 가정 정규분포 추정
신장,cm,여,50~54세,92,165.9,통계연보 평균(50대)+표준편차 5.4 가정 정규분포 추정
신장,cm,여,50~54세,93,166.3,통계연보 평균(50대)+표준편차 5.4 가정 정규분포 추정
신장,cm,여,50~54세,94,166.7,통계연보 평균(50대)+표준편차 5.4 가정 정규분포 추정
신장,cm,여,50~54세,95,167.2,통계연보 평균(50대)+표준편차 5.4 가정 정규분포 추정
신장,cm,여,50~54세,96,167.8,통계연보 평균(50대)+표준편차 5.4 가정 정규분포 추정
신장,cm,여,50~54세,97,168.5,통계연보 평균(50대)+표준편차 5.4 가정 정규분포 추정
신장,cm,여,50~54세,98,169.4,통계연보 평균(50대)+표준편차 5.4 가정 정규분포 추정
신장,cm,여,50~54세,99,170.9,통계연보 평균(50대)+표준편차 5.4 가정 정규분포 추정
신장,cm,여,50~54세,100,172.2,통계연보 평균(50대)+표준편차 5.4 가정 정규분포 추정
신장,cm,여,55~59세,1,145.7,통계연보 평균(50대)+표준편차 5.4 가정 정규분포 추정
신장,cm,여,55~59세,2,147.2,통계연보 평균(50대)+표준편차 5.4 가정 정규분포 추정
신장,cm,여,55~59세,3,148.1,통계연보 평균(50대)+표준편차 5.4 가정 정규분포 추정
신장,cm,여,55~59세,4,148.8,통계연보 평균(50대)+표준편차 5.4 가정 정규분포 추정
신장,cm,여,55~59세,5,149.4,통계연보 평균(50대)+표준편차 5.4 가정 정규분포 추정
신장,cm,여,55~59세,6,149.9,통계연보 평균(50대)+표준편차 5.4 가정 정규분포 추정
신장,cm,여,55~59세,7,150.3,통계연보 평균(50대)+표준편차 5.4 가정 정규분포 추정
신장,cm,여,55~59세,8,150.7,통계연보 평균(50대)+표준편차 5.4 가정 정규분포 추정
신장,cm,여,55~59세,9,151.1,통계연보 평균(50대)+표준편차 5.4 가정 정규분포 추정
신장,cm,여,55~59세,10,151.4,통계연보 평균(50대)+표준편차 5.4 가정 정규분포 추정
신장,cm,여,55~59세,11,151.7,통계연보 평균(50대)+표준편차 5.4 가정 정규분포 추정
신장,cm,여,55~59세,12,152,통계연보 평균(50대)+표준편차 5.4 가정 정규분포 추정
신장,cm,여,55~59세,13,152.2,통계연보 평균(50대)+표준편차 5.4 가정 정규분포 추정
신장,cm,여,55~59세,14,152.5,통계연보 평균(50대)+표준편차 5.4 가정 정규분포 추정
신장,cm,여,55~59세,15,152.7,통계연보 평균(50대)+표준편차 5.4 가정 정규분포 추정
신장,cm,여,55~59세,16,152.9,통계연보 평균(50대)+표준편차 5.4 가정 정규분포 추정
신장,cm,여,55~59세,17,153.1,통계연보 평균(50대)+표준편차 5.4 가정 정규분포 추정
신장,cm,여,55~59세,18,153.4,통계연보 평균(50대)+표준편차 5.4 가정 정규분포 추정
신장,cm,여,55~59세,19,153.6,통계연보 평균(50대)+표준편차 5.4 가정 정규분포 추정
신장,cm,여,55~59세,20,153.8,통계연보 평균(50대)+표준편차 5.4 가정 정규분포 추정
신장,cm,여,55~59세,21,153.9,통계연보 평균(50대)+표준편차 5.4 가정 정규분포 추정
신장,cm,여,55~59세,22,154.1,통계연보 평균(50대)+표준편차 5.4 가정 정규분포 추정
신장,cm,여,55~59세,23,154.3,통계연보 평균(50대)+표준편차 5.4 가정 정규분포 추정
신장,cm,여,55~59세,24,154.5,통계연보 평균(50대)+표준편차 5.4 가정 정규분포 추정
신장,cm,여,55~59세,25,154.7,통계연보 평균(50대)+표준편차 5.4 가정 정규분포 추정
신장,cm,여,55~59세,26,154.8,통계연보 평균(50대)+표준편차 5.4 가정 정규분포 추정
신장,cm,여,55~59세,27,155,통계연보 평균(50대)+표준편차 5.4 가정 정규분포 추정
신장,cm,여,55~59세,28,155.2,통계연보 평균(50대)+표준편차 5.4 가정 정규분포 추정
신장,cm,여,55~59세,29,155.3,통계연보 평균(50대)+표준편차 5.4 가정 정규분포 추정
신장,cm,여,55~59세,30,155.5,통계연보 평균(50대)+표준편차 5.4 가정 정규분포 추정
신장,cm,여,55~59세,31,155.6,통계연보 평균(50대)+표준편차 5.4 가정 정규분포 추정
신장,cm,여,55~59세,32,155.8,통계연보 평균(50대)+표준편차 5.4 가정 정규분포 추정
신장,cm,여,55~59세,33,155.9,통계연보 평균(50대)+표준편차 5.4 가정 정규분포 추정
신장,cm,여,55~59세,34,156.1,통계연보 평균(50대)+표준편차 5.4 가정 정규분포 추정
신장,cm,여,55~59세,35,156.2,통계연보 평균(50대)+표준편차 5.4 가정 정규분포 추정
신장,cm,여,55~59세,36,156.4,통계연보 평균(50대)+표준편차 5.4 가정 정규분포 추정
신장,cm,여,55~59세,37,156.5,통계연보 평균(50대)+표준편차 5.4 가정 정규분포 추정
신장,cm,여,55~59세,38,156.7,통계연보 평균(50대)+표준편차 5.4 가정 정규분포 추정
신장,cm,여,55~59세,39,156.8,통계연보 평균(50대)+표준편차 5.4 가정 정규분포 추정
신장,cm,여,55~59세,40,156.9,통계연보 평균(50대)+표준편차 5.4 가정 정규분포 추정
신장,cm,여,55~59세,41,157.1,통계연보 평균(50대)+표준편차 5.4 가정 정규분포 추정
신장,cm,여,55~59세,42,157.2,통계연보 평균(50대)+표준편차 5.4 가정 정규분포 추정
신장,cm,여,55~59세,43,157.3,통계연보 평균(50대)+표준편차 5.4 가정 정규분포 추정
신장,cm,여,55~59세,44,157.5,통계연보 평균(50대)+표준편차 5.4 가정 정규분포 추정
신장,cm,여,55~59세,45,157.6,통계연보 평균(50대)+표준편차 5.4 가정 정규분포 추정
신장,cm,여,55~59세,46,157.8,통계연보 평균(50대)+표준편차 5.4 가정 정규분포 추정
신장,cm,여,55~59세,47,157.9,통계연보 평균(50대)+표준편차 5.4 가정 정규분포 추정
신장,cm,여,55~59세,48,158,통계연보 평균(50대)+표준편차 5.4 가정 정규분포 추정
신장,cm,여,55~59세,49,158.2,통계연보 평균(50대)+표준편차 5.4 가정 정규분포 추정
신장,cm,여,55~59세,50,158.3,통계연보 평균(50대)+표준편차 5.4 가정 정규분포 추정
신장,cm,여,55~59세,51,158.4,통계연보 평균(50대)+표준편차 5.4 가정 정규분포 추정
신장,cm,여,55~59세,52,158.6,통계연보 평균(50대)+표준편차 5.4 가정 정규분포 추정
신장,cm,여,55~59세,53,158.7,통계연보 평균(50대)+표준편차 5.4 가정 정규분포 추정
신장,cm,여,55~59세,54,158.8,통계연보 평균(50대)+표준편차 5.4 가정 정규분포 추정
신장,cm,여,55~59세,55,159,통계연보 평균(50대)+표준편차 5.4 가정 정규분포 추정
신장,cm,여,55~59세,56,159.1,통계연보 평균(50대)+표준편차 5.4 가정 정규분포 추정
신장,cm,여,55~59세,57,159.3,통계연보 평균(50대)+표준편차 5.4 가정 정규분포 추정
신장,cm,여,55~59세,58,159.4,통계연보 평균(50대)+표준편차 5.4 가정 정규분포 추정
신장,cm,여,55~59세,59,159.5,통계연보 평균(50대)+표준편차 5.4 가정 정규분포 추정
신장,cm,여,55~59세,60,159.7,통계연보 평균(50대)+표준편차 5.4 가정 정규분포 추정
신장,cm,여,55~59세,61,159.8,통계연보 평균(50대)+표준편차 5.4 가정 정규분포 추정
신장,cm,여,55~59세,62,159.9,통계연보 평균(50대)+표준편차 5.4 가정 정규분포 추정
신장,cm,여,55~59세,63,160.1,통계연보 평균(50대)+표준편차 5.4 가정 정규분포 추정
신장,cm,여,55~59세,64,160.2,통계연보 평균(50대)+표준편차 5.4 가정 정규분포 추정
신장,cm,여,55~59세,65,160.4,통계연보 평균(50대)+표준편차 5.4 가정 정규분포 추정
신장,cm,여,55~59세,66,160.5,통계연보 평균(50대)+표준편차 5.4 가정 정규분포 추정
신장,cm,여,55~59세,67,160.7,통계연보 평균(50대)+표준편차 5.4 가정 정규분포 추정
신장,cm,여,55~59세,68,160.8,통계연보 평균(50대)+표준편차 5.4 가정 정규분포 추정
신장,cm,여,55~59세,69,161,통계연보 평균(50대)+표준편차 5.4 가정 정규분포 추정
신장,cm,여,55~59세,70,161.1,통계연보 평균(50대)+표준편차 5.4 가정 정규분포 추정
신장,cm,여,55~59세,71,161.3,통계연보 평균(50대)+표준편차 5.4 가정 정규분포 추정
신장,cm,여,55~59세,72,161.4,통계연보 평균(50대)+표준편차 5.4 가정 정규분포 추정
신장,cm,여,55~59세,73,161.6,통계연보 평균(50대)+표준편차 5.4 가정 정규분포 추정
신장,cm,여,55~59세,74,161.8,통계연보 평균(50대)+표준편차 5.4 가정 정규분포 추정
신장,cm,여,55~59세,75,161.9,통계연보 평균(50대)+표준편차 5.4 가정 정규분포 추정
신장,cm,여,55~59세,76,162.1,통계연보 평균(50대)+표준편차 5.4 가정 정규분포 추정
신장,cm,여,55~59세,77,162.3,통계연보 평균(50대)+표준편차 5.4 가정 정규분포 추정
신장,cm,여,55~59세,78,162.5,통계연보 평균(50대)+표준편차 5.4 가정 정규분포 추정
신장,cm,여,55~59세,79,162.7,통계연보 평균(50대)+표준편차 5.4 가정 정규분포 추정
신장,cm,여,55~59세,80,162.8,통계연보 평균(50대)+표준편차 5.4 가정 정규분포 추정
신장,cm,여,55~59세,81,163,통계연보 평균(50대)+표준편차 5.4 가정 정규분포 추정
신장,cm,여,55~59세,82,163.2,통계연보 평균(50대)+표준편차 5.4 가정 정규분포 추정
신장,cm,여,55~59세,83,163.5,통계연보 평균(50대)+표준편차 5.4 가정 정규분포 추정
신장,cm,여,55~59세,84,163.7,통계연보 평균(50대)+표준편차 5.4 가정 정규분포 추정
신장,cm,여,55~59세,85,163.9,통계연보 평균(50대)+표준편차 5.4 가정 정규분포 추정
신장,cm,여,55~59세,86,164.1,통계연보 평균(50대)+표준편차 5.4 가정 정규분포 추정
신장,cm,여,55~59세,87,164.4,통계연보 평균(50대)+표준편차 5.4 가정 정규분포 추정
신장,cm,여,55~59세,88,164.6,통계연보 평균(50대)+표준편차 5.4 가정 정규분포 추정
신장,cm,여,55~59세,89,164.9,통계연보 평균(50대)+표준편차 5.4 가정 정규분포 추정
신장,cm,여,55~59세,90,165.2,통계연보 평균(50대)+표준편차 5.4 가정 정규분포 추정
신장,cm,여,55~59세,91,165.5,통계연보 평균(50대)+표준편차 5.4 가정 정규분포 추정
신장,cm,여,55~59세,92,165.9,통계연보 평균(50대)+표준편차 5.4 가정 정규분포 추정
신장,cm,여,55~59세,93,166.3,통계연보 평균(50대)+표준편차 5.4 가정 정규분포 추정
신장,cm,여,55~59세,94,166.7,통계연보 평균(50대)+표준편차 5.4 가정 정규분포 추정
신장,cm,여,55~59세,95,167.2,통계연보 평균(50대)+표준편차 5.4 가정 정규분포 추정
신장,cm,여,55~59세,96,167.8,통계연보 평균(50대)+표준편차 5.4 가정 정규분포 추정
신장,cm,여,55~59세,97,168.5,통계연보 평균(50대)+표준편차 5.4 가정 정규분포 추정
신장,cm,여,55~59세,98,169.4,통계연보 평균(50대)+표준편차 5.4 가정 정규분포 추정
신장,cm,여,55~59세,99,170.9,통계연보 평균(50대)+표준편차 5.4 가정 정규분포 추정
신장,cm,여,55~59세,100,172.2,통계연보 평균(50대)+표준편차 5.4 가정 정규분포 추정
신장,cm,여,60~64세,1,143,통계연보 평균(60대)+표준편차 5.4 가정 정규분포 추정
신장,cm,여,60~64세,2,144.5,통계연보 평균(60대)+표준편차 5.4 가정 정규분포 추정
신장,cm,여,60~64세,3,145.4,통계연보 평균(60대)+표준편차 5.4 가정 정규분포 추정
신장,cm,여,60~64세,4,146.1,통계연보 평균(60대)+표준편차 5.4 가정 정규분포 추정
신장,cm,여,60~64세,5,146.7,통계연보 평균(60대)+표준편차 5.4 가정 정규분포 추정
신장,cm,여,60~64세,6,147.2,통계연보 평균(60대)+표준편차 5.4 가정 정규분포 추정
신장,cm,여,60~64세,7,147.6,통계연보 평균(60대)+표준편차 5.4 가정 정규분포 추정
신장,cm,여,60~64세,8,148,통계연보 평균(60대)+표준편차 5.4 가정 정규분포 추정
신장,cm,여,60~64세,9,148.4,통계연보 평균(60대)+표준편차 5.4 가정 정규분포 추정
신장,cm,여,60~64세,10,148.7,통계연보 평균(60대)+표준편차 5.4 가정 정규분포 추정
신장,cm,여,60~64세,11,149,통계연보 평균(60대)+표준편차 5.4 가정 정규분포 추정
신장,cm,여,60~64세,12,149.3,통계연보 평균(60대)+표준편차 5.4 가정 정규분포 추정
신장,cm,여,60~64세,13,149.5,통계연보 평균(60대)+표준편차 5.4 가정 정규분포 추정
신장,cm,여,60~64세,14,149.8,통계연보 평균(60대)+표준편차 5.4 가정 정규분포 추정
신장,cm,여,60~64세,15,150,통계연보 평균(60대)+표준편차 5.4 가정 정규분포 추정
신장,cm,여,60~64세,16,150.2,통계연보 평균(60대)+표준편차 5.4 가정 정규분포 추정
신장,cm,여,60~64세,17,150.4,통계연보 평균(60대)+표준편차 5.4 가정 정규분포 추정
신장,cm,여,60~64세,18,150.7,통계연보 평균(60대)+표준편차 5.4 가정 정규분포 추정
신장,cm,여,60~64세,19,150.9,통계연보 평균(60대)+표준편차 5.4 가정 정규분포 추정
신장,cm,여,60~64세,20,151.1,통계연보 평균(60대)+표준편차 5.4 가정 정규분포 추정
신장,cm,여,60~64세,21,151.2,통계연보 평균(60대)+표준편차 5.4 가정 정규분포 추정
신장,cm,여,60~64세,22,151.4,통계연보 평균(60대)+표준편차 5.4 가정 정규분포 추정
신장,cm,여,60~64세,23,151.6,통계연보 평균(60대)+표준편차 5.4 가정 정규분포 추정
신장,cm,여,60~64세,24,151.8,통계연보 평균(60대)+표준편차 5.4 가정 정규분포 추정
신장,cm,여,60~64세,25,152,통계연보 평균(60대)+표준편차 5.4 가정 정규분포 추정
신장,cm,여,60~64세,26,152.1,통계연보 평균(60대)+표준편차 5.4 가정 정규분포 추정
신장,cm,여,60~64세,27,152.3,통계연보 평균(60대)+표준편차 5.4 가정 정규분포 추정
신장,cm,여,60~64세,28,152.5,통계연보 평균(60대)+표준편차 5.4 가정 정규분포 추정
신장,cm,여,60~64세,29,152.6,통계연보 평균(60대)+표준편차 5.4 가정 정규분포 추정
신장,cm,여,60~64세,30,152.8,통계연보 평균(60대)+표준편차 5.4 가정 정규분포 추정
신장,cm,여,60~64세,31,152.9,통계연보 평균(60대)+표준편차 5.4 가정 정규분포 추정
신장,cm,여,60~64세,32,153.1,통계연보 평균(60대)+표준편차 5.4 가정 정규분포 추정
신장,cm,여,60~64세,33,153.2,통계연보 평균(60대)+표준편차 5.4 가정 정규분포 추정
신장,cm,여,60~64세,34,153.4,통계연보 평균(60대)+표준편차 5.4 가정 정규분포 추정
신장,cm,여,60~64세,35,153.5,통계연보 평균(60대)+표준편차 5.4 가정 정규분포 추정
신장,cm,여,60~64세,36,153.7,통계연보 평균(60대)+표준편차 5.4 가정 정규분포 추정
신장,cm,여,60~64세,37,153.8,통계연보 평균(60대)+표준편차 5.4 가정 정규분포 추정
신장,cm,여,60~64세,38,154,통계연보 평균(60대)+표준편차 5.4 가정 정규분포 추정
신장,cm,여,60~64세,39,154.1,통계연보 평균(60대)+표준편차 5.4 가정 정규분포 추정
신장,cm,여,60~64세,40,154.2,통계연보 평균(60대)+표준편차 5.4 가정 정규분포 추정
신장,cm,여,60~64세,41,154.4,통계연보 평균(60대)+표준편차 5.4 가정 정규분포 추정
신장,cm,여,60~64세,42,154.5,통계연보 평균(60대)+표준편차 5.4 가정 정규분포 추정
신장,cm,여,60~64세,43,154.6,통계연보 평균(60대)+표준편차 5.4 가정 정규분포 추정
신장,cm,여,60~64세,44,154.8,통계연보 평균(60대)+표준편차 5.4 가정 정규분포 추정
신장,cm,여,60~64세,45,154.9,통계연보 평균(60대)+표준편차 5.4 가정 정규분포 추정
신장,cm,여,60~64세,46,155.1,통계연보 평균(60대)+표준편차 5.4 가정 정규분포 추정
신장,cm,여,60~64세,47,155.2,통계연보 평균(60대)+표준편차 5.4 가정 정규분포 추정
신장,cm,여,60~64세,48,155.3,통계연보 평균(60대)+표준편차 5.4 가정 정규분포 추정
신장,cm,여,60~64세,49,155.5,통계연보 평균(60대)+표준편차 5.4 가정 정규분포 추정
신장,cm,여,60~64세,50,155.6,통계연보 평균(60대)+표준편차 5.4 가정 정규분포 추정
신장,cm,여,60~64세,51,155.7,통계연보 평균(60대)+표준편차 5.4 가정 정규분포 추정
신장,cm,여,60~64세,52,155.9,통계연보 평균(60대)+표준편차 5.4 가정 정규분포 추정
신장,cm,여,60~64세,53,156,통계연보 평균(60대)+표준편차 5.4 가정 정규분포 추정
신장,cm,여,60~64세,54,156.1,통계연보 평균(60대)+표준편차 5.4 가정 정규분포 추정
신장,cm,여,60~64세,55,156.3,통계연보 평균(60대)+표준편차 5.4 가정 정규분포 추정
신장,cm,여,60~64세,56,156.4,통계연보 평균(60대)+표준편차 5.4 가정 정규분포 추정
신장,cm,여,60~64세,57,156.6,통계연보 평균(60대)+표준편차 5.4 가정 정규분포 추정
신장,cm,여,60~64세,58,156.7,통계연보 평균(60대)+표준편차 5.4 가정 정규분포 추정
신장,cm,여,60~64세,59,156.8,통계연보 평균(60대)+표준편차 5.4 가정 정규분포 추정
신장,cm,여,60~64세,60,157,통계연보 평균(60대)+표준편차 5.4 가정 정규분포 추정
신장,cm,여,60~64세,61,157.1,통계연보 평균(60대)+표준편차 5.4 가정 정규분포 추정
신장,cm,여,60~64세,62,157.2,통계연보 평균(60대)+표준편차 5.4 가정 정규분포 추정
신장,cm,여,60~64세,63,157.4,통계연보 평균(60대)+표준편차 5.4 가정 정규분포 추정
신장,cm,여,60~64세,64,157.5,통계연보 평균(60대)+표준편차 5.4 가정 정규분포 추정
신장,cm,여,60~64세,65,157.7,통계연보 평균(60대)+표준편차 5.4 가정 정규분포 추정
신장,cm,여,60~64세,66,157.8,통계연보 평균(60대)+표준편차 5.4 가정 정규분포 추정
신장,cm,여,60~64세,67,158,통계연보 평균(60대)+표준편차 5.4 가정 정규분포 추정
신장,cm,여,60~64세,68,158.1,통계연보 평균(60대)+표준편차 5.4 가정 정규분포 추정
신장,cm,여,60~64세,69,158.3,통계연보 평균(60대)+표준편차 5.4 가정 정규분포 추정
신장,cm,여,60~64세,70,158.4,통계연보 평균(60대)+표준편차 5.4 가정 정규분포 추정
신장,cm,여,60~64세,71,158.6,통계연보 평균(60대)+표준편차 5.4 가정 정규분포 추정
신장,cm,여,60~64세,72,158.7,통계연보 평균(60대)+표준편차 5.4 가정 정규분포 추정
신장,cm,여,60~64세,73,158.9,통계연보 평균(60대)+표준편차 5.4 가정 정규분포 추정
신장,cm,여,60~64세,74,159.1,통계연보 평균(60대)+표준편차 5.4 가정 정규분포 추정
신장,cm,여,60~64세,75,159.2,통계연보 평균(60대)+표준편차 5.4 가정 정규분포 추정
신장,cm,여,60~64세,76,159.4,통계연보 평균(60대)+표준편차 5.4 가정 정규분포 추정
신장,cm,여,60~64세,77,159.6,통계연보 평균(60대)+표준편차 5.4 가정 정규분포 추정
신장,cm,여,60~64세,78,159.8,통계연보 평균(60대)+표준편차 5.4 가정 정규분포 추정
신장,cm,여,60~64세,79,160,통계연보 평균(60대)+표준편차 5.4 가정 정규분포 추정
신장,cm,여,60~64세,80,160.1,통계연보 평균(60대)+표준편차 5.4 가정 정규분포 추정
신장,cm,여,60~64세,81,160.3,통계연보 평균(60대)+표준편차 5.4 가정 정규분포 추정
신장,cm,여,60~64세,82,160.5,통계연보 평균(60대)+표준편차 5.4 가정 정규분포 추정
신장,cm,여,60~64세,83,160.8,통계연보 평균(60대)+표준편차 5.4 가정 정규분포 추정
신장,cm,여,60~64세,84,161,통계연보 평균(60대)+표준편차 5.4 가정 정규분포 추정
신장,cm,여,60~64세,85,161.2,통계연보 평균(60대)+표준편차 5.4 가정 정규분포 추정
신장,cm,여,60~64세,86,161.4,통계연보 평균(60대)+표준편차 5.4 가정 정규분포 추정
신장,cm,여,60~64세,87,161.7,통계연보 평균(60대)+표준편차 5.4 가정 정규분포 추정
신장,cm,여,60~64세,88,161.9,통계연보 평균(60대)+표준편차 5.4 가정 정규분포 추정
신장,cm,여,60~64세,89,162.2,통계연보 평균(60대)+표준편차 5.4 가정 정규분포 추정
신장,cm,여,60~64세,90,162.5,통계연보 평균(60대)+표준편차 5.4 가정 정규분포 추정
신장,cm,여,60~64세,91,162.8,통계연보 평균(60대)+표준편차 5.4 가정 정규분포 추정
신장,cm,여,60~64세,92,163.2,통계연보 평균(60대)+표준편차 5.4 가정 정규분포 추정
신장,cm,여,60~64세,93,163.6,통계연보 평균(60대)+표준편차 5.4 가정 정규분포 추정
신장,cm,여,60~64세,94,164,통계연보 평균(60대)+표준편차 5.4 가정 정규분포 추정
신장,cm,여,60~64세,95,164.5,통계연보 평균(60대)+표준편차 5.4 가정 정규분포 추정
신장,cm,여,60~64세,96,165.1,통계연보 평균(60대)+표준편차 5.4 가정 정규분포 추정
신장,cm,여,60~64세,97,165.8,통계연보 평균(60대)+표준편차 5.4 가정 정규분포 추정
신장,cm,여,60~64세,98,166.7,통계연보 평균(60대)+표준편차 5.4 가정 정규분포 추정
신장,cm,여,60~64세,99,168.2,통계연보 평균(60대)+표준편차 5.4 가정 정규분포 추정
신장,cm,여,60~64세,100,169.5,통계연보 평균(60대)+표준편차 5.4 가정 정규분포 추정
신장,cm,여,65~69세,1,143,통계연보 평균(60대)+표준편차 5.4 가정 정규분포 추정
신장,cm,여,65~69세,2,144.5,통계연보 평균(60대)+표준편차 5.4 가정 정규분포 추정
신장,cm,여,65~69세,3,145.4,통계연보 평균(60대)+표준편차 5.4 가정 정규분포 추정
신장,cm,여,65~69세,4,146.1,통계연보 평균(60대)+표준편차 5.4 가정 정규분포 추정
신장,cm,여,65~69세,5,146.7,통계연보 평균(60대)+표준편차 5.4 가정 정규분포 추정
신장,cm,여,65~69세,6,147.2,통계연보 평균(60대)+표준편차 5.4 가정 정규분포 추정
신장,cm,여,65~69세,7,147.6,통계연보 평균(60대)+표준편차 5.4 가정 정규분포 추정
신장,cm,여,65~69세,8,148,통계연보 평균(60대)+표준편차 5.4 가정 정규분포 추정
신장,cm,여,65~69세,9,148.4,통계연보 평균(60대)+표준편차 5.4 가정 정규분포 추정
신장,cm,여,65~69세,10,148.7,통계연보 평균(60대)+표준편차 5.4 가정 정규분포 추정
신장,cm,여,65~69세,11,149,통계연보 평균(60대)+표준편차 5.4 가정 정규분포 추정
신장,cm,여,65~69세,12,149.3,통계연보 평균(60대)+표준편차 5.4 가정 정규분포 추정
신장,cm,여,65~69세,13,149.5,통계연보 평균(60대)+표준편차 5.4 가정 정규분포 추정
신장,cm,여,65~69세,14,149.8,통계연보 평균(60대)+표준편차 5.4 가정 정규분포 추정
신장,cm,여,65~69세,15,150,통계연보 평균(60대)+표준편차 5.4 가정 정규분포 추정
신장,cm,여,65~69세,16,150.2,통계연보 평균(60대)+표준편차 5.4 가정 정규분포 추정
신장,cm,여,65~69세,17,150.4,통계연보 평균(60대)+표준편차 5.4 가정 정규분포 추정
신장,cm,여,65~69세,18,150.7,통계연보 평균(60대)+표준편차 5.4 가정 정규분포 추정
신장,cm,여,65~69세,19,150.9,통계연보 평균(60대)+표준편차 5.4 가정 정규분포 추정
신장,cm,여,65~69세,20,151.1,통계연보 평균(60대)+표준편차 5.4 가정 정규분포 추정
신장,cm,여,65~69세,21,151.2,통계연보 평균(60대)+표준편차 5.4 가정 정규분포 추정
신장,cm,여,65~69세,22,151.4,통계연보 평균(60대)+표준편차 5.4 가정 정규분포 추정
신장,cm,여,65~69세,23,151.6,통계연보 평균(60대)+표준편차 5.4 가정 정규분포 추정
신장,cm,여,65~69세,24,151.8,통계연보 평균(60대)+표준편차 5.4 가정 정규분포 추정
신장,cm,여,65~69세,25,152,통계연보 평균(60대)+표준편차 5.4 가정 정규분포 추정
신장,cm,여,65~69세,26,152.1,통계연보 평균(60대)+표준편차 5.4 가정 정규분포 추정
신장,cm,여,65~69세,27,152.3,통계연보 평균(60대)+표준편차 5.4 가정 정규분포 추정
신장,cm,여,65~69세,28,152.5,통계연보 평균(60대)+표준편차 5.4 가정 정규분포 추정
신장,cm,여,65~69세,29,152.6,통계연보 평균(60대)+표준편차 5.4 가정 정규분포 추정
신장,cm,여,65~69세,30,152.8,통계연보 평균(60대)+표준편차 5.4 가정 정규분포 추정
신장,cm,여,65~69세,31,152.9,통계연보 평균(60대)+표준편차 5.4 가정 정규분포 추정
신장,cm,여,65~69세,32,153.1,통계연보 평균(60대)+표준편차 5.4 가정 정규분포 추정
신장,cm,여,65~69세,33,153.2,통계연보 평균(60대)+표준편차 5.4 가정 정규분포 추정
신장,cm,여,65~69세,34,153.4,통계연보 평균(60대)+표준편차 5.4 가정 정규분포 추정
신장,cm,여,65~69세,35,153.5,통계연보 평균(60대)+표준편차 5.4 가정 정규분포 추정
신장,cm,여,65~69세,36,153.7,통계연보 평균(60대)+표준편차 5.4 가정 정규분포 추정
신장,cm,여,65~69세,37,153.8,통계연보 평균(60대)+표준편차 5.4 가정 정규분포 추정
신장,cm,여,65~69세,38,154,통계연보 평균(60대)+표준편차 5.4 가정 정규분포 추정
신장,cm,여,65~69세,39,154.1,통계연보 평균(60대)+표준편차 5.4 가정 정규분포 추정
신장,cm,여,65~69세,40,154.2,통계연보 평균(60대)+표준편차 5.4 가정 정규분포 추정
신장,cm,여,65~69세,41,154.4,통계연보 평균(60대)+표준편차 5.4 가정 정규분포 추정
신장,cm,여,65~69세,42,154.5,통계연보 평균(60대)+표준편차 5.4 가정 정규분포 추정
신장,cm,여,65~69세,43,154.6,통계연보 평균(60대)+표준편차 5.4 가정 정규분포 추정
신장,cm,여,65~69세,44,154.8,통계연보 평균(60대)+표준편차 5.4 가정 정규분포 추정
신장,cm,여,65~69세,45,154.9,통계연보 평균(60대)+표준편차 5.4 가정 정규분포 추정
신장,cm,여,65~69세,46,155.1,통계연보 평균(60대)+표준편차 5.4 가정 정규분포 추정
신장,cm,여,65~69세,47,155.2,통계연보 평균(60대)+표준편차 5.4 가정 정규분포 추정
신장,cm,여,65~69세,48,155.3,통계연보 평균(60대)+표준편차 5.4 가정 정규분포 추정
신장,cm,여,65~69세,49,155.5,통계연보 평균(60대)+표준편차 5.4 가정 정규분포 추정
신장,cm,여,65~69세,50,155.6,통계연보 평균(60대)+표준편차 5.4 가정 정규분포 추정
신장,cm,여,65~69세,51,155.7,통계연보 평균(60대)+표준편차 5.4 가정 정규분포 추정
신장,cm,여,65~69세,52,155.9,통계연보 평균(60대)+표준편차 5.4 가정 정규분포 추정
신장,cm,여,65~69세,53,156,통계연보 평균(60대)+표준편차 5.4 가정 정규분포 추정
신장,cm,여,65~69세,54,156.1,통계연보 평균(60대)+표준편차 5.4 가정 정규분포 추정
신장,cm,여,65~69세,55,156.3,통계연보 평균(60대)+표준편차 5.4 가정 정규분포 추정
신장,cm,여,65~69세,56,156.4,통계연보 평균(60대)+표준편차 5.4 가정 정규분포 추정
신장,cm,여,65~69세,57,156.6,통계연보 평균(60대)+표준편차 5.4 가정 정규분포 추정
신장,cm,여,65~69세,58,156.7,통계연보 평균(60대)+표준편차 5.4 가정 정규분포 추정
신장,cm,여,65~69세,59,156.8,통계연보 평균(60대)+표준편차 5.4 가정 정규분포 추정
신장,cm,여,65~69세,60,157,통계연보 평균(60대)+표준편차 5.4 가정 정규분포 추정
신장,cm,여,65~69세,61,157.1,통계연보 평균(60대)+표준편차 5.4 가정 정규분포 추정
신장,cm,여,65~69세,62,157.2,통계연보 평균(60대)+표준편차 5.4 가정 정규분포 추정
신장,cm,여,65~69세,63,157.4,통계연보 평균(60대)+표준편차 5.4 가정 정규분포 추정
신장,cm,여,65~69세,64,157.5,통계연보 평균(60대)+표준편차 5.4 가정 정규분포 추정
신장,cm,여,65~69세,65,157.7,통계연보 평균(60대)+표준편차 5.4 가정 정규분포 추정
신장,cm,여,65~69세,66,157.8,통계연보 평균(60대)+표준편차 5.4 가정 정규분포 추정
신장,cm,여,65~69세,67,158,통계연보 평균(60대)+표준편차 5.4 가정 정규분포 추정
신장,cm,여,65~69세,68,158.1,통계연보 평균(60대)+표준편차 5.4 가정 정규분포 추정
신장,cm,여,65~69세,69,158.3,통계연보 평균(60대)+표준편차 5.4 가정 정규분포 추정
신장,cm,여,65~69세,70,158.4,통계연보 평균(60대)+표준편차 5.4 가정 정규분포 추정
신장,cm,여,65~69세,71,158.6,통계연보 평균(60대)+표준편차 5.4 가정 정규분포 추정
신장,cm,여,65~69세,72,158.7,통계연보 평균(60대)+표준편차 5.4 가정 정규분포 추정
신장,cm,여,65~69세,73,158.9,통계연보 평균(60대)+표준편차 5.4 가정 정규분포 추정
신장,cm,여,65~69세,74,159.1,통계연보 평균(60대)+표준편차 5.4 가정 정규분포 추정
신장,cm,여,65~69세,75,159.2,통계연보 평균(60대)+표준편차 5.4 가정 정규분포 추정
신장,cm,여,65~69세,76,159.4,통계연보 평균(60대)+표준편차 5.4 가정 정규분포 추정
신장,cm,여,65~69세,77,159.6,통계연보 평균(60대)+표준편차 5.4 가정 정규분포 추정
신장,cm,여,65~69세,78,159.8,통계연보 평균(60대)+표준편차 5.4 가정 정규분포 추정
신장,cm,여,65~69세,79,160,통계연보 평균(60대)+표준편차 5.4 가정 정규분포 추정
신장,cm,여,65~69세,80,160.1,통계연보 평균(60대)+표준편차 5.4 가정 정규분포 추정
신장,cm,여,65~69세,81,160.3,통계연보 평균(60대)+표준편차 5.4 가정 정규분포 추정
신장,cm,여,65~69세,82,160.5,통계연보 평균(60대)+표준편차 5.4 가정 정규분포 추정
신장,cm,여,65~69세,83,160.8,통계연보 평균(60대)+표준편차 5.4 가정 정규분포 추정
신장,cm,여,65~69세,84,161,통계연보 평균(60대)+표준편차 5.4 가정 정규분포 추정
신장,cm,여,65~69세,85,161.2,통계연보 평균(60대)+표준편차 5.4 가정 정규분포 추정
신장,cm,여,65~69세,86,161.4,통계연보 평균(60대)+표준편차 5.4 가정 정규분포 추정
신장,cm,여,65~69세,87,161.7,통계연보 평균(60대)+표준편차 5.4 가정 정규분포 추정
신장,cm,여,65~69세,88,161.9,통계연보 평균(60대)+표준편차 5.4 가정 정규분포 추정
신장,cm,여,65~69세,89,162.2,통계연보 평균(60대)+표준편차 5.4 가정 정규분포 추정
신장,cm,여,65~69세,90,162.5,통계연보 평균(60대)+표준편차 5.4 가정 정규분포 추정
신장,cm,여,65~69세,91,162.8,통계연보 평균(60대)+표준편차 5.4 가정 정규분포 추정
신장,cm,여,65~69세,92,163.2,통계연보 평균(60대)+표준편차 5.4 가정 정규분포 추정
신장,cm,여,65~69세,93,163.6,통계연보 평균(60대)+표준편차 5.4 가정 정규분포 추정
신장,cm,여,65~69세,94,164,통계연보 평균(60대)+표준편차 5.4 가정 정규분포 추정
신장,cm,여,65~69세,95,164.5,통계연보 평균(60대)+표준편차 5.4 가정 정규분포 추정
신장,cm,여,65~69세,96,165.1,통계연보 평균(60대)+표준편차 5.4 가정 정규분포 추정
신장,cm,여,65~69세,97,165.8,통계연보 평균(60대)+표준편차 5.4 가정 정규분포 추정
신장,cm,여,65~69세,98,166.7,통계연보 평균(60대)+표준편차 5.4 가정 정규분포 추정
신장,cm,여,65~69세,99,168.2,통계연보 평균(60대)+표준편차 5.4 가정 정규분포 추정
신장,cm,여,65~69세,100,169.5,통계연보 평균(60대)+표준편차 5.4 가정 정규분포 추정
신장,cm,여,70~74세,1,140.3,통계연보 평균(70대)+표준편차 5.4 가정 정규분포 추정
신장,cm,여,70~74세,2,141.8,통계연보 평균(70대)+표준편차 5.4 가정 정규분포 추정
신장,cm,여,70~74세,3,142.7,통계연보 평균(70대)+표준편차 5.4 가정 정규분포 추정
신장,cm,여,70~74세,4,143.4,통계연보 평균(70대)+표준편차 5.4 가정 정규분포 추정
신장,cm,여,70~74세,5,144,통계연보 평균(70대)+표준편차 5.4 가정 정규분포 추정
신장,cm,여,70~74세,6,144.5,통계연보 평균(70대)+표준편차 5.4 가정 정규분포 추정
신장,cm,여,70~74세,7,144.9,통계연보 평균(70대)+표준편차 5.4 가정 정규분포 추정
신장,cm,여,70~74세,8,145.3,통계연보 평균(70대)+표준편차 5.4 가정 정규분포 추정
신장,cm,여,70~74세,9,145.7,통계연보 평균(70대)+표준편차 5.4 가정 정규분포 추정
신장,cm,여,70~74세,10,146,통계연보 평균(70대)+표준편차 5.4 가정 정규분포 추정
신장,cm,여,70~74세,11,146.3,통계연보 평균(70대)+표준편차 5.4 가정 정규분포 추정
신장,cm,여,70~74세,12,146.6,통계연보 평균(70대)+표준편차 5.4 가정 정규분포 추정
신장,cm,여,70~74세,13,146.8,통계연보 평균(70대)+표준편차 5.4 가정 정규분포 추정
신장,cm,여,70~74세,14,147.1,통계연보 평균(70대)+표준편차 5.4 가정 정규분포 추정
신장,cm,여,70~74세,15,147.3,통계연보 평균(70대)+표준편차 5.4 가정 정규분포 추정
신장,cm,여,70~74세,16,147.5,통계연보 평균(70대)+표준편차 5.4 가정 정규분포 추정
신장,cm,여,70~74세,17,147.7,통계연보 평균(70대)+표준편차 5.4 가정 정규분포 추정
신장,cm,여,70~74세,18,148,통계연보 평균(70대)+표준편차 5.4 가정 정규분포 추정
신장,cm,여,70~74세,19,148.2,통계연보 평균(70대)+표준편차 5.4 가정 정규분포 추정
신장,cm,여,70~74세,20,148.4,통계연보 평균(70대)+표준편차 5.4 가정 정규분포 추정
신장,cm,여,70~74세,21,148.5,통계연보 평균(70대)+표준편차 5.4 가정 정규분포 추정
신장,cm,여,70~74세,22,148.7,통계연보 평균(70대)+표준편차 5.4 가정 정규분포 추정
신장,cm,여,70~74세,23,148.9,통계연보 평균(70대)+표준편차 5.4 가정 정규분포 추정
신장,cm,여,70~74세,24,149.1,통계연보 평균(70대)+표준편차 5.4 가정 정규분포 추정
신장,cm,여,70~74세,25,149.3,통계연보 평균(70대)+표준편차 5.4 가정 정규분포 추정
신장,cm,여,70~74세,26,149.4,통계연보 평균(70대)+표준편차 5.4 가정 정규분포 추정
신장,cm,여,70~74세,27,149.6,통계연보 평균(70대)+표준편차 5.4 가정 정규분포 추정
신장,cm,여,70~74세,28,149.8,통계연보 평균(70대)+표준편차 5.4 가정 정규분포 추정
신장,cm,여,70~74세,29,149.9,통계연보 평균(70대)+표준편차 5.4 가정 정규분포 추정
신장,cm,여,70~74세,30,150.1,통계연보 평균(70대)+표준편차 5.4 가정 정규분포 추정
신장,cm,여,70~74세,31,150.2,통계연보 평균(70대)+표준편차 5.4 가정 정규분포 추정
신장,cm,여,70~74세,32,150.4,통계연보 평균(70대)+표준편차 5.4 가정 정규분포 추정
신장,cm,여,70~74세,33,150.5,통계연보 평균(70대)+표준편차 5.4 가정 정규분포 추정
신장,cm,여,70~74세,34,150.7,통계연보 평균(70대)+표준편차 5.4 가정 정규분포 추정
신장,cm,여,70~74세,35,150.8,통계연보 평균(70대)+표준편차 5.4 가정 정규분포 추정
신장,cm,여,70~74세,36,151,통계연보 평균(70대)+표준편차 5.4 가정 정규분포 추정
신장,cm,여,70~74세,37,151.1,통계연보 평균(70대)+표준편차 5.4 가정 정규분포 추정
신장,cm,여,70~74세,38,151.3,통계연보 평균(70대)+표준편차 5.4 가정 정규분포 추정
신장,cm,여,70~74세,39,151.4,통계연보 평균(70대)+표준편차 5.4 가정 정규분포 추정
신장,cm,여,70~74세,40,151.5,통계연보 평균(70대)+표준편차 5.4 가정 정규분포 추정
신장,cm,여,70~74세,41,151.7,통계연보 평균(70대)+표준편차 5.4 가정 정규분포 추정
신장,cm,여,70~74세,42,151.8,통계연보 평균(70대)+표준편차 5.4 가정 정규분포 추정
신장,cm,여,70~74세,43,151.9,통계연보 평균(70대)+표준편차 5.4 가정 정규분포 추정
신장,cm,여,70~74세,44,152.1,통계연보 평균(70대)+표준편차 5.4 가정 정규분포 추정
신장,cm,여,70~74세,45,152.2,통계연보 평균(70대)+표준편차 5.4 가정 정규분포 추정
신장,cm,여,70~74세,46,152.4,통계연보 평균(70대)+표준편차 5.4 가정 정규분포 추정
신장,cm,여,70~74세,47,152.5,통계연보 평균(70대)+표준편차 5.4 가정 정규분포 추정
신장,cm,여,70~74세,48,152.6,통계연보 평균(70대)+표준편차 5.4 가정 정규분포 추정
신장,cm,여,70~74세,49,152.8,통계연보 평균(70대)+표준편차 5.4 가정 정규분포 추정
신장,cm,여,70~74세,50,152.9,통계연보 평균(70대)+표준편차 5.4 가정 정규분포 추정
신장,cm,여,70~74세,51,153,통계연보 평균(70대)+표준편차 5.4 가정 정규분포 추정
신장,cm,여,70~74세,52,153.2,통계연보 평균(70대)+표준편차 5.4 가정 정규분포 추정
신장,cm,여,70~74세,53,153.3,통계연보 평균(70대)+표준편차 5.4 가정 정규분포 추정
신장,cm,여,70~74세,54,153.4,통계연보 평균(70대)+표준편차 5.4 가정 정규분포 추정
신장,cm,여,70~74세,55,153.6,통계연보 평균(70대)+표준편차 5.4 가정 정규분포 추정
신장,cm,여,70~74세,56,153.7,통계연보 평균(70대)+표준편차 5.4 가정 정규분포 추정
신장,cm,여,70~74세,57,153.9,통계연보 평균(70대)+표준편차 5.4 가정 정규분포 추정
신장,cm,여,70~74세,58,154,통계연보 평균(70대)+표준편차 5.4 가정 정규분포 추정
신장,cm,여,70~74세,59,154.1,통계연보 평균(70대)+표준편차 5.4 가정 정규분포 추정
신장,cm,여,70~74세,60,154.3,통계연보 평균(70대)+표준편차 5.4 가정 정규분포 추정
신장,cm,여,70~74세,61,154.4,통계연보 평균(70대)+표준편차 5.4 가정 정규분포 추정
신장,cm,여,70~74세,62,154.5,통계연보 평균(70대)+표준편차 5.4 가정 정규분포 추정
신장,cm,여,70~74세,63,154.7,통계연보 평균(70대)+표준편차 5.4 가정 정규분포 추정
신장,cm,여,70~74세,64,154.8,통계연보 평균(70대)+표준편차 5.4 가정 정규분포 추정
신장,cm,여,70~74세,65,155,통계연보 평균(70대)+표준편차 5.4 가정 정규분포 추정
신장,cm,여,70~74세,66,155.1,통계연보 평균(70대)+표준편차 5.4 가정 정규분포 추정
신장,cm,여,70~74세,67,155.3,통계연보 평균(70대)+표준편차 5.4 가정 정규분포 추정
신장,cm,여,70~74세,68,155.4,통계연보 평균(70대)+표준편차 5.4 가정 정규분포 추정
신장,cm,여,70~74세,69,155.6,통계연보 평균(70대)+표준편차 5.4 가정 정규분포 추정
신장,cm,여,70~74세,70,155.7,통계연보 평균(70대)+표준편차 5.4 가정 정규분포 추정
신장,cm,여,70~74세,71,155.9,통계연보 평균(70대)+표준편차 5.4 가정 정규분포 추정
신장,cm,여,70~74세,72,156,통계연보 평균(70대)+표준편차 5.4 가정 정규분포 추정
신장,cm,여,70~74세,73,156.2,통계연보 평균(70대)+표준편차 5.4 가정 정규분포 추정
신장,cm,여,70~74세,74,156.4,통계연보 평균(70대)+표준편차 5.4 가정 정규분포 추정
신장,cm,여,70~74세,75,156.5,통계연보 평균(70대)+표준편차 5.4 가정 정규분포 추정
신장,cm,여,70~74세,76,156.7,통계연보 평균(70대)+표준편차 5.4 가정 정규분포 추정
신장,cm,여,70~74세,77,156.9,통계연보 평균(70대)+표준편차 5.4 가정 정규분포 추정
신장,cm,여,70~74세,78,157.1,통계연보 평균(70대)+표준편차 5.4 가정 정규분포 추정
신장,cm,여,70~74세,79,157.3,통계연보 평균(70대)+표준편차 5.4 가정 정규분포 추정
신장,cm,여,70~74세,80,157.4,통계연보 평균(70대)+표준편차 5.4 가정 정규분포 추정
신장,cm,여,70~74세,81,157.6,통계연보 평균(70대)+표준편차 5.4 가정 정규분포 추정
신장,cm,여,70~74세,82,157.8,통계연보 평균(70대)+표준편차 5.4 가정 정규분포 추정
신장,cm,여,70~74세,83,158.1,통계연보 평균(70대)+표준편차 5.4 가정 정규분포 추정
신장,cm,여,70~74세,84,158.3,통계연보 평균(70대)+표준편차 5.4 가정 정규분포 추정
신장,cm,여,70~74세,85,158.5,통계연보 평균(70대)+표준편차 5.4 가정 정규분포 추정
신장,cm,여,70~74세,86,158.7,통계연보 평균(70대)+표준편차 5.4 가정 정규분포 추정
신장,cm,여,70~74세,87,159,통계연보 평균(70대)+표준편차 5.4 가정 정규분포 추정
신장,cm,여,70~74세,88,159.2,통계연보 평균(70대)+표준편차 5.4 가정 정규분포 추정
신장,cm,여,70~74세,89,159.5,통계연보 평균(70대)+표준편차 5.4 가정 정규분포 추정
신장,cm,여,70~74세,90,159.8,통계연보 평균(70대)+표준편차 5.4 가정 정규분포 추정
신장,cm,여,70~74세,91,160.1,통계연보 평균(70대)+표준편차 5.4 가정 정규분포 추정
신장,cm,여,70~74세,92,160.5,통계연보 평균(70대)+표준편차 5.4 가정 정규분포 추정
신장,cm,여,70~74세,93,160.9,통계연보 평균(70대)+표준편차 5.4 가정 정규분포 추정
신장,cm,여,70~74세,94,161.3,통계연보 평균(70대)+표준편차 5.4 가정 정규분포 추정
신장,cm,여,70~74세,95,161.8,통계연보 평균(70대)+표준편차 5.4 가정 정규분포 추정
신장,cm,여,70~74세,96,162.4,통계연보 평균(70대)+표준편차 5.4 가정 정규분포 추정
신장,cm,여,70~74세,97,163.1,통계연보 평균(70대)+표준편차 5.4 가정 정규분포 추정
신장,cm,여,70~74세,98,164,통계연보 평균(70대)+표준편차 5.4 가정 정규분포 추정
신장,cm,여,70~74세,99,165.5,통계연보 평균(70대)+표준편차 5.4 가정 정규분포 추정
신장,cm,여,70~74세,100,166.8,통계연보 평균(70대)+표준편차 5.4 가정 정규분포 추정
신장,cm,여,75~79세,1,140.3,통계연보 평균(70대)+표준편차 5.4 가정 정규분포 추정
신장,cm,여,75~79세,2,141.8,통계연보 평균(70대)+표준편차 5.4 가정 정규분포 추정
신장,cm,여,75~79세,3,142.7,통계연보 평균(70대)+표준편차 5.4 가정 정규분포 추정
신장,cm,여,75~79세,4,143.4,통계연보 평균(70대)+표준편차 5.4 가정 정규분포 추정
신장,cm,여,75~79세,5,144,통계연보 평균(70대)+표준편차 5.4 가정 정규분포 추정
신장,cm,여,75~79세,6,144.5,통계연보 평균(70대)+표준편차 5.4 가정 정규분포 추정
신장,cm,여,75~79세,7,144.9,통계연보 평균(70대)+표준편차 5.4 가정 정규분포 추정
신장,cm,여,75~79세,8,145.3,통계연보 평균(70대)+표준편차 5.4 가정 정규분포 추정
신장,cm,여,75~79세,9,145.7,통계연보 평균(70대)+표준편차 5.4 가정 정규분포 추정
신장,cm,여,75~79세,10,146,통계연보 평균(70대)+표준편차 5.4 가정 정규분포 추정
신장,cm,여,75~79세,11,146.3,통계연보 평균(70대)+표준편차 5.4 가정 정규분포 추정
신장,cm,여,75~79세,12,146.6,통계연보 평균(70대)+표준편차 5.4 가정 정규분포 추정
신장,cm,여,75~79세,13,146.8,통계연보 평균(70대)+표준편차 5.4 가정 정규분포 추정
신장,cm,여,75~79세,14,147.1,통계연보 평균(70대)+표준편차 5.4 가정 정규분포 추정
신장,cm,여,75~79세,15,147.3,통계연보 평균(70대)+표준편차 5.4 가정 정규분포 추정
신장,cm,여,75~79세,16,147.5,통계연보 평균(70대)+표준편차 5.4 가정 정규분포 추정
신장,cm,여,75~79세,17,147.7,통계연보 평균(70대)+표준편차 5.4 가정 정규분포 추정
신장,cm,여,75~79세,18,148,통계연보 평균(70대)+표준편차 5.4 가정 정규분포 추정
신장,cm,여,75~79세,19,148.2,통계연보 평균(70대)+표준편차 5.4 가정 정규분포 추정
신장,cm,여,75~79세,20,148.4,통계연보 평균(70대)+표준편차 5.4 가정 정규분포 추정
신장,cm,여,75~79세,21,148.5,통계연보 평균(70대)+표준편차 5.4 가정 정규분포 추정
신장,cm,여,75~79세,22,148.7,통계연보 평균(70대)+표준편차 5.4 가정 정규분포 추정
신장,cm,여,75~79세,23,148.9,통계연보 평균(70대)+표준편차 5.4 가정 정규분포 추정
신장,cm,여,75~79세,24,149.1,통계연보 평균(70대)+표준편차 5.4 가정 정규분포 추정
신장,cm,여,75~79세,25,149.3,통계연보 평균(70대)+표준편차 5.4 가정 정규분포 추정
신장,cm,여,75~79세,26,149.4,통계연보 평균(70대)+표준편차 5.4 가정 정규분포 추정
신장,cm,여,75~79세,27,149.6,통계연보 평균(70대)+표준편차 5.4 가정 정규분포 추정
신장,cm,여,75~79세,28,149.8,통계연보 평균(70대)+표준편차 5.4 가정 정규분포 추정
신장,cm,여,75~79세,29,149.9,통계연보 평균(70대)+표준편차 5.4 가정 정규분포 추정
신장,cm,여,75~79세,30,150.1,통계연보 평균(70대)+표준편차 5.4 가정 정규분포 추정
신장,cm,여,75~79세,31,150.2,통계연보 평균(70대)+표준편차 5.4 가정 정규분포 추정
신장,cm,여,75~79세,32,150.4,통계연보 평균(70대)+표준편차 5.4 가정 정규분포 추정
신장,cm,여,75~79세,33,150.5,통계연보 평균(70대)+표준편차 5.4 가정 정규분포 추정
신장,cm,여,75~79세,34,150.7,통계연보 평균(70대)+표준편차 5.4 가정 정규분포 추정
신장,cm,여,75~79세,35,150.8,통계연보 평균(70대)+표준편차 5.4 가정 정규분포 추정
신장,cm,여,75~79세,36,151,통계연보 평균(70대)+표준편차 5.4 가정 정규분포 추정
신장,cm,여,75~79세,37,151.1,통계연보 평균(70대)+표준편차 5.4 가정 정규분포 추정
신장,cm,여,75~79세,38,151.3,통계연보 평균(70대)+표준편차 5.4 가정 정규분포 추정
신장,cm,여,75~79세,39,151.4,통계연보 평균(70대)+표준편차 5.4 가정 정규분포 추정
신장,cm,여,75~79세,40,151.5,통계연보 평균(70대)+표준편차 5.4 가정 정규분포 추정
신장,cm,여,75~79세,41,151.7,통계연보 평균(70대)+표준편차 5.4 가정 정규분포 추정
신장,cm,여,75~79세,42,151.8,통계연보 평균(70대)+표준편차 5.4 가정 정규분포 추정
신장,cm,여,75~79세,43,151.9,통계연보 평균(70대)+표준편차 5.4 가정 정규분포 추정
신장,cm,여,75~79세,44,152.1,통계연보 평균(70대)+표준편차 5.4 가정 정규분포 추정
신장,cm,여,75~79세,45,152.2,통계연보 평균(70대)+표준편차 5.4 가정 정규분포 추정
신장,cm,여,75~79세,46,152.4,통계연보 평균(70대)+표준편차 5.4 가정 정규분포 추정
신장,cm,여,75~79세,47,152.5,통계연보 평균(70대)+표준편차 5.4 가정 정규분포 추정
신장,cm,여,75~79세,48,152.6,통계연보 평균(70대)+표준편차 5.4 가정 정규분포 추정
신장,cm,여,75~79세,49,152.8,통계연보 평균(70대)+표준편차 5.4 가정 정규분포 추정
신장,cm,여,75~79세,50,152.9,통계연보 평균(70대)+표준편차 5.4 가정 정규분포 추정
신장,cm,여,75~79세,51,153,통계연보 평균(70대)+표준편차 5.4 가정 정규분포 추정
신장,cm,여,75~79세,52,153.2,통계연보 평균(70대)+표준편차 5.4 가정 정규분포 추정
신장,cm,여,75~79세,53,153.3,통계연보 평균(70대)+표준편차 5.4 가정 정규분포 추정
신장,cm,여,75~79세,54,153.4,통계연보 평균(70대)+표준편차 5.4 가정 정규분포 추정
신장,cm,여,75~79세,55,153.6,통계연보 평균(70대)+표준편차 5.4 가정 정규분포 추정
신장,cm,여,75~79세,56,153.7,통계연보 평균(70대)+표준편차 5.4 가정 정규분포 추정
신장,cm,여,75~79세,57,153.9,통계연보 평균(70대)+표준편차 5.4 가정 정규분포 추정
신장,cm,여,75~79세,58,154,통계연보 평균(70대)+표준편차 5.4 가정 정규분포 추정
신장,cm,여,75~79세,59,154.1,통계연보 평균(70대)+표준편차 5.4 가정 정규분포 추정
신장,cm,여,75~79세,60,154.3,통계연보 평균(70대)+표준편차 5.4 가정 정규분포 추정
신장,cm,여,75~79세,61,154.4,통계연보 평균(70대)+표준편차 5.4 가정 정규분포 추정
신장,cm,여,75~79세,62,154.5,통계연보 평균(70대)+표준편차 5.4 가정 정규분포 추정
신장,cm,여,75~79세,63,154.7,통계연보 평균(70대)+표준편차 5.4 가정 정규분포 추정
신장,cm,여,75~79세,64,154.8,통계연보 평균(70대)+표준편차 5.4 가정 정규분포 추정
신장,cm,여,75~79세,65,155,통계연보 평균(70대)+표준편차 5.4 가정 정규분포 추정
신장,cm,여,75~79세,66,155.1,통계연보 평균(70대)+표준편차 5.4 가정 정규분포 추정
신장,cm,여,75~79세,67,155.3,통계연보 평균(70대)+표준편차 5.4 가정 정규분포 추정
신장,cm,여,75~79세,68,155.4,통계연보 평균(70대)+표준편차 5.4 가정 정규분포 추정
신장,cm,여,75~79세,69,155.6,통계연보 평균(70대)+표준편차 5.4 가정 정규분포 추정
신장,cm,여,75~79세,70,155.7,통계연보 평균(70대)+표준편차 5.4 가정 정규분포 추정
신장,cm,여,75~79세,71,155.9,통계연보 평균(70대)+표준편차 5.4 가정 정규분포 추정
신장,cm,여,75~79세,72,156,통계연보 평균(70대)+표준편차 5.4 가정 정규분포 추정
신장,cm,여,75~79세,73,156.2,통계연보 평균(70대)+표준편차 5.4 가정 정규분포 추정
신장,cm,여,75~79세,74,156.4,통계연보 평균(70대)+표준편차 5.4 가정 정규분포 추정
신장,cm,여,75~79세,75,156.5,통계연보 평균(70대)+표준편차 5.4 가정 정규분포 추정
신장,cm,여,75~79세,76,156.7,통계연보 평균(70대)+표준편차 5.4 가정 정규분포 추정
신장,cm,여,75~79세,77,156.9,통계연보 평균(70대)+표준편차 5.4 가정 정규분포 추정
신장,cm,여,75~79세,78,157.1,통계연보 평균(70대)+표준편차 5.4 가정 정규분포 추정
신장,cm,여,75~79세,79,157.3,통계연보 평균(70대)+표준편차 5.4 가정 정규분포 추정
신장,cm,여,75~79세,80,157.4,통계연보 평균(70대)+표준편차 5.4 가정 정규분포 추정
신장,cm,여,75~79세,81,157.6,통계연보 평균(70대)+표준편차 5.4 가정 정규분포 추정
신장,cm,여,75~79세,82,157.8,통계연보 평균(70대)+표준편차 5.4 가정 정규분포 추정
신장,cm,여,75~79세,83,158.1,통계연보 평균(70대)+표준편차 5.4 가정 정규분포 추정
신장,cm,여,75~79세,84,158.3,통계연보 평균(70대)+표준편차 5.4 가정 정규분포 추정
신장,cm,여,75~79세,85,158.5,통계연보 평균(70대)+표준편차 5.4 가정 정규분포 추정
신장,cm,여,75~79세,86,158.7,통계연보 평균(70대)+표준편차 5.4 가정 정규분포 추정
신장,cm,여,75~79세,87,159,통계연보 평균(70대)+표준편차 5.4 가정 정규분포 추정
신장,cm,여,75~79세,88,159.2,통계연보 평균(70대)+표준편차 5.4 가정 정규분포 추정
신장,cm,여,75~79세,89,159.5,통계연보 평균(70대)+표준편차 5.4 가정 정규분포 추정
신장,cm,여,75~79세,90,159.8,통계연보 평균(70대)+표준편차 5.4 가정 정규분포 추정
신장,cm,여,75~79세,91,160.1,통계연보 평균(70대)+표준편차 5.4 가정 정규분포 추정
신장,cm,여,75~79세,92,160.5,통계연보 평균(70대)+표준편차 5.4 가정 정규분포 추정
신장,cm,여,75~79세,93,160.9,통계연보 평균(70대)+표준편차 5.4 가정 정규분포 추정
신장,cm,여,75~79세,94,161.3,통계연보 평균(70대)+표준편차 5.4 가정 정규분포 추정
신장,cm,여,75~79세,95,161.8,통계연보 평균(70대)+표준편차 5.4 가정 정규분포 추정
신장,cm,여,75~79세,96,162.4,통계연보 평균(70대)+표준편차 5.4 가정 정규분포 추정
신장,cm,여,75~79세,97,163.1,통계연보 평균(70대)+표준편차 5.4 가정 정규분포 추정
신장,cm,여,75~79세,98,164,통계연보 평균(70대)+표준편차 5.4 가정 정규분포 추정
신장,cm,여,75~79세,99,165.5,통계연보 평균(70대)+표준편차 5.4 가정 정규분포 추정
신장,cm,여,75~79세,100,166.8,통계연보 평균(70대)+표준편차 5.4 가정 정규분포 추정
신장,cm,여,80~84세,1,136.7,통계연보 평균(80세이상)+표준편차 5.4 가정 정규분포 추정
신장,cm,여,80~84세,2,138.2,통계연보 평균(80세이상)+표준편차 5.4 가정 정규분포 추정
신장,cm,여,80~84세,3,139.1,통계연보 평균(80세이상)+표준편차 5.4 가정 정규분포 추정
신장,cm,여,80~84세,4,139.8,통계연보 평균(80세이상)+표준편차 5.4 가정 정규분포 추정
신장,cm,여,80~84세,5,140.4,통계연보 평균(80세이상)+표준편차 5.4 가정 정규분포 추정
신장,cm,여,80~84세,6,140.9,통계연보 평균(80세이상)+표준편차 5.4 가정 정규분포 추정
신장,cm,여,80~84세,7,141.3,통계연보 평균(80세이상)+표준편차 5.4 가정 정규분포 추정
신장,cm,여,80~84세,8,141.7,통계연보 평균(80세이상)+표준편차 5.4 가정 정규분포 추정
신장,cm,여,80~84세,9,142.1,통계연보 평균(80세이상)+표준편차 5.4 가정 정규분포 추정
신장,cm,여,80~84세,10,142.4,통계연보 평균(80세이상)+표준편차 5.4 가정 정규분포 추정
신장,cm,여,80~84세,11,142.7,통계연보 평균(80세이상)+표준편차 5.4 가정 정규분포 추정
신장,cm,여,80~84세,12,143,통계연보 평균(80세이상)+표준편차 5.4 가정 정규분포 추정
신장,cm,여,80~84세,13,143.2,통계연보 평균(80세이상)+표준편차 5.4 가정 정규분포 추정
신장,cm,여,80~84세,14,143.5,통계연보 평균(80세이상)+표준편차 5.4 가정 정규분포 추정
신장,cm,여,80~84세,15,143.7,통계연보 평균(80세이상)+표준편차 5.4 가정 정규분포 추정
신장,cm,여,80~84세,16,143.9,통계연보 평균(80세이상)+표준편차 5.4 가정 정규분포 추정
신장,cm,여,80~84세,17,144.1,통계연보 평균(80세이상)+표준편차 5.4 가정 정규분포 추정
신장,cm,여,80~84세,18,144.4,통계연보 평균(80세이상)+표준편차 5.4 가정 정규분포 추정
신장,cm,여,80~84세,19,144.6,통계연보 평균(80세이상)+표준편차 5.4 가정 정규분포 추정
신장,cm,여,80~84세,20,144.8,통계연보 평균(80세이상)+표준편차 5.4 가정 정규분포 추정
신장,cm,여,80~84세,21,144.9,통계연보 평균(80세이상)+표준편차 5.4 가정 정규분포 추정
신장,cm,여,80~84세,22,145.1,통계연보 평균(80세이상)+표준편차 5.4 가정 정규분포 추정
신장,cm,여,80~84세,23,145.3,통계연보 평균(80세이상)+표준편차 5.4 가정 정규분포 추정
신장,cm,여,80~84세,24,145.5,통계연보 평균(80세이상)+표준편차 5.4 가정 정규분포 추정
신장,cm,여,80~84세,25,145.7,통계연보 평균(80세이상)+표준편차 5.4 가정 정규분포 추정
신장,cm,여,80~84세,26,145.8,통계연보 평균(80세이상)+표준편차 5.4 가정 정규분포 추정
신장,cm,여,80~84세,27,146,통계연보 평균(80세이상)+표준편차 5.4 가정 정규분포 추정
신장,cm,여,80~84세,28,146.2,통계연보 평균(80세이상)+표준편차 5.4 가정 정규분포 추정
신장,cm,여,80~84세,29,146.3,통계연보 평균(80세이상)+표준편차 5.4 가정 정규분포 추정
신장,cm,여,80~84세,30,146.5,통계연보 평균(80세이상)+표준편차 5.4 가정 정규분포 추정
신장,cm,여,80~84세,31,146.6,통계연보 평균(80세이상)+표준편차 5.4 가정 정규분포 추정
신장,cm,여,80~84세,32,146.8,통계연보 평균(80세이상)+표준편차 5.4 가정 정규분포 추정
신장,cm,여,80~84세,33,146.9,통계연보 평균(80세이상)+표준편차 5.4 가정 정규분포 추정
신장,cm,여,80~84세,34,147.1,통계연보 평균(80세이상)+표준편차 5.4 가정 정규분포 추정
신장,cm,여,80~84세,35,147.2,통계연보 평균(80세이상)+표준편차 5.4 가정 정규분포 추정
신장,cm,여,80~84세,36,147.4,통계연보 평균(80세이상)+표준편차 5.4 가정 정규분포 추정
신장,cm,여,80~84세,37,147.5,통계연보 평균(80세이상)+표준편차 5.4 가정 정규분포 추정
신장,cm,여,80~84세,38,147.7,통계연보 평균(80세이상)+표준편차 5.4 가정 정규분포 추정
신장,cm,여,80~84세,39,147.8,통계연보 평균(80세이상)+표준편차 5.4 가정 정규분포 추정
신장,cm,여,80~84세,40,147.9,통계연보 평균(80세이상)+표준편차 5.4 가정 정규분포 추정
신장,cm,여,80~84세,41,148.1,통계연보 평균(80세이상)+표준편차 5.4 가정 정규분포 추정
신장,cm,여,80~84세,42,148.2,통계연보 평균(80세이상)+표준편차 5.4 가정 정규분포 추정
신장,cm,여,80~84세,43,148.3,통계연보 평균(80세이상)+표준편차 5.4 가정 정규분포 추정
신장,cm,여,80~84세,44,148.5,통계연보 평균(80세이상)+표준편차 5.4 가정 정규분포 추정
신장,cm,여,80~84세,45,148.6,통계연보 평균(80세이상)+표준편차 5.4 가정 정규분포 추정
신장,cm,여,80~84세,46,148.8,통계연보 평균(80세이상)+표준편차 5.4 가정 정규분포 추정
신장,cm,여,80~84세,47,148.9,통계연보 평균(80세이상)+표준편차 5.4 가정 정규분포 추정
신장,cm,여,80~84세,48,149,통계연보 평균(80세이상)+표준편차 5.4 가정 정규분포 추정
신장,cm,여,80~84세,49,149.2,통계연보 평균(80세이상)+표준편차 5.4 가정 정규분포 추정
신장,cm,여,80~84세,50,149.3,통계연보 평균(80세이상)+표준편차 5.4 가정 정규분포 추정
신장,cm,여,80~84세,51,149.4,통계연보 평균(80세이상)+표준편차 5.4 가정 정규분포 추정
신장,cm,여,80~84세,52,149.6,통계연보 평균(80세이상)+표준편차 5.4 가정 정규분포 추정
신장,cm,여,80~84세,53,149.7,통계연보 평균(80세이상)+표준편차 5.4 가정 정규분포 추정
신장,cm,여,80~84세,54,149.8,통계연보 평균(80세이상)+표준편차 5.4 가정 정규분포 추정
신장,cm,여,80~84세,55,150,통계연보 평균(80세이상)+표준편차 5.4 가정 정규분포 추정
신장,cm,여,80~84세,56,150.1,통계연보 평균(80세이상)+표준편차 5.4 가정 정규분포 추정
신장,cm,여,80~84세,57,150.3,통계연보 평균(80세이상)+표준편차 5.4 가정 정규분포 추정
신장,cm,여,80~84세,58,150.4,통계연보 평균(80세이상)+표준편차 5.4 가정 정규분포 추정
신장,cm,여,80~84세,59,150.5,통계연보 평균(80세이상)+표준편차 5.4 가정 정규분포 추정
신장,cm,여,80~84세,60,150.7,통계연보 평균(80세이상)+표준편차 5.4 가정 정규분포 추정
신장,cm,여,80~84세,61,150.8,통계연보 평균(80세이상)+표준편차 5.4 가정 정규분포 추정
신장,cm,여,80~84세,62,150.9,통계연보 평균(80세이상)+표준편차 5.4 가정 정규분포 추정
신장,cm,여,80~84세,63,151.1,통계연보 평균(80세이상)+표준편차 5.4 가정 정규분포 추정
신장,cm,여,80~84세,64,151.2,통계연보 평균(80세이상)+표준편차 5.4 가정 정규분포 추정
신장,cm,여,80~84세,65,151.4,통계연보 평균(80세이상)+표준편차 5.4 가정 정규분포 추정
신장,cm,여,80~84세,66,151.5,통계연보 평균(80세이상)+표준편차 5.4 가정 정규분포 추정
신장,cm,여,80~84세,67,151.7,통계연보 평균(80세이상)+표준편차 5.4 가정 정규분포 추정
신장,cm,여,80~84세,68,151.8,통계연보 평균(80세이상)+표준편차 5.4 가정 정규분포 추정
신장,cm,여,80~84세,69,152,통계연보 평균(80세이상)+표준편차 5.4 가정 정규분포 추정
신장,cm,여,80~84세,70,152.1,통계연보 평균(80세이상)+표준편차 5.4 가정 정규분포 추정
신장,cm,여,80~84세,71,152.3,통계연보 평균(80세이상)+표준편차 5.4 가정 정규분포 추정
신장,cm,여,80~84세,72,152.4,통계연보 평균(80세이상)+표준편차 5.4 가정 정규분포 추정
신장,cm,여,80~84세,73,152.6,통계연보 평균(80세이상)+표준편차 5.4 가정 정규분포 추정
신장,cm,여,80~84세,74,152.8,통계연보 평균(80세이상)+표준편차 5.4 가정 정규분포 추정
신장,cm,여,80~84세,75,152.9,통계연보 평균(80세이상)+표준편차 5.4 가정 정규분포 추정
신장,cm,여,80~84세,76,153.1,통계연보 평균(80세이상)+표준편차 5.4 가정 정규분포 추정
신장,cm,여,80~84세,77,153.3,통계연보 평균(80세이상)+표준편차 5.4 가정 정규분포 추정
신장,cm,여,80~84세,78,153.5,통계연보 평균(80세이상)+표준편차 5.4 가정 정규분포 추정
신장,cm,여,80~84세,79,153.7,통계연보 평균(80세이상)+표준편차 5.4 가정 정규분포 추정
신장,cm,여,80~84세,80,153.8,통계연보 평균(80세이상)+표준편차 5.4 가정 정규분포 추정
신장,cm,여,80~84세,81,154,통계연보 평균(80세이상)+표준편차 5.4 가정 정규분포 추정
신장,cm,여,80~84세,82,154.2,통계연보 평균(80세이상)+표준편차 5.4 가정 정규분포 추정
신장,cm,여,80~84세,83,154.5,통계연보 평균(80세이상)+표준편차 5.4 가정 정규분포 추정
신장,cm,여,80~84세,84,154.7,통계연보 평균(80세이상)+표준편차 5.4 가정 정규분포 추정
신장,cm,여,80~84세,85,154.9,통계연보 평균(80세이상)+표준편차 5.4 가정 정규분포 추정
신장,cm,여,80~84세,86,155.1,통계연보 평균(80세이상)+표준편차 5.4 가정 정규분포 추정
신장,cm,여,80~84세,87,155.4,통계연보 평균(80세이상)+표준편차 5.4 가정 정규분포 추정
신장,cm,여,80~84세,88,155.6,통계연보 평균(80세이상)+표준편차 5.4 가정 정규분포 추정
신장,cm,여,80~84세,89,155.9,통계연보 평균(80세이상)+표준편차 5.4 가정 정규분포 추정
신장,cm,여,80~84세,90,156.2,통계연보 평균(80세이상)+표준편차 5.4 가정 정규분포 추정
신장,cm,여,80~84세,91,156.5,통계연보 평균(80세이상)+표준편차 5.4 가정 정규분포 추정
신장,cm,여,80~84세,92,156.9,통계연보 평균(80세이상)+표준편차 5.4 가정 정규분포 추정
신장,cm,여,80~84세,93,157.3,통계연보 평균(80세이상)+표준편차 5.4 가정 정규분포 추정
신장,cm,여,80~84세,94,157.7,통계연보 평균(80세이상)+표준편차 5.4 가정 정규분포 추정
신장,cm,여,80~84세,95,158.2,통계연보 평균(80세이상)+표준편차 5.4 가정 정규분포 추정
신장,cm,여,80~84세,96,158.8,통계연보 평균(80세이상)+표준편차 5.4 가정 정규분포 추정
신장,cm,여,80~84세,97,159.5,통계연보 평균(80세이상)+표준편차 5.4 가정 정규분포 추정
신장,cm,여,80~84세,98,160.4,통계연보 평균(80세이상)+표준편차 5.4 가정 정규분포 추정
신장,cm,여,80~84세,99,161.9,통계연보 평균(80세이상)+표준편차 5.4 가정 정규분포 추정
신장,cm,여,80~84세,100,163.2,통계연보 평균(80세이상)+표준편차 5.4 가정 정규분포 추정
신장,cm,여,85세이상,1,136.7,통계연보 평균(80세이상)+표준편차 5.4 가정 정규분포 추정
신장,cm,여,85세이상,2,138.2,통계연보 평균(80세이상)+표준편차 5.4 가정 정규분포 추정
신장,cm,여,85세이상,3,139.1,통계연보 평균(80세이상)+표준편차 5.4 가정 정규분포 추정
신장,cm,여,85세이상,4,139.8,통계연보 평균(80세이상)+표준편차 5.4 가정 정규분포 추정
신장,cm,여,85세이상,5,140.4,통계연보 평균(80세이상)+표준편차 5.4 가정 정규분포 추정
신장,cm,여,85세이상,6,140.9,통계연보 평균(80세이상)+표준편차 5.4 가정 정규분포 추정
신장,cm,여,85세이상,7,141.3,통계연보 평균(80세이상)+표준편차 5.4 가정 정규분포 추정
신장,cm,여,85세이상,8,141.7,통계연보 평균(80세이상)+표준편차 5.4 가정 정규분포 추정
신장,cm,여,85세이상,9,142.1,통계연보 평균(80세이상)+표준편차 5.4 가정 정규분포 추정
신장,cm,여,85세이상,10,142.4,통계연보 평균(80세이상)+표준편차 5.4 가정 정규분포 추정
신장,cm,여,85세이상,11,142.7,통계연보 평균(80세이상)+표준편차 5.4 가정 정규분포 추정
신장,cm,여,85세이상,12,143,통계연보 평균(80세이상)+표준편차 5.4 가정 정규분포 추정
신장,cm,여,85세이상,13,143.2,통계연보 평균(80세이상)+표준편차 5.4 가정 정규분포 추정
신장,cm,여,85세이상,14,143.5,통계연보 평균(80세이상)+표준편차 5.4 가정 정규분포 추정
신장,cm,여,85세이상,15,143.7,통계연보 평균(80세이상)+표준편차 5.4 가정 정규분포 추정
신장,cm,여,85세이상,16,143.9,통계연보 평균(80세이상)+표준편차 5.4 가정 정규분포 추정
신장,cm,여,85세이상,17,144.1,통계연보 평균(80세이상)+표준편차 5.4 가정 정규분포 추정
신장,cm,여,85세이상,18,144.4,통계연보 평균(80세이상)+표준편차 5.4 가정 정규분포 추정
신장,cm,여,85세이상,19,144.6,통계연보 평균(80세이상)+표준편차 5.4 가정 정규분포 추정
신장,cm,여,85세이상,20,144.8,통계연보 평균(80세이상)+표준편차 5.4 가정 정규분포 추정
신장,cm,여,85세이상,21,144.9,통계연보 평균(80세이상)+표준편차 5.4 가정 정규분포 추정
신장,cm,여,85세이상,22,145.1,통계연보 평균(80세이상)+표준편차 5.4 가정 정규분포 추정
신장,cm,여,85세이상,23,145.3,통계연보 평균(80세이상)+표준편차 5.4 가정 정규분포 추정
신장,cm,여,85세이상,24,145.5,통계연보 평균(80세이상)+표준편차 5.4 가정 정규분포 추정
신장,cm,여,85세이상,25,145.7,통계연보 평균(80세이상)+표준편차 5.4 가정 정규분포 추정
신장,cm,여,85세이상,26,145.8,통계연보 평균(80세이상)+표준편차 5.4 가정 정규분포 추정
신장,cm,여,85세이상,27,146,통계연보 평균(80세이상)+표준편차 5.4 가정 정규분포 추정
신장,cm,여,85세이상,28,146.2,통계연보 평균(80세이상)+표준편차 5.4 가정 정규분포 추정
신장,cm,여,85세이상,29,146.3,통계연보 평균(80세이상)+표준편차 5.4 가정 정규분포 추정
신장,cm,여,85세이상,30,146.5,통계연보 평균(80세이상)+표준편차 5.4 가정 정규분포 추정
신장,cm,여,85세이상,31,146.6,통계연보 평균(80세이상)+표준편차 5.4 가정 정규분포 추정
신장,cm,여,85세이상,32,146.8,통계연보 평균(80세이상)+표준편차 5.4 가정 정규분포 추정
신장,cm,여,85세이상,33,146.9,통계연보 평균(80세이상)+표준편차 5.4 가정 정규분포 추정
신장,cm,여,85세이상,34,147.1,통계연보 평균(80세이상)+표준편차 5.4 가정 정규분포 추정
신장,cm,여,85세이상,35,147.2,통계연보 평균(80세이상)+표준편차 5.4 가정 정규분포 추정
신장,cm,여,85세이상,36,147.4,통계연보 평균(80세이상)+표준편차 5.4 가정 정규분포 추정
신장,cm,여,85세이상,37,147.5,통계연보 평균(80세이상)+표준편차 5.4 가정 정규분포 추정
신장,cm,여,85세이상,38,147.7,통계연보 평균(80세이상)+표준편차 5.4 가정 정규분포 추정
신장,cm,여,85세이상,39,147.8,통계연보 평균(80세이상)+표준편차 5.4 가정 정규분포 추정
신장,cm,여,85세이상,40,147.9,통계연보 평균(80세이상)+표준편차 5.4 가정 정규분포 추정
신장,cm,여,85세이상,41,148.1,통계연보 평균(80세이상)+표준편차 5.4 가정 정규분포 추정
신장,cm,여,85세이상,42,148.2,통계연보 평균(80세이상)+표준편차 5.4 가정 정규분포 추정
신장,cm,여,85세이상,43,148.3,통계연보 평균(80세이상)+표준편차 5.4 가정 정규분포 추정
신장,cm,여,85세이상,44,148.5,통계연보 평균(80세이상)+표준편차 5.4 가정 정규분포 추정
신장,cm,여,85세이상,45,148.6,통계연보 평균(80세이상)+표준편차 5.4 가정 정규분포 추정
신장,cm,여,85세이상,46,148.8,통계연보 평균(80세이상)+표준편차 5.4 가정 정규분포 추정
신장,cm,여,85세이상,47,148.9,통계연보 평균(80세이상)+표준편차 5.4 가정 정규분포 추정
신장,cm,여,85세이상,48,149,통계연보 평균(80세이상)+표준편차 5.4 가정 정규분포 추정
신장,cm,여,85세이상,49,149.2,통계연보 평균(80세이상)+표준편차 5.4 가정 정규분포 추정
신장,cm,여,85세이상,50,149.3,통계연보 평균(80세이상)+표준편차 5.4 가정 정규분포 추정
신장,cm,여,85세이상,51,149.4,통계연보 평균(80세이상)+표준편차 5.4 가정 정규분포 추정
신장,cm,여,85세이상,52,149.6,통계연보 평균(80세이상)+표준편차 5.4 가정 정규분포 추정
신장,cm,여,85세이상,53,149.7,통계연보 평균(80세이상)+표준편차 5.4 가정 정규분포 추정
신장,cm,여,85세이상,54,149.8,통계연보 평균(80세이상)+표준편차 5.4 가정 정규분포 추정
신장,cm,여,85세이상,55,150,통계연보 평균(80세이상)+표준편차 5.4 가정 정규분포 추정
신장,cm,여,85세이상,56,150.1,통계연보 평균(80세이상)+표준편차 5.4 가정 정규분포 추정
신장,cm,여,85세이상,57,150.3,통계연보 평균(80세이상)+표준편차 5.4 가정 정규분포 추정
신장,cm,여,85세이상,58,150.4,통계연보 평균(80세이상)+표준편차 5.4 가정 정규분포 추정
신장,cm,여,85세이상,59,150.5,통계연보 평균(80세이상)+표준편차 5.4 가정 정규분포 추정
신장,cm,여,85세이상,60,150.7,통계연보 평균(80세이상)+표준편차 5.4 가정 정규분포 추정
신장,cm,여,85세이상,61,150.8,통계연보 평균(80세이상)+표준편차 5.4 가정 정규분포 추정
신장,cm,여,85세이상,62,150.9,통계연보 평균(80세이상)+표준편차 5.4 가정 정규분포 추정
신장,cm,여,85세이상,63,151.1,통계연보 평균(80세이상)+표준편차 5.4 가정 정규분포 추정
신장,cm,여,85세이상,64,151.2,통계연보 평균(80세이상)+표준편차 5.4 가정 정규분포 추정
신장,cm,여,85세이상,65,151.4,통계연보 평균(80세이상)+표준편차 5.4 가정 정규분포 추정
신장,cm,여,85세이상,66,151.5,통계연보 평균(80세이상)+표준편차 5.4 가정 정규분포 추정
신장,cm,여,85세이상,67,151.7,통계연보 평균(80세이상)+표준편차 5.4 가정 정규분포 추정
신장,cm,여,85세이상,68,151.8,통계연보 평균(80세이상)+표준편차 5.4 가정 정규분포 추정
신장,cm,여,85세이상,69,152,통계연보 평균(80세이상)+표준편차 5.4 가정 정규분포 추정
신장,cm,여,85세이상,70,152.1,통계연보 평균(80세이상)+표준편차 5.4 가정 정규분포 추정
신장,cm,여,85세이상,71,152.3,통계연보 평균(80세이상)+표준편차 5.4 가정 정규분포 추정
신장,cm,여,85세이상,72,152.4,통계연보 평균(80세이상)+표준편차 5.4 가정 정규분포 추정
신장,cm,여,85세이상,73,152.6,통계연보 평균(80세이상)+표준편차 5.4 가정 정규분포 추정
신장,cm,여,85세이상,74,152.8,통계연보 평균(80세이상)+표준편차 5.4 가정 정규분포 추정
신장,cm,여,85세이상,75,152.9,통계연보 평균(80세이상)+표준편차 5.4 가정 정규분포 추정
신장,cm,여,85세이상,76,153.1,통계연보 평균(80세이상)+표준편차 5.4 가정 정규분포 추정
신장,cm,여,85세이상,77,153.3,통계연보 평균(80세이상)+표준편차 5.4 가정 정규분포 추정
신장,cm,여,85세이상,78,153.5,통계연보 평균(80세이상)+표준편차 5.4 가정 정규분포 추정
신장,cm,여,85세이상,79,153.7,통계연보 평균(80세이상)+표준편차 5.4 가정 정규분포 추정
신장,cm,여,85세이상,80,153.8,통계연보 평균(80세이상)+표준편차 5.4 가정 정규분포 추정
신장,cm,여,85세이상,81,154,통계연보 평균(80세이상)+표준편차 5.4 가정 정규분포 추정
신장,cm,여,85세이상,82,154.2,통계연보 평균(80세이상)+표준편차 5.4 가정 정규분포 추정
신장,cm,여,85세이상,83,154.5,통계연보 평균(80세이상)+표준편차 5.4 가정 정규분포 추정
신장,cm,여,85세이상,84,154.7,통계연보 평균(80세이상)+표준편차 5.4 가정 정규분포 추정
신장,cm,여,85세이상,85,154.9,통계연보 평균(80세이상)+표준편차 5.4 가정 정규분포 추정
신장,cm,여,85세이상,86,155.1,통계연보 평균(80세이상)+표준편차 5.4 가정 정규분포 추정
신장,cm,여,85세이상,87,155.4,통계연보 평균(80세이상)+표준편차 5.4 가정 정규분포 추정
신장,cm,여,85세이상,88,155.6,통계연보 평균(80세이상)+표준편차 5.4 가정 정규분포 추정
신장,cm,여,85세이상,89,155.9,통계연보 평균(80세이상)+표준편차 5.4 가정 정규분포 추정
신장,cm,여,85세이상,90,156.2,통계연보 평균(80세이상)+표준편차 5.4 가정 정규분포 추정
신장,cm,여,85세이상,91,156.5,통계연보 평균(80세이상)+표준편차 5.4 가정 정규분포 추정
신장,cm,여,85세이상,92,156.9,통계연보 평균(80세이상)+표준편차 5.4 가정 정규분포 추정
신장,cm,여,85세이상,93,157.3,통계연보 평균(80세이상)+표준편차 5.4 가정 정규분포 추정
신장,cm,여,85세이상,94,157.7,통계연보 평균(80세이상)+표준편차 5.4 가정 정규분포 추정
신장,cm,여,85세이상,95,158.2,통계연보 평균(80세이상)+표준편차 5.4 가정 정규분포 추정
신장,cm,여,85세이상,96,158.8,통계연보 평균(80세이상)+표준편차 5.4 가정 정규분포 추정
신장,cm,여,85세이상,97,159.5,통계연보 평균(80세이상)+표준편차 5.4 가정 정규분포 추정
신장,cm,여,85세이상,98,160.4,통계연보 평균(80세이상)+표준편차 5.4 가정 정규분포 추정
신장,cm,여,85세이상,99,161.9,통계연보 평균(80세이상)+표준편차 5.4 가정 정규분포 추정
신장,cm,여,85세이상,100,163.2,통계연보 평균(80세이상)+표준편차 5.4 가정 정규분포 추정
체중,kg,남,19세이하,1,48.6,통계연보 평균(19세이하)+표준편차 11.5 가정 정규분포 추정
체중,kg,남,19세이하,2,51.8,통계연보 평균(19세이하)+표준편차 11.5 가정 정규분포 추정
체중,kg,남,19세이하,3,53.8,통계연보 평균(19세이하)+표준편차 11.5 가정 정규분포 추정
체중,kg,남,19세이하,4,55.3,통계연보 평균(19세이하)+표준편차 11.5 가정 정규분포 추정
체중,kg,남,19세이하,5,56.5,통계연보 평균(19세이하)+표준편차 11.5 가정 정규분포 추정
체중,kg,남,19세이하,6,57.5,통계연보 평균(19세이하)+표준편차 11.5 가정 정규분포 추정
체중,kg,남,19세이하,7,58.4,통계연보 평균(19세이하)+표준편차 11.5 가정 정규분포 추정
체중,kg,남,19세이하,8,59.2,통계연보 평균(19세이하)+표준편차 11.5 가정 정규분포 추정
체중,kg,남,19세이하,9,60,통계연보 평균(19세이하)+표준편차 11.5 가정 정규분포 추정
체중,kg,남,19세이하,10,60.7,통계연보 평균(19세이하)+표준편차 11.5 가정 정규분포 추정
체중,kg,남,19세이하,11,61.3,통계연보 평균(19세이하)+표준편차 11.5 가정 정규분포 추정
체중,kg,남,19세이하,12,61.9,통계연보 평균(19세이하)+표준편차 11.5 가정 정규분포 추정
체중,kg,남,19세이하,13,62.4,통계연보 평균(19세이하)+표준편차 11.5 가정 정규분포 추정
체중,kg,남,19세이하,14,63,통계연보 평균(19세이하)+표준편차 11.5 가정 정규분포 추정
체중,kg,남,19세이하,15,63.5,통계연보 평균(19세이하)+표준편차 11.5 가정 정규분포 추정
체중,kg,남,19세이하,16,64,통계연보 평균(19세이하)+표준편차 11.5 가정 정규분포 추정
체중,kg,남,19세이하,17,64.4,통계연보 평균(19세이하)+표준편차 11.5 가정 정규분포 추정
체중,kg,남,19세이하,18,64.9,통계연보 평균(19세이하)+표준편차 11.5 가정 정규분포 추정
체중,kg,남,19세이하,19,65.3,통계연보 평균(19세이하)+표준편차 11.5 가정 정규분포 추정
체중,kg,남,19세이하,20,65.7,통계연보 평균(19세이하)+표준편차 11.5 가정 정규분포 추정
체중,kg,남,19세이하,21,66.1,통계연보 평균(19세이하)+표준편차 11.5 가정 정규분포 추정
체중,kg,남,19세이하,22,66.5,통계연보 평균(19세이하)+표준편차 11.5 가정 정규분포 추정
체중,kg,남,19세이하,23,66.9,통계연보 평균(19세이하)+표준편차 11.5 가정 정규분포 추정
체중,kg,남,19세이하,24,67.3,통계연보 평균(19세이하)+표준편차 11.5 가정 정규분포 추정
체중,kg,남,19세이하,25,67.6,통계연보 평균(19세이하)+표준편차 11.5 가정 정규분포 추정
체중,kg,남,19세이하,26,68,통계연보 평균(19세이하)+표준편차 11.5 가정 정규분포 추정
체중,kg,남,19세이하,27,68.4,통계연보 평균(19세이하)+표준편차 11.5 가정 정규분포 추정
체중,kg,남,19세이하,28,68.7,통계연보 평균(19세이하)+표준편차 11.5 가정 정규분포 추정
체중,kg,남,19세이하,29,69,통계연보 평균(19세이하)+표준편차 11.5 가정 정규분포 추정
체중,kg,남,19세이하,30,69.4,통계연보 평균(19세이하)+표준편차 11.5 가정 정규분포 추정
체중,kg,남,19세이하,31,69.7,통계연보 평균(19세이하)+표준편차 11.5 가정 정규분포 추정
체중,kg,남,19세이하,32,70,통계연보 평균(19세이하)+표준편차 11.5 가정 정규분포 추정
체중,kg,남,19세이하,33,70.3,통계연보 평균(19세이하)+표준편차 11.5 가정 정규분포 추정
체중,kg,남,19세이하,34,70.7,통계연보 평균(19세이하)+표준편차 11.5 가정 정규분포 추정
체중,kg,남,19세이하,35,71,통계연보 평균(19세이하)+표준편차 11.5 가정 정규분포 추정
체중,kg,남,19세이하,36,71.3,통계연보 평균(19세이하)+표준편차 11.5 가정 정규분포 추정
체중,kg,남,19세이하,37,71.6,통계연보 평균(19세이하)+표준편차 11.5 가정 정규분포 추정
체중,kg,남,19세이하,38,71.9,통계연보 평균(19세이하)+표준편차 11.5 가정 정규분포 추정
체중,kg,남,19세이하,39,72.2,통계연보 평균(19세이하)+표준편차 11.5 가정 정규분포 추정
체중,kg,남,19세이하,40,72.5,통계연보 평균(19세이하)+표준편차 11.5 가정 정규분포 추정
체중,kg,남,19세이하,41,72.8,통계연보 평균(19세이하)+표준편차 11.5 가정 정규분포 추정
체중,kg,남,19세이하,42,73.1,통계연보 평균(19세이하)+표준편차 11.5 가정 정규분포 추정
체중,kg,남,19세이하,43,73.4,통계연보 평균(19세이하)+표준편차 11.5 가정 정규분포 추정
체중,kg,남,19세이하,44,73.7,통계연보 평균(19세이하)+표준편차 11.5 가정 정규분포 추정
체중,kg,남,19세이하,45,74,통계연보 평균(19세이하)+표준편차 11.5 가정 정규분포 추정
체중,kg,남,19세이하,46,74.2,통계연보 평균(19세이하)+표준편차 11.5 가정 정규분포 추정
체중,kg,남,19세이하,47,74.5,통계연보 평균(19세이하)+표준편차 11.5 가정 정규분포 추정
체중,kg,남,19세이하,48,74.8,통계연보 평균(19세이하)+표준편차 11.5 가정 정규분포 추정
체중,kg,남,19세이하,49,75.1,통계연보 평균(19세이하)+표준편차 11.5 가정 정규분포 추정
체중,kg,남,19세이하,50,75.4,통계연보 평균(19세이하)+표준편차 11.5 가정 정규분포 추정
체중,kg,남,19세이하,51,75.7,통계연보 평균(19세이하)+표준편차 11.5 가정 정규분포 추정
체중,kg,남,19세이하,52,76,통계연보 평균(19세이하)+표준편차 11.5 가정 정규분포 추정
체중,kg,남,19세이하,53,76.3,통계연보 평균(19세이하)+표준편차 11.5 가정 정규분포 추정
체중,kg,남,19세이하,54,76.6,통계연보 평균(19세이하)+표준편차 11.5 가정 정규분포 추정
체중,kg,남,19세이하,55,76.8,통계연보 평균(19세이하)+표준편차 11.5 가정 정규분포 추정
체중,kg,남,19세이하,56,77.1,통계연보 평균(19세이하)+표준편차 11.5 가정 정규분포 추정
체중,kg,남,19세이하,57,77.4,통계연보 평균(19세이하)+표준편차 11.5 가정 정규분포 추정
체중,kg,남,19세이하,58,77.7,통계연보 평균(19세이하)+표준편차 11.5 가정 정규분포 추정
체중,kg,남,19세이하,59,78,통계연보 평균(19세이하)+표준편차 11.5 가정 정규분포 추정
체중,kg,남,19세이하,60,78.3,통계연보 평균(19세이하)+표준편차 11.5 가정 정규분포 추정
체중,kg,남,19세이하,61,78.6,통계연보 평균(19세이하)+표준편차 11.5 가정 정규분포 추정
체중,kg,남,19세이하,62,78.9,통계연보 평균(19세이하)+표준편차 11.5 가정 정규분포 추정
체중,kg,남,19세이하,63,79.2,통계연보 평균(19세이하)+표준편차 11.5 가정 정규분포 추정
체중,kg,남,19세이하,64,79.5,통계연보 평균(19세이하)+표준편차 11.5 가정 정규분포 추정
체중,kg,남,19세이하,65,79.8,통계연보 평균(19세이하)+표준편차 11.5 가정 정규분포 추정
체중,kg,남,19세이하,66,80.1,통계연보 평균(19세이하)+표준편차 11.5 가정 정규분포 추정
체중,kg,남,19세이하,67,80.5,통계연보 평균(19세이하)+표준편차 11.5 가정 정규분포 추정
체중,kg,남,19세이하,68,80.8,통계연보 평균(19세이하)+표준편차 11.5 가정 정규분포 추정
체중,kg,남,19세이하,69,81.1,통계연보 평균(19세이하)+표준편차 11.5 가정 정규분포 추정
체중,kg,남,19세이하,70,81.4,통계연보 평균(19세이하)+표준편차 11.5 가정 정규분포 추정
체중,kg,남,19세이하,71,81.8,통계연보 평균(19세이하)+표준편차 11.5 가정 정규분포 추정
체중,kg,남,19세이하,72,82.1,통계연보 평균(19세이하)+표준편차 11.5 가정 정규분포 추정
체중,kg,남,19세이하,73,82.4,통계연보 평균(19세이하)+표준편차 11.5 가정 정규분포 추정
체중,kg,남,19세이하,74,82.8,통계연보 평균(19세이하)+표준편차 11.5 가정 정규분포 추정
체중,kg,남,19세이하,75,83.2,통계연보 평균(19세이하)+표준편차 11.5 가정 정규분포 추정
체중,kg,남,19세이하,76,83.5,통계연보 평균(19세이하)+표준편차 11.5 가정 정규분포 추정
체중,kg,남,19세이하,77,83.9,통계연보 평균(19세이하)+표준편차 11.5 가정 정규분포 추정
체중,kg,남,19세이하,78,84.3,통계연보 평균(19세이하)+표준편차 11.5 가정 정규분포 추정
체중,kg,남,19세이하,79,84.7,통계연보 평균(19세이하)+표준편차 11.5 가정 정규분포 추정
체중,kg,남,19세이하,80,85.1,통계연보 평균(19세이하)+표준편차 11.5 가정 정규분포 추정
체중,kg,남,19세이하,81,85.5,통계연보 평균(19세이하)+표준편차 11.5 가정 정규분포 추정
체중,kg,남,19세이하,82,85.9,통계연보 평균(19세이하)+표준편차 11.5 가정 정규분포 추정
체중,kg,남,19세이하,83,86.4,통계연보 평균(19세이하)+표준편차 11.5 가정 정규분포 추정
체중,kg,남,19세이하,84,86.8,통계연보 평균(19세이하)+표준편차 11.5 가정 정규분포 추정
체중,kg,남,19세이하,85,87.3,통계연보 평균(19세이하)+표준편차 11.5 가정 정규분포 추정
체중,kg,남,19세이하,86,87.8,통계연보 평균(19세이하)+표준편차 11.5 가정 정규분포 추정
체중,kg,남,19세이하,87,88.4,통계연보 평균(19세이하)+표준편차 11.5 가정 정규분포 추정
체중,kg,남,19세이하,88,88.9,통계연보 평균(19세이하)+표준편차 11.5 가정 정규분포 추정
체중,kg,남,19세이하,89,89.5,통계연보 평균(19세이하)+표준편차 11.5 가정 정규분포 추정
체중,kg,남,19세이하,90,90.1,통계연보 평균(19세이하)+표준편차 11.5 가정 정규분포 추정
체중,kg,남,19세이하,91,90.8,통계연보 평균(19세이하)+표준편차 11.5 가정 정규분포 추정
체중,kg,남,19세이하,92,91.6,통계연보 평균(19세이하)+표준편차 11.5 가정 정규분포 추정
체중,kg,남,19세이하,93,92.4,통계연보 평균(19세이하)+표준편차 11.5 가정 정규분포 추정
체중,kg,남,19세이하,94,93.3,통계연보 평균(19세이하)+표준편차 11.5 가정 정규분포 추정
체중,kg,남,19세이하,95,94.3,통계연보 평균(19세이하)+표준편차 11.5 가정 정규분포 추정
체중,kg,남,19세이하,96,95.5,통계연보 평균(19세이하)+표준편차 11.5 가정 정규분포 추정
체중,kg,남,19세이하,97,97,통계연보 평균(19세이하)+표준편차 11.5 가정 정규분포 추정
체중,kg,남,19세이하,98,99,통계연보 평균(19세이하)+표준편차 11.5 가정 정규분포 추정
체중,kg,남,19세이하,99,102.2,통계연보 평균(19세이하)+표준편차 11.5 가정 정규분포 추정
체중,kg,남,19세이하,100,105,통계연보 평균(19세이하)+표준편차 11.5 가정 정규분포 추정
체중,kg,남,20~24세,1,50,통계연보 평균(20대)+표준편차 11.5 가정 정규분포 추정
체중,kg,남,20~24세,2,53.2,통계연보 평균(20대)+표준편차 11.5 가정 정규분포 추정
체중,kg,남,20~24세,3,55.2,통계연보 평균(20대)+표준편차 11.5 가정 정규분포 추정
체중,kg,남,20~24세,4,56.7,통계연보 평균(20대)+표준편차 11.5 가정 정규분포 추정
체중,kg,남,20~24세,5,57.9,통계연보 평균(20대)+표준편차 11.5 가정 정규분포 추정
체중,kg,남,20~24세,6,58.9,통계연보 평균(20대)+표준편차 11.5 가정 정규분포 추정
체중,kg,남,20~24세,7,59.8,통계연보 평균(20대)+표준편차 11.5 가정 정규분포 추정
체중,kg,남,20~24세,8,60.6,통계연보 평균(20대)+표준편차 11.5 가정 정규분포 추정
체중,kg,남,20~24세,9,61.4,통계연보 평균(20대)+표준편차 11.5 가정 정규분포 추정
체중,kg,남,20~24세,10,62.1,통계연보 평균(20대)+표준편차 11.5 가정 정규분포 추정
체중,kg,남,20~24세,11,62.7,통계연보 평균(20대)+표준편차 11.5 가정 정규분포 추정
체중,kg,남,20~24세,12,63.3,통계연보 평균(20대)+표준편차 11.5 가정 정규분포 추정
체중,kg,남,20~24세,13,63.8,통계연보 평균(20대)+표준편차 11.5 가정 정규분포 추정
체중,kg,남,20~24세,14,64.4,통계연보 평균(20대)+표준편차 11.5 가정 정규분포 추정
체중,kg,남,20~24세,15,64.9,통계연보 평균(20대)+표준편차 11.5 가정 정규분포 추정
체중,kg,남,20~24세,16,65.4,통계연보 평균(20대)+표준편차 11.5 가정 정규분포 추정
체중,kg,남,20~24세,17,65.8,통계연보 평균(20대)+표준편차 11.5 가정 정규분포 추정
체중,kg,남,20~24세,18,66.3,통계연보 평균(20대)+표준편차 11.5 가정 정규분포 추정
체중,kg,남,20~24세,19,66.7,통계연보 평균(20대)+표준편차 11.5 가정 정규분포 추정
체중,kg,남,20~24세,20,67.1,통계연보 평균(20대)+표준편차 11.5 가정 정규분포 추정
체중,kg,남,20~24세,21,67.5,통계연보 평균(20대)+표준편차 11.5 가정 정규분포 추정
체중,kg,남,20~24세,22,67.9,통계연보 평균(20대)+표준편차 11.5 가정 정규분포 추정
체중,kg,남,20~24세,23,68.3,통계연보 평균(20대)+표준편차 11.5 가정 정규분포 추정
체중,kg,남,20~24세,24,68.7,통계연보 평균(20대)+표준편차 11.5 가정 정규분포 추정
체중,kg,남,20~24세,25,69,통계연보 평균(20대)+표준편차 11.5 가정 정규분포 추정
체중,kg,남,20~24세,26,69.4,통계연보 평균(20대)+표준편차 11.5 가정 정규분포 추정
체중,kg,남,20~24세,27,69.8,통계연보 평균(20대)+표준편차 11.5 가정 정규분포 추정
체중,kg,남,20~24세,28,70.1,통계연보 평균(20대)+표준편차 11.5 가정 정규분포 추정
체중,kg,남,20~24세,29,70.4,통계연보 평균(20대)+표준편차 11.5 가정 정규분포 추정
체중,kg,남,20~24세,30,70.8,통계연보 평균(20대)+표준편차 11.5 가정 정규분포 추정
체중,kg,남,20~24세,31,71.1,통계연보 평균(20대)+표준편차 11.5 가정 정규분포 추정
체중,kg,남,20~24세,32,71.4,통계연보 평균(20대)+표준편차 11.5 가정 정규분포 추정
체중,kg,남,20~24세,33,71.7,통계연보 평균(20대)+표준편차 11.5 가정 정규분포 추정
체중,kg,남,20~24세,34,72.1,통계연보 평균(20대)+표준편차 11.5 가정 정규분포 추정
체중,kg,남,20~24세,35,72.4,통계연보 평균(20대)+표준편차 11.5 가정 정규분포 추정
체중,kg,남,20~24세,36,72.7,통계연보 평균(20대)+표준편차 11.5 가정 정규분포 추정
체중,kg,남,20~24세,37,73,통계연보 평균(20대)+표준편차 11.5 가정 정규분포 추정
체중,kg,남,20~24세,38,73.3,통계연보 평균(20대)+표준편차 11.5 가정 정규분포 추정
체중,kg,남,20~24세,39,73.6,통계연보 평균(20대)+표준편차 11.5 가정 정규분포 추정
체중,kg,남,20~24세,40,73.9,통계연보 평균(20대)+표준편차 11.5 가정 정규분포 추정
체중,kg,남,20~24세,41,74.2,통계연보 평균(20대)+표준편차 11.5 가정 정규분포 추정
체중,kg,남,20~24세,42,74.5,통계연보 평균(20대)+표준편차 11.5 가정 정규분포 추정
체중,kg,남,20~24세,43,74.8,통계연보 평균(20대)+표준편차 11.5 가정 정규분포 추정
체중,kg,남,20~24세,44,75.1,통계연보 평균(20대)+표준편차 11.5 가정 정규분포 추정
체중,kg,남,20~24세,45,75.4,통계연보 평균(20대)+표준편차 11.5 가정 정규분포 추정
체중,kg,남,20~24세,46,75.6,통계연보 평균(20대)+표준편차 11.5 가정 정규분포 추정
체중,kg,남,20~24세,47,75.9,통계연보 평균(20대)+표준편차 11.5 가정 정규분포 추정
체중,kg,남,20~24세,48,76.2,통계연보 평균(20대)+표준편차 11.5 가정 정규분포 추정
체중,kg,남,20~24세,49,76.5,통계연보 평균(20대)+표준편차 11.5 가정 정규분포 추정
체중,kg,남,20~24세,50,76.8,통계연보 평균(20대)+표준편차 11.5 가정 정규분포 추정
체중,kg,남,20~24세,51,77.1,통계연보 평균(20대)+표준편차 11.5 가정 정규분포 추정
체중,kg,남,20~24세,52,77.4,통계연보 평균(20대)+표준편차 11.5 가정 정규분포 추정
체중,kg,남,20~24세,53,77.7,통계연보 평균(20대)+표준편차 11.5 가정 정규분포 추정
체중,kg,남,20~24세,54,78,통계연보 평균(20대)+표준편차 11.5 가정 정규분포 추정
체중,kg,남,20~24세,55,78.2,통계연보 평균(20대)+표준편차 11.5 가정 정규분포 추정
체중,kg,남,20~24세,56,78.5,통계연보 평균(20대)+표준편차 11.5 가정 정규분포 추정
체중,kg,남,20~24세,57,78.8,통계연보 평균(20대)+표준편차 11.5 가정 정규분포 추정
체중,kg,남,20~24세,58,79.1,통계연보 평균(20대)+표준편차 11.5 가정 정규분포 추정
체중,kg,남,20~24세,59,79.4,통계연보 평균(20대)+표준편차 11.5 가정 정규분포 추정
체중,kg,남,20~24세,60,79.7,통계연보 평균(20대)+표준편차 11.5 가정 정규분포 추정
체중,kg,남,20~24세,61,80,통계연보 평균(20대)+표준편차 11.5 가정 정규분포 추정
체중,kg,남,20~24세,62,80.3,통계연보 평균(20대)+표준편차 11.5 가정 정규분포 추정
체중,kg,남,20~24세,63,80.6,통계연보 평균(20대)+표준편차 11.5 가정 정규분포 추정
체중,kg,남,20~24세,64,80.9,통계연보 평균(20대)+표준편차 11.5 가정 정규분포 추정
체중,kg,남,20~24세,65,81.2,통계연보 평균(20대)+표준편차 11.5 가정 정규분포 추정
체중,kg,남,20~24세,66,81.5,통계연보 평균(20대)+표준편차 11.5 가정 정규분포 추정
체중,kg,남,20~24세,67,81.9,통계연보 평균(20대)+표준편차 11.5 가정 정규분포 추정
체중,kg,남,20~24세,68,82.2,통계연보 평균(20대)+표준편차 11.5 가정 정규분포 추정
체중,kg,남,20~24세,69,82.5,통계연보 평균(20대)+표준편차 11.5 가정 정규분포 추정
체중,kg,남,20~24세,70,82.8,통계연보 평균(20대)+표준편차 11.5 가정 정규분포 추정
체중,kg,남,20~24세,71,83.2,통계연보 평균(20대)+표준편차 11.5 가정 정규분포 추정
체중,kg,남,20~24세,72,83.5,통계연보 평균(20대)+표준편차 11.5 가정 정규분포 추정
체중,kg,남,20~24세,73,83.8,통계연보 평균(20대)+표준편차 11.5 가정 정규분포 추정
체중,kg,남,20~24세,74,84.2,통계연보 평균(20대)+표준편차 11.5 가정 정규분포 추정
체중,kg,남,20~24세,75,84.6,통계연보 평균(20대)+표준편차 11.5 가정 정규분포 추정
체중,kg,남,20~24세,76,84.9,통계연보 평균(20대)+표준편차 11.5 가정 정규분포 추정
체중,kg,남,20~24세,77,85.3,통계연보 평균(20대)+표준편차 11.5 가정 정규분포 추정
체중,kg,남,20~24세,78,85.7,통계연보 평균(20대)+표준편차 11.5 가정 정규분포 추정
체중,kg,남,20~24세,79,86.1,통계연보 평균(20대)+표준편차 11.5 가정 정규분포 추정
체중,kg,남,20~24세,80,86.5,통계연보 평균(20대)+표준편차 11.5 가정 정규분포 추정
체중,kg,남,20~24세,81,86.9,통계연보 평균(20대)+표준편차 11.5 가정 정규분포 추정
체중,kg,남,20~24세,82,87.3,통계연보 평균(20대)+표준편차 11.5 가정 정규분포 추정
체중,kg,남,20~24세,83,87.8,통계연보 평균(20대)+표준편차 11.5 가정 정규분포 추정
체중,kg,남,20~24세,84,88.2,통계연보 평균(20대)+표준편차 11.5 가정 정규분포 추정
체중,kg,남,20~24세,85,88.7,통계연보 평균(20대)+표준편차 11.5 가정 정규분포 추정
체중,kg,남,20~24세,86,89.2,통계연보 평균(20대)+표준편차 11.5 가정 정규분포 추정
체중,kg,남,20~24세,87,89.8,통계연보 평균(20대)+표준편차 11.5 가정 정규분포 추정
체중,kg,남,20~24세,88,90.3,통계연보 평균(20대)+표준편차 11.5 가정 정규분포 추정
체중,kg,남,20~24세,89,90.9,통계연보 평균(20대)+표준편차 11.5 가정 정규분포 추정
체중,kg,남,20~24세,90,91.5,통계연보 평균(20대)+표준편차 11.5 가정 정규분포 추정
체중,kg,남,20~24세,91,92.2,통계연보 평균(20대)+표준편차 11.5 가정 정규분포 추정
체중,kg,남,20~24세,92,93,통계연보 평균(20대)+표준편차 11.5 가정 정규분포 추정
체중,kg,남,20~24세,93,93.8,통계연보 평균(20대)+표준편차 11.5 가정 정규분포 추정
체중,kg,남,20~24세,94,94.7,통계연보 평균(20대)+표준편차 11.5 가정 정규분포 추정
체중,kg,남,20~24세,95,95.7,통계연보 평균(20대)+표준편차 11.5 가정 정규분포 추정
체중,kg,남,20~24세,96,96.9,통계연보 평균(20대)+표준편차 11.5 가정 정규분포 추정
체중,kg,남,20~24세,97,98.4,통계연보 평균(20대)+표준편차 11.5 가정 정규분포 추정
체중,kg,남,20~24세,98,100.4,통계연보 평균(20대)+표준편차 11.5 가정 정규분포 추정
체중,kg,남,20~24세,99,103.6,통계연보 평균(20대)+표준편차 11.5 가정 정규분포 추정
체중,kg,남,20~24세,100,106.4,통계연보 평균(20대)+표준편차 11.5 가정 정규분포 추정
체중,kg,남,25~29세,1,50,통계연보 평균(20대)+표준편차 11.5 가정 정규분포 추정
체중,kg,남,25~29세,2,53.2,통계연보 평균(20대)+표준편차 11.5 가정 정규분포 추정
체중,kg,남,25~29세,3,55.2,통계연보 평균(20대)+표준편차 11.5 가정 정규분포 추정
체중,kg,남,25~29세,4,56.7,통계연보 평균(20대)+표준편차 11.5 가정 정규분포 추정
체중,kg,남,25~29세,5,57.9,통계연보 평균(20대)+표준편차 11.5 가정 정규분포 추정
체중,kg,남,25~29세,6,58.9,통계연보 평균(20대)+표준편차 11.5 가정 정규분포 추정
체중,kg,남,25~29세,7,59.8,통계연보 평균(20대)+표준편차 11.5 가정 정규분포 추정
체중,kg,남,25~29세,8,60.6,통계연보 평균(20대)+표준편차 11.5 가정 정규분포 추정
체중,kg,남,25~29세,9,61.4,통계연보 평균(20대)+표준편차 11.5 가정 정규분포 추정
체중,kg,남,25~29세,10,62.1,통계연보 평균(20대)+표준편차 11.5 가정 정규분포 추정
체중,kg,남,25~29세,11,62.7,통계연보 평균(20대)+표준편차 11.5 가정 정규분포 추정
체중,kg,남,25~29세,12,63.3,통계연보 평균(20대)+표준편차 11.5 가정 정규분포 추정
체중,kg,남,25~29세,13,63.8,통계연보 평균(20대)+표준편차 11.5 가정 정규분포 추정
체중,kg,남,25~29세,14,64.4,통계연보 평균(20대)+표준편차 11.5 가정 정규분포 추정
체중,kg,남,25~29세,15,64.9,통계연보 평균(20대)+표준편차 11.5 가정 정규분포 추정
체중,kg,남,25~29세,16,65.4,통계연보 평균(20대)+표준편차 11.5 가정 정규분포 추정
체중,kg,남,25~29세,17,65.8,통계연보 평균(20대)+표준편차 11.5 가정 정규분포 추정
체중,kg,남,25~29세,18,66.3,통계연보 평균(20대)+표준편차 11.5 가정 정규분포 추정
체중,kg,남,25~29세,19,66.7,통계연보 평균(20대)+표준편차 11.5 가정 정규분포 추정
체중,kg,남,25~29세,20,67.1,통계연보 평균(20대)+표준편차 11.5 가정 정규분포 추정
체중,kg,남,25~29세,21,67.5,통계연보 평균(20대)+표준편차 11.5 가정 정규분포 추정
체중,kg,남,25~29세,22,67.9,통계연보 평균(20대)+표준편차 11.5 가정 정규분포 추정
체중,kg,남,25~29세,23,68.3,통계연보 평균(20대)+표준편차 11.5 가정 정규분포 추정
체중,kg,남,25~29세,24,68.7,통계연보 평균(20대)+표준편차 11.5 가정 정규분포 추정
체중,kg,남,25~29세,25,69,통계연보 평균(20대)+표준편차 11.5 가정 정규분포 추정
체중,kg,남,25~29세,26,69.4,통계연보 평균(20대)+표준편차 11.5 가정 정규분포 추정
체중,kg,남,25~29세,27,69.8,통계연보 평균(20대)+표준편차 11.5 가정 정규분포 추정
체중,kg,남,25~29세,28,70.1,통계연보 평균(20대)+표준편차 11.5 가정 정규분포 추정
체중,kg,남,25~29세,29,70.4,통계연보 평균(20대)+표준편차 11.5 가정 정규분포 추정
체중,kg,남,25~29세,30,70.8,통계연보 평균(20대)+표준편차 11.5 가정 정규분포 추정
체중,kg,남,25~29세,31,71.1,통계연보 평균(20대)+표준편차 11.5 가정 정규분포 추정
체중,kg,남,25~29세,32,71.4,통계연보 평균(20대)+표준편차 11.5 가정 정규분포 추정
체중,kg,남,25~29세,33,71.7,통계연보 평균(20대)+표준편차 11.5 가정 정규분포 추정
체중,kg,남,25~29세,34,72.1,통계연보 평균(20대)+표준편차 11.5 가정 정규분포 추정
체중,kg,남,25~29세,35,72.4,통계연보 평균(20대)+표준편차 11.5 가정 정규분포 추정
체중,kg,남,25~29세,36,72.7,통계연보 평균(20대)+표준편차 11.5 가정 정규분포 추정
체중,kg,남,25~29세,37,73,통계연보 평균(20대)+표준편차 11.5 가정 정규분포 추정
체중,kg,남,25~29세,38,73.3,통계연보 평균(20대)+표준편차 11.5 가정 정규분포 추정
체중,kg,남,25~29세,39,73.6,통계연보 평균(20대)+표준편차 11.5 가정 정규분포 추정
체중,kg,남,25~29세,40,73.9,통계연보 평균(20대)+표준편차 11.5 가정 정규분포 추정
체중,kg,남,25~29세,41,74.2,통계연보 평균(20대)+표준편차 11.5 가정 정규분포 추정
체중,kg,남,25~29세,42,74.5,통계연보 평균(20대)+표준편차 11.5 가정 정규분포 추정
체중,kg,남,25~29세,43,74.8,통계연보 평균(20대)+표준편차 11.5 가정 정규분포 추정
체중,kg,남,25~29세,44,75.1,통계연보 평균(20대)+표준편차 11.5 가정 정규분포 추정
체중,kg,남,25~29세,45,75.4,통계연보 평균(20대)+표준편차 11.5 가정 정규분포 추정
체중,kg,남,25~29세,46,75.6,통계연보 평균(20대)+표준편차 11.5 가정 정규분포 추정
체중,kg,남,25~29세,47,75.9,통계연보 평균(20대)+표준편차 11.5 가정 정규분포 추정
체중,kg,남,25~29세,48,76.2,통계연보 평균(20대)+표준편차 11.5 가정 정규분포 추정
체중,kg,남,25~29세,49,76.5,통계연보 평균(20대)+표준편차 11.5 가정 정규분포 추정
체중,kg,남,25~29세,50,76.8,통계연보 평균(20대)+표준편차 11.5 가정 정규분포 추정
체중,kg,남,25~29세,51,77.1,통계연보 평균(20대)+표준편차 11.5 가정 정규분포 추정
체중,kg,남,25~29세,52,77.4,통계연보 평균(20대)+표준편차 11.5 가정 정규분포 추정
체중,kg,남,25~29세,53,77.7,통계연보 평균(20대)+표준편차 11.5 가정 정규분포 추정
체중,kg,남,25~29세,54,78,통계연보 평균(20대)+표준편차 11.5 가정 정규분포 추정
체중,kg,남,25~29세,55,78.2,통계연보 평균(20대)+표준편차 11.5 가정 정규분포 추정
체중,kg,남,25~29세,56,78.5,통계연보 평균(20대)+표준편차 11.5 가정 정규분포 추정
체중,kg,남,25~29세,57,78.8,통계연보 평균(20대)+표준편차 11.5 가정 정규분포 추정
체중,kg,남,25~29세,58,79.1,통계연보 평균(20대)+표준편차 11.5 가정 정규분포 추정
체중,kg,남,25~29세,59,79.4,통계연보 평균(20대)+표준편차 11.5 가정 정규분포 추정
체중,kg,남,25~29세,60,79.7,통계연보 평균(20대)+표준편차 11.5 가정 정규분포 추정
체중,kg,남,25~29세,61,80,통계연보 평균(20대)+표준편차 11.5 가정 정규분포 추정
체중,kg,남,25~29세,62,80.3,통계연보 평균(20대)+표준편차 11.5 가정 정규분포 추정
체중,kg,남,25~29세,63,80.6,통계연보 평균(20대)+표준편차 11.5 가정 정규분포 추정
체중,kg,남,25~29세,64,80.9,통계연보 평균(20대)+표준편차 11.5 가정 정규분포 추정
체중,kg,남,25~29세,65,81.2,통계연보 평균(20대)+표준편차 11.5 가정 정규분포 추정
체중,kg,남,25~29세,66,81.5,통계연보 평균(20대)+표준편차 11.5 가정 정규분포 추정
체중,kg,남,25~29세,67,81.9,통계연보 평균(20대)+표준편차 11.5 가정 정규분포 추정
체중,kg,남,25~29세,68,82.2,통계연보 평균(20대)+표준편차 11.5 가정 정규분포 추정
체중,kg,남,25~29세,69,82.5,통계연보 평균(20대)+표준편차 11.5 가정 정규분포 추정
체중,kg,남,25~29세,70,82.8,통계연보 평균(20대)+표준편차 11.5 가정 정규분포 추정
체중,kg,남,25~29세,71,83.2,통계연보 평균(20대)+표준편차 11.5 가정 정규분포 추정
체중,kg,남,25~29세,72,83.5,통계연보 평균(20대)+표준편차 11.5 가정 정규분포 추정
체중,kg,남,25~29세,73,83.8,통계연보 평균(20대)+표준편차 11.5 가정 정규분포 추정
체중,kg,남,25~29세,74,84.2,통계연보 평균(20대)+표준편차 11.5 가정 정규분포 추정
체중,kg,남,25~29세,75,84.6,통계연보 평균(20대)+표준편차 11.5 가정 정규분포 추정
체중,kg,남,25~29세,76,84.9,통계연보 평균(20대)+표준편차 11.5 가정 정규분포 추정
체중,kg,남,25~29세,77,85.3,통계연보 평균(20대)+표준편차 11.5 가정 정규분포 추정
체중,kg,남,25~29세,78,85.7,통계연보 평균(20대)+표준편차 11.5 가정 정규분포 추정
체중,kg,남,25~29세,79,86.1,통계연보 평균(20대)+표준편차 11.5 가정 정규분포 추정
체중,kg,남,25~29세,80,86.5,통계연보 평균(20대)+표준편차 11.5 가정 정규분포 추정
체중,kg,남,25~29세,81,86.9,통계연보 평균(20대)+표준편차 11.5 가정 정규분포 추정
체중,kg,남,25~29세,82,87.3,통계연보 평균(20대)+표준편차 11.5 가정 정규분포 추정
체중,kg,남,25~29세,83,87.8,통계연보 평균(20대)+표준편차 11.5 가정 정규분포 추정
체중,kg,남,25~29세,84,88.2,통계연보 평균(20대)+표준편차 11.5 가정 정규분포 추정
체중,kg,남,25~29세,85,88.7,통계연보 평균(20대)+표준편차 11.5 가정 정규분포 추정
체중,kg,남,25~29세,86,89.2,통계연보 평균(20대)+표준편차 11.5 가정 정규분포 추정
체중,kg,남,25~29세,87,89.8,통계연보 평균(20대)+표준편차 11.5 가정 정규분포 추정
체중,kg,남,25~29세,88,90.3,통계연보 평균(20대)+표준편차 11.5 가정 정규분포 추정
체중,kg,남,25~29세,89,90.9,통계연보 평균(20대)+표준편차 11.5 가정 정규분포 추정
체중,kg,남,25~29세,90,91.5,통계연보 평균(20대)+표준편차 11.5 가정 정규분포 추정
체중,kg,남,25~29세,91,92.2,통계연보 평균(20대)+표준편차 11.5 가정 정규분포 추정
체중,kg,남,25~29세,92,93,통계연보 평균(20대)+표준편차 11.5 가정 정규분포 추정
체중,kg,남,25~29세,93,93.8,통계연보 평균(20대)+표준편차 11.5 가정 정규분포 추정
체중,kg,남,25~29세,94,94.7,통계연보 평균(20대)+표준편차 11.5 가정 정규분포 추정
체중,kg,남,25~29세,95,95.7,통계연보 평균(20대)+표준편차 11.5 가정 정규분포 추정
체중,kg,남,25~29세,96,96.9,통계연보 평균(20대)+표준편차 11.5 가정 정규분포 추정
체중,kg,남,25~29세,97,98.4,통계연보 평균(20대)+표준편차 11.5 가정 정규분포 추정
체중,kg,남,25~29세,98,100.4,통계연보 평균(20대)+표준편차 11.5 가정 정규분포 추정
체중,kg,남,25~29세,99,103.6,통계연보 평균(20대)+표준편차 11.5 가정 정규분포 추정
체중,kg,남,25~29세,100,106.4,통계연보 평균(20대)+표준편차 11.5 가정 정규분포 추정
체중,kg,남,30~34세,1,53,통계연보 평균(30대)+표준편차 11.5 가정 정규분포 추정
체중,kg,남,30~34세,2,56.2,통계연보 평균(30대)+표준편차 11.5 가정 정규분포 추정
체중,kg,남,30~34세,3,58.2,통계연보 평균(30대)+표준편차 11.5 가정 정규분포 추정
체중,kg,남,30~34세,4,59.7,통계연보 평균(30대)+표준편차 11.5 가정 정규분포 추정
체중,kg,남,30~34세,5,60.9,통계연보 평균(30대)+표준편차 11.5 가정 정규분포 추정
체중,kg,남,30~34세,6,61.9,통계연보 평균(30대)+표준편차 11.5 가정 정규분포 추정
체중,kg,남,30~34세,7,62.8,통계연보 평균(30대)+표준편차 11.5 가정 정규분포 추정
체중,kg,남,30~34세,8,63.6,통계연보 평균(30대)+표준편차 11.5 가정 정규분포 추정
체중,kg,남,30~34세,9,64.4,통계연보 평균(30대)+표준편차 11.5 가정 정규분포 추정
체중,kg,남,30~34세,10,65.1,통계연보 평균(30대)+표준편차 11.5 가정 정규분포 추정
체중,kg,남,30~34세,11,65.7,통계연보 평균(30대)+표준편차 11.5 가정 정규분포 추정
체중,kg,남,30~34세,12,66.3,통계연보 평균(30대)+표준편차 11.5 가정 정규분포 추정
체중,kg,남,30~34세,13,66.8,통계연보 평균(30대)+표준편차 11.5 가정 정규분포 추정
체중,kg,남,30~34세,14,67.4,통계연보 평균(30대)+표준편차 11.5 가정 정규분포 추정
체중,kg,남,30~34세,15,67.9,통계연보 평균(30대)+표준편차 11.5 가정 정규분포 추정
체중,kg,남,30~34세,16,68.4,통계연보 평균(30대)+표준편차 11.5 가정 정규분포 추정
체중,kg,남,30~34세,17,68.8,통계연보 평균(30대)+표준편차 11.5 가정 정규분포 추정
체중,kg,남,30~34세,18,69.3,통계연보 평균(30대)+표준편차 11.5 가정 정규분포 추정
체중,kg,남,30~34세,19,69.7,통계연보 평균(30대)+표준편차 11.5 가정 정규분포 추정
체중,kg,남,30~34세,20,70.1,통계연보 평균(30대)+표준편차 11.5 가정 정규분포 추정
체중,kg,남,30~34세,21,70.5,통계연보 평균(30대)+표준편차 11.5 가정 정규분포 추정
체중,kg,남,30~34세,22,70.9,통계연보 평균(30대)+표준편차 11.5 가정 정규분포 추정
체중,kg,남,30~34세,23,71.3,통계연보 평균(30대)+표준편차 11.5 가정 정규분포 추정
체중,kg,남,30~34세,24,71.7,통계연보 평균(30대)+표준편차 11.5 가정 정규분포 추정
체중,kg,남,30~34세,25,72,통계연보 평균(30대)+표준편차 11.5 가정 정규분포 추정
체중,kg,남,30~34세,26,72.4,통계연보 평균(30대)+표준편차 11.5 가정 정규분포 추정
체중,kg,남,30~34세,27,72.8,통계연보 평균(30대)+표준편차 11.5 가정 정규분포 추정
체중,kg,남,30~34세,28,73.1,통계연보 평균(30대)+표준편차 11.5 가정 정규분포 추정
체중,kg,남,30~34세,29,73.4,통계연보 평균(30대)+표준편차 11.5 가정 정규분포 추정
체중,kg,남,30~34세,30,73.8,통계연보 평균(30대)+표준편차 11.5 가정 정규분포 추정
체중,kg,남,30~34세,31,74.1,통계연보 평균(30대)+표준편차 11.5 가정 정규분포 추정
체중,kg,남,30~34세,32,74.4,통계연보 평균(30대)+표준편차 11.5 가정 정규분포 추정
체중,kg,남,30~34세,33,74.7,통계연보 평균(30대)+표준편차 11.5 가정 정규분포 추정
체중,kg,남,30~34세,34,75.1,통계연보 평균(30대)+표준편차 11.5 가정 정규분포 추정
체중,kg,남,30~34세,35,75.4,통계연보 평균(30대)+표준편차 11.5 가정 정규분포 추정
체중,kg,남,30~34세,36,75.7,통계연보 평균(30대)+표준편차 11.5 가정 정규분포 추정
체중,kg,남,30~34세,37,76,통계연보 평균(30대)+표준편차 11.5 가정 정규분포 추정
체중,kg,남,30~34세,38,76.3,통계연보 평균(30대)+표준편차 11.5 가정 정규분포 추정
체중,kg,남,30~34세,39,76.6,통계연보 평균(30대)+표준편차 11.5 가정 정규분포 추정
체중,kg,남,30~34세,40,76.9,통계연보 평균(30대)+표준편차 11.5 가정 정규분포 추정
체중,kg,남,30~34세,41,77.2,통계연보 평균(30대)+표준편차 11.5 가정 정규분포 추정
체중,kg,남,30~34세,42,77.5,통계연보 평균(30대)+표준편차 11.5 가정 정규분포 추정
체중,kg,남,30~34세,43,77.8,통계연보 평균(30대)+표준편차 11.5 가정 정규분포 추정
체중,kg,남,30~34세,44,78.1,통계연보 평균(30대)+표준편차 11.5 가정 정규분포 추정
체중,kg,남,30~34세,45,78.4,통계연보 평균(30대)+표준편차 11.5 가정 정규분포 추정
체중,kg,남,30~34세,46,78.6,통계연보 평균(30대)+표준편차 11.5 가정 정규분포 추정
체중,kg,남,30~34세,47,78.9,통계연보 평균(30대)+표준편차 11.5 가정 정규분포 추정
체중,kg,남,30~34세,48,79.2,통계연보 평균(30대)+표준편차 11.5 가정 정규분포 추정
체중,kg,남,30~34세,49,79.5,통계연보 평균(30대)+표준편차 11.5 가정 정규분포 추정
체중,kg,남,30~34세,50,79.8,통계연보 평균(30대)+표준편차 11.5 가정 정규분포 추정
체중,kg,남,30~34세,51,80.1,통계연보 평균(30대)+표준편차 11.5 가정 정규분포 추정
체중,kg,남,30~34세,52,80.4,통계연보 평균(30대)+표준편차 11.5 가정 정규분포 추정
체중,kg,남,30~34세,53,80.7,통계연보 평균(30대)+표준편차 11.5 가정 정규분포 추정
체중,kg,남,30~34세,54,81,통계연보 평균(30대)+표준편차 11.5 가정 정규분포 추정
체중,kg,남,30~34세,55,81.2,통계연보 평균(30대)+표준편차 11.5 가정 정규분포 추정
체중,kg,남,30~34세,56,81.5,통계연보 평균(30대)+표준편차 11.5 가정 정규분포 추정
체중,kg,남,30~34세,57,81.8,통계연보 평균(30대)+표준편차 11.5 가정 정규분포 추정
체중,kg,남,30~34세,58,82.1,통계연보 평균(30대)+표준편차 11.5 가정 정규분포 추정
체중,kg,남,30~34세,59,82.4,통계연보 평균(30대)+표준편차 11.5 가정 정규분포 추정
체중,kg,남,30~34세,60,82.7,통계연보 평균(30대)+표준편차 11.5 가정 정규분포 추정
체중,kg,남,30~34세,61,83,통계연보 평균(30대)+표준편차 11.5 가정 정규분포 추정
체중,kg,남,30~34세,62,83.3,통계연보 평균(30대)+표준편차 11.5 가정 정규분포 추정
체중,kg,남,30~34세,63,83.6,통계연보 평균(30대)+표준편차 11.5 가정 정규분포 추정
체중,kg,남,30~34세,64,83.9,통계연보 평균(30대)+표준편차 11.5 가정 정규분포 추정
체중,kg,남,30~34세,65,84.2,통계연보 평균(30대)+표준편차 11.5 가정 정규분포 추정
체중,kg,남,30~34세,66,84.5,통계연보 평균(30대)+표준편차 11.5 가정 정규분포 추정
체중,kg,남,30~34세,67,84.9,통계연보 평균(30대)+표준편차 11.5 가정 정규분포 추정
체중,kg,남,30~34세,68,85.2,통계연보 평균(30대)+표준편차 11.5 가정 정규분포 추정
체중,kg,남,30~34세,69,85.5,통계연보 평균(30대)+표준편차 11.5 가정 정규분포 추정
체중,kg,남,30~34세,70,85.8,통계연보 평균(30대)+표준편차 11.5 가정 정규분포 추정
체중,kg,남,30~34세,71,86.2,통계연보 평균(30대)+표준편차 11.5 가정 정규분포 추정
체중,kg,남,30~34세,72,86.5,통계연보 평균(30대)+표준편차 11.5 가정 정규분포 추정
체중,kg,남,30~34세,73,86.8,통계연보 평균(30대)+표준편차 11.5 가정 정규분포 추정
체중,kg,남,30~34세,74,87.2,통계연보 평균(30대)+표준편차 11.5 가정 정규분포 추정
체중,kg,남,30~34세,75,87.6,통계연보 평균(30대)+표준편차 11.5 가정 정규분포 추정
체중,kg,남,30~34세,76,87.9,통계연보 평균(30대)+표준편차 11.5 가정 정규분포 추정
체중,kg,남,30~34세,77,88.3,통계연보 평균(30대)+표준편차 11.5 가정 정규분포 추정
체중,kg,남,30~34세,78,88.7,통계연보 평균(30대)+표준편차 11.5 가정 정규분포 추정
체중,kg,남,30~34세,79,89.1,통계연보 평균(30대)+표준편차 11.5 가정 정규분포 추정
체중,kg,남,30~34세,80,89.5,통계연보 평균(30대)+표준편차 11.5 가정 정규분포 추정
체중,kg,남,30~34세,81,89.9,통계연보 평균(30대)+표준편차 11.5 가정 정규분포 추정
체중,kg,남,30~34세,82,90.3,통계연보 평균(30대)+표준편차 11.5 가정 정규분포 추정
체중,kg,남,30~34세,83,90.8,통계연보 평균(30대)+표준편차 11.5 가정 정규분포 추정
체중,kg,남,30~34세,84,91.2,통계연보 평균(30대)+표준편차 11.5 가정 정규분포 추정
체중,kg,남,30~34세,85,91.7,통계연보 평균(30대)+표준편차 11.5 가정 정규분포 추정
체중,kg,남,30~34세,86,92.2,통계연보 평균(30대)+표준편차 11.5 가정 정규분포 추정
체중,kg,남,30~34세,87,92.8,통계연보 평균(30대)+표준편차 11.5 가정 정규분포 추정
체중,kg,남,30~34세,88,93.3,통계연보 평균(30대)+표준편차 11.5 가정 정규분포 추정
체중,kg,남,30~34세,89,93.9,통계연보 평균(30대)+표준편차 11.5 가정 정규분포 추정
체중,kg,남,30~34세,90,94.5,통계연보 평균(30대)+표준편차 11.5 가정 정규분포 추정
체중,kg,남,30~34세,91,95.2,통계연보 평균(30대)+표준편차 11.5 가정 정규분포 추정
체중,kg,남,30~34세,92,96,통계연보 평균(30대)+표준편차 11.5 가정 정규분포 추정
체중,kg,남,30~34세,93,96.8,통계연보 평균(30대)+표준편차 11.5 가정 정규분포 추정
체중,kg,남,30~34세,94,97.7,통계연보 평균(30대)+표준편차 11.5 가정 정규분포 추정
체중,kg,남,30~34세,95,98.7,통계연보 평균(30대)+표준편차 11.5 가정 정규분포 추정
체중,kg,남,30~34세,96,99.9,통계연보 평균(30대)+표준편차 11.5 가정 정규분포 추정
체중,kg,남,30~34세,97,101.4,통계연보 평균(30대)+표준편차 11.5 가정 정규분포 추정
체중,kg,남,30~34세,98,103.4,통계연보 평균(30대)+표준편차 11.5 가정 정규분포 추정
체중,kg,남,30~34세,99,106.6,통계연보 평균(30대)+표준편차 11.5 가정 정규분포 추정
체중,kg,남,30~34세,100,109.4,통계연보 평균(30대)+표준편차 11.5 가정 정규분포 추정
체중,kg,남,35~39세,1,53,통계연보 평균(30대)+표준편차 11.5 가정 정규분포 추정
체중,kg,남,35~39세,2,56.2,통계연보 평균(30대)+표준편차 11.5 가정 정규분포 추정
체중,kg,남,35~39세,3,58.2,통계연보 평균(30대)+표준편차 11.5 가정 정규분포 추정
체중,kg,남,35~39세,4,59.7,통계연보 평균(30대)+표준편차 11.5 가정 정규분포 추정
체중,kg,남,35~39세,5,60.9,통계연보 평균(30대)+표준편차 11.5 가정 정규분포 추정
체중,kg,남,35~39세,6,61.9,통계연보 평균(30대)+표준편차 11.5 가정 정규분포 추정
체중,kg,남,35~39세,7,62.8,통계연보 평균(30대)+표준편차 11.5 가정 정규분포 추정
체중,kg,남,35~39세,8,63.6,통계연보 평균(30대)+표준편차 11.5 가정 정규분포 추정
체중,kg,남,35~39세,9,64.4,통계연보 평균(30대)+표준편차 11.5 가정 정규분포 추정
체중,kg,남,35~39세,10,65.1,통계연보 평균(30대)+표준편차 11.5 가정 정규분포 추정
체중,kg,남,35~39세,11,65.7,통계연보 평균(30대)+표준편차 11.5 가정 정규분포 추정
체중,kg,남,35~39세,12,66.3,통계연보 평균(30대)+표준편차 11.5 가정 정규분포 추정
체중,kg,남,35~39세,13,66.8,통계연보 평균(30대)+표준편차 11.5 가정 정규분포 추정
체중,kg,남,35~39세,14,67.4,통계연보 평균(30대)+표준편차 11.5 가정 정규분포 추정
체중,kg,남,35~39세,15,67.9,통계연보 평균(30대)+표준편차 11.5 가정 정규분포 추정
체중,kg,남,35~39세,16,68.4,통계연보 평균(30대)+표준편차 11.5 가정 정규분포 추정
체중,kg,남,35~39세,17,68.8,통계연보 평균(30대)+표준편차 11.5 가정 정규분포 추정
체중,kg,남,35~39세,18,69.3,통계연보 평균(30대)+표준편차 11.5 가정 정규분포 추정
체중,kg,남,35~39세,19,69.7,통계연보 평균(30대)+표준편차 11.5 가정 정규분포 추정
체중,kg,남,35~39세,20,70.1,통계연보 평균(30대)+표준편차 11.5 가정 정규분포 추정
체중,kg,남,35~39세,21,70.5,통계연보 평균(30대)+표준편차 11.5 가정 정규분포 추정
체중,kg,남,35~39세,22,70.9,통계연보 평균(30대)+표준편차 11.5 가정 정규분포 추정
체중,kg,남,35~39세,23,71.3,통계연보 평균(30대)+표준편차 11.5 가정 정규분포 추정
체중,kg,남,35~39세,24,71.7,통계연보 평균(30대)+표준편차 11.5 가정 정규분포 추정
체중,kg,남,35~39세,25,72,통계연보 평균(30대)+표준편차 11.5 가정 정규분포 추정
체중,kg,남,35~39세,26,72.4,통계연보 평균(30대)+표준편차 11.5 가정 정규분포 추정
체중,kg,남,35~39세,27,72.8,통계연보 평균(30대)+표준편차 11.5 가정 정규분포 추정
체중,kg,남,35~39세,28,73.1,통계연보 평균(30대)+표준편차 11.5 가정 정규분포 추정
체중,kg,남,35~39세,29,73.4,통계연보 평균(30대)+표준편차 11.5 가정 정규분포 추정
체중,kg,남,35~39세,30,73.8,통계연보 평균(30대)+표준편차 11.5 가정 정규분포 추정
체중,kg,남,35~39세,31,74.1,통계연보 평균(30대)+표준편차 11.5 가정 정규분포 추정
체중,kg,남,35~39세,32,74.4,통계연보 평균(30대)+표준편차 11.5 가정 정규분포 추정
체중,kg,남,35~39세,33,74.7,통계연보 평균(30대)+표준편차 11.5 가정 정규분포 추정
체중,kg,남,35~39세,34,75.1,통계연보 평균(30대)+표준편차 11.5 가정 정규분포 추정
체중,kg,남,35~39세,35,75.4,통계연보 평균(30대)+표준편차 11.5 가정 정규분포 추정
체중,kg,남,35~39세,36,75.7,통계연보 평균(30대)+표준편차 11.5 가정 정규분포 추정
체중,kg,남,35~39세,37,76,통계연보 평균(30대)+표준편차 11.5 가정 정규분포 추정
체중,kg,남,35~39세,38,76.3,통계연보 평균(30대)+표준편차 11.5 가정 정규분포 추정
체중,kg,남,35~39세,39,76.6,통계연보 평균(30대)+표준편차 11.5 가정 정규분포 추정
체중,kg,남,35~39세,40,76.9,통계연보 평균(30대)+표준편차 11.5 가정 정규분포 추정
체중,kg,남,35~39세,41,77.2,통계연보 평균(30대)+표준편차 11.5 가정 정규분포 추정
체중,kg,남,35~39세,42,77.5,통계연보 평균(30대)+표준편차 11.5 가정 정규분포 추정
체중,kg,남,35~39세,43,77.8,통계연보 평균(30대)+표준편차 11.5 가정 정규분포 추정
체중,kg,남,35~39세,44,78.1,통계연보 평균(30대)+표준편차 11.5 가정 정규분포 추정
체중,kg,남,35~39세,45,78.4,통계연보 평균(30대)+표준편차 11.5 가정 정규분포 추정
체중,kg,남,35~39세,46,78.6,통계연보 평균(30대)+표준편차 11.5 가정 정규분포 추정
체중,kg,남,35~39세,47,78.9,통계연보 평균(30대)+표준편차 11.5 가정 정규분포 추정
체중,kg,남,35~39세,48,79.2,통계연보 평균(30대)+표준편차 11.5 가정 정규분포 추정
체중,kg,남,35~39세,49,79.5,통계연보 평균(30대)+표준편차 11.5 가정 정규분포 추정
체중,kg,남,35~39세,50,79.8,통계연보 평균(30대)+표준편차 11.5 가정 정규분포 추정
체중,kg,남,35~39세,51,80.1,통계연보 평균(30대)+표준편차 11.5 가정 정규분포 추정
체중,kg,남,35~39세,52,80.4,통계연보 평균(30대)+표준편차 11.5 가정 정규분포 추정
체중,kg,남,35~39세,53,80.7,통계연보 평균(30대)+표준편차 11.5 가정 정규분포 추정
체중,kg,남,35~39세,54,81,통계연보 평균(30대)+표준편차 11.5 가정 정규분포 추정
체중,kg,남,35~39세,55,81.2,통계연보 평균(30대)+표준편차 11.5 가정 정규분포 추정
체중,kg,남,35~39세,56,81.5,통계연보 평균(30대)+표준편차 11.5 가정 정규분포 추정
체중,kg,남,35~39세,57,81.8,통계연보 평균(30대)+표준편차 11.5 가정 정규분포 추정
체중,kg,남,35~39세,58,82.1,통계연보 평균(30대)+표준편차 11.5 가정 정규분포 추정
체중,kg,남,35~39세,59,82.4,통계연보 평균(30대)+표준편차 11.5 가정 정규분포 추정
체중,kg,남,35~39세,60,82.7,통계연보 평균(30대)+표준편차 11.5 가정 정규분포 추정
체중,kg,남,35~39세,61,83,통계연보 평균(30대)+표준편차 11.5 가정 정규분포 추정
체중,kg,남,35~39세,62,83.3,통계연보 평균(30대)+표준편차 11.5 가정 정규분포 추정
체중,kg,남,35~39세,63,83.6,통계연보 평균(30대)+표준편차 11.5 가정 정규분포 추정
체중,kg,남,35~39세,64,83.9,통계연보 평균(30대)+표준편차 11.5 가정 정규분포 추정
체중,kg,남,35~39세,65,84.2,통계연보 평균(30대)+표준편차 11.5 가정 정규분포 추정
체중,kg,남,35~39세,66,84.5,통계연보 평균(30대)+표준편차 11.5 가정 정규분포 추정
체중,kg,남,35~39세,67,84.9,통계연보 평균(30대)+표준편차 11.5 가정 정규분포 추정
체중,kg,남,35~39세,68,85.2,통계연보 평균(30대)+표준편차 11.5 가정 정규분포 추정
체중,kg,남,35~39세,69,85.5,통계연보 평균(30대)+표준편차 11.5 가정 정규분포 추정
체중,kg,남,35~39세,70,85.8,통계연보 평균(30대)+표준편차 11.5 가정 정규분포 추정
체중,kg,남,35~39세,71,86.2,통계연보 평균(30대)+표준편차 11.5 가정 정규분포 추정
체중,kg,남,35~39세,72,86.5,통계연보 평균(30대)+표준편차 11.5 가정 정규분포 추정
체중,kg,남,35~39세,73,86.8,통계연보 평균(30대)+표준편차 11.5 가정 정규분포 추정
체중,kg,남,35~39세,74,87.2,통계연보 평균(30대)+표준편차 11.5 가정 정규분포 추정
체중,kg,남,35~39세,75,87.6,통계연보 평균(30대)+표준편차 11.5 가정 정규분포 추정
체중,kg,남,35~39세,76,87.9,통계연보 평균(30대)+표준편차 11.5 가정 정규분포 추정
체중,kg,남,35~39세,77,88.3,통계연보 평균(30대)+표준편차 11.5 가정 정규분포 추정
체중,kg,남,35~39세,78,88.7,통계연보 평균(30대)+표준편차 11.5 가정 정규분포 추정
체중,kg,남,35~39세,79,89.1,통계연보 평균(30대)+표준편차 11.5 가정 정규분포 추정
체중,kg,남,35~39세,80,89.5,통계연보 평균(30대)+표준편차 11.5 가정 정규분포 추정
체중,kg,남,35~39세,81,89.9,통계연보 평균(30대)+표준편차 11.5 가정 정규분포 추정
체중,kg,남,35~39세,82,90.3,통계연보 평균(30대)+표준편차 11.5 가정 정규분포 추정
체중,kg,남,35~39세,83,90.8,통계연보 평균(30대)+표준편차 11.5 가정 정규분포 추정
체중,kg,남,35~39세,84,91.2,통계연보 평균(30대)+표준편차 11.5 가정 정규분포 추정
체중,kg,남,35~39세,85,91.7,통계연보 평균(30대)+표준편차 11.5 가정 정규분포 추정
체중,kg,남,35~39세,86,92.2,통계연보 평균(30대)+표준편차 11.5 가정 정규분포 추정
체중,kg,남,35~39세,87,92.8,통계연보 평균(30대)+표준편차 11.5 가정 정규분포 추정
체중,kg,남,35~39세,88,93.3,통계연보 평균(30대)+표준편차 11.5 가정 정규분포 추정
체중,kg,남,35~39세,89,93.9,통계연보 평균(30대)+표준편차 11.5 가정 정규분포 추정
체중,kg,남,35~39세,90,94.5,통계연보 평균(30대)+표준편차 11.5 가정 정규분포 추정
체중,kg,남,35~39세,91,95.2,통계연보 평균(30대)+표준편차 11.5 가정 정규분포 추정
체중,kg,남,35~39세,92,96,통계연보 평균(30대)+표준편차 11.5 가정 정규분포 추정
체중,kg,남,35~39세,93,96.8,통계연보 평균(30대)+표준편차 11.5 가정 정규분포 추정
체중,kg,남,35~39세,94,97.7,통계연보 평균(30대)+표준편차 11.5 가정 정규분포 추정
체중,kg,남,35~39세,95,98.7,통계연보 평균(30대)+표준편차 11.5 가정 정규분포 추정
체중,kg,남,35~39세,96,99.9,통계연보 평균(30대)+표준편차 11.5 가정 정규분포 추정
체중,kg,남,35~39세,97,101.4,통계연보 평균(30대)+표준편차 11.5 가정 정규분포 추정
체중,kg,남,35~39세,98,103.4,통계연보 평균(30대)+표준편차 11.5 가정 정규분포 추정
체중,kg,남,35~39세,99,106.6,통계연보 평균(30대)+표준편차 11.5 가정 정규분포 추정
체중,kg,남,35~39세,100,109.4,통계연보 평균(30대)+표준편차 11.5 가정 정규분포 추정
체중,kg,남,40~44세,1,51.6,통계연보 평균(40대)+표준편차 11.5 가정 정규분포 추정
체중,kg,남,40~44세,2,54.8,통계연보 평균(40대)+표준편차 11.5 가정 정규분포 추정
체중,kg,남,40~44세,3,56.8,통계연보 평균(40대)+표준편차 11.5 가정 정규분포 추정
체중,kg,남,40~44세,4,58.3,통계연보 평균(40대)+표준편차 11.5 가정 정규분포 추정
체중,kg,남,40~44세,5,59.5,통계연보 평균(40대)+표준편차 11.5 가정 정규분포 추정
체중,kg,남,40~44세,6,60.5,통계연보 평균(40대)+표준편차 11.5 가정 정규분포 추정
체중,kg,남,40~44세,7,61.4,통계연보 평균(40대)+표준편차 11.5 가정 정규분포 추정
체중,kg,남,40~44세,8,62.2,통계연보 평균(40대)+표준편차 11.5 가정 정규분포 추정
체중,kg,남,40~44세,9,63,통계연보 평균(40대)+표준편차 11.5 가정 정규분포 추정
체중,kg,남,40~44세,10,63.7,통계연보 평균(40대)+표준편차 11.5 가정 정규분포 추정
체중,kg,남,40~44세,11,64.3,통계연보 평균(40대)+표준편차 11.5 가정 정규분포 추정
체중,kg,남,40~44세,12,64.9,통계연보 평균(40대)+표준편차 11.5 가정 정규분포 추정
체중,kg,남,40~44세,13,65.4,통계연보 평균(40대)+표준편차 11.5 가정 정규분포 추정
체중,kg,남,40~44세,14,66,통계연보 평균(40대)+표준편차 11.5 가정 정규분포 추정
체중,kg,남,40~44세,15,66.5,통계연보 평균(40대)+표준편차 11.5 가정 정규분포 추정
체중,kg,남,40~44세,16,67,통계연보 평균(40대)+표준편차 11.5 가정 정규분포 추정
체중,kg,남,40~44세,17,67.4,통계연보 평균(40대)+표준편차 11.5 가정 정규분포 추정
체중,kg,남,40~44세,18,67.9,통계연보 평균(40대)+표준편차 11.5 가정 정규분포 추정
체중,kg,남,40~44세,19,68.3,통계연보 평균(40대)+표준편차 11.5 가정 정규분포 추정
체중,kg,남,40~44세,20,68.7,통계연보 평균(40대)+표준편차 11.5 가정 정규분포 추정
체중,kg,남,40~44세,21,69.1,통계연보 평균(40대)+표준편차 11.5 가정 정규분포 추정
체중,kg,남,40~44세,22,69.5,통계연보 평균(40대)+표준편차 11.5 가정 정규분포 추정
체중,kg,남,40~44세,23,69.9,통계연보 평균(40대)+표준편차 11.5 가정 정규분포 추정
체중,kg,남,40~44세,24,70.3,통계연보 평균(40대)+표준편차 11.5 가정 정규분포 추정
체중,kg,남,40~44세,25,70.6,통계연보 평균(40대)+표준편차 11.5 가정 정규분포 추정
체중,kg,남,40~44세,26,71,통계연보 평균(40대)+표준편차 11.5 가정 정규분포 추정
체중,kg,남,40~44세,27,71.4,통계연보 평균(40대)+표준편차 11.5 가정 정규분포 추정
체중,kg,남,40~44세,28,71.7,통계연보 평균(40대)+표준편차 11.5 가정 정규분포 추정
체중,kg,남,40~44세,29,72,통계연보 평균(40대)+표준편차 11.5 가정 정규분포 추정
체중,kg,남,40~44세,30,72.4,통계연보 평균(40대)+표준편차 11.5 가정 정규분포 추정
체중,kg,남,40~44세,31,72.7,통계연보 평균(40대)+표준편차 11.5 가정 정규분포 추정
체중,kg,남,40~44세,32,73,통계연보 평균(40대)+표준편차 11.5 가정 정규분포 추정
체중,kg,남,40~44세,33,73.3,통계연보 평균(40대)+표준편차 11.5 가정 정규분포 추정
체중,kg,남,40~44세,34,73.7,통계연보 평균(40대)+표준편차 11.5 가정 정규분포 추정
체중,kg,남,40~44세,35,74,통계연보 평균(40대)+표준편차 11.5 가정 정규분포 추정
체중,kg,남,40~44세,36,74.3,통계연보 평균(40대)+표준편차 11.5 가정 정규분포 추정
체중,kg,남,40~44세,37,74.6,통계연보 평균(40대)+표준편차 11.5 가정 정규분포 추정
체중,kg,남,40~44세,38,74.9,통계연보 평균(40대)+표준편차 11.5 가정 정규분포 추정
체중,kg,남,40~44세,39,75.2,통계연보 평균(40대)+표준편차 11.5 가정 정규분포 추정
체중,kg,남,40~44세,40,75.5,통계연보 평균(40대)+표준편차 11.5 가정 정규분포 추정
체중,kg,남,40~44세,41,75.8,통계연보 평균(40대)+표준편차 11.5 가정 정규분포 추정
체중,kg,남,40~44세,42,76.1,통계연보 평균(40대)+표준편차 11.5 가정 정규분포 추정
체중,kg,남,40~44세,43,76.4,통계연보 평균(40대)+표준편차 11.5 가정 정규분포 추정
체중,kg,남,40~44세,44,76.7,통계연보 평균(40대)+표준편차 11.5 가정 정규분포 추정
체중,kg,남,40~44세,45,77,통계연보 평균(40대)+표준편차 11.5 가정 정규분포 추정
체중,kg,남,40~44세,46,77.2,통계연보 평균(40대)+표준편차 11.5 가정 정규분포 추정
체중,kg,남,40~44세,47,77.5,통계연보 평균(40대)+표준편차 11.5 가정 정규분포 추정
체중,kg,남,40~44세,48,77.8,통계연보 평균(40대)+표준편차 11.5 가정 정규분포 추정
체중,kg,남,40~44세,49,78.1,통계연보 평균(40대)+표준편차 11.5 가정 정규분포 추정
체중,kg,남,40~44세,50,78.4,통계연보 평균(40대)+표준편차 11.5 가정 정규분포 추정
체중,kg,남,40~44세,51,78.7,통계연보 평균(40대)+표준편차 11.5 가정 정규분포 추정
체중,kg,남,40~44세,52,79,통계연보 평균(40대)+표준편차 11.5 가정 정규분포 추정
체중,kg,남,40~44세,53,79.3,통계연보 평균(40대)+표준편차 11.5 가정 정규분포 추정
체중,kg,남,40~44세,54,79.6,통계연보 평균(40대)+표준편차 11.5 가정 정규분포 추정
체중,kg,남,40~44세,55,79.8,통계연보 평균(40대)+표준편차 11.5 가정 정규분포 추정
체중,kg,남,40~44세,56,80.1,통계연보 평균(40대)+표준편차 11.5 가정 정규분포 추정
체중,kg,남,40~44세,57,80.4,통계연보 평균(40대)+표준편차 11.5 가정 정규분포 추정
체중,kg,남,40~44세,58,80.7,통계연보 평균(40대)+표준편차 11.5 가정 정규분포 추정
체중,kg,남,40~44세,59,81,통계연보 평균(40대)+표준편차 11.5 가정 정규분포 추정
체중,kg,남,40~44세,60,81.3,통계연보 평균(40대)+표준편차 11.5 가정 정규분포 추정
체중,kg,남,40~44세,61,81.6,통계연보 평균(40대)+표준편차 11.5 가정 정규분포 추정
체중,kg,남,40~44세,62,81.9,통계연보 평균(40대)+표준편차 11.5 가정 정규분포 추정
체중,kg,남,40~44세,63,82.2,통계연보 평균(40대)+표준편차 11.5 가정 정규분포 추정
체중,kg,남,40~44세,64,82.5,통계연보 평균(40대)+표준편차 11.5 가정 정규분포 추정
체중,kg,남,40~44세,65,82.8,통계연보 평균(40대)+표준편차 11.5 가정 정규분포 추정
체중,kg,남,40~44세,66,83.1,통계연보 평균(40대)+표준편차 11.5 가정 정규분포 추정
체중,kg,남,40~44세,67,83.5,통계연보 평균(40대)+표준편차 11.5 가정 정규분포 추정
체중,kg,남,40~44세,68,83.8,통계연보 평균(40대)+표준편차 11.5 가정 정규분포 추정
체중,kg,남,40~44세,69,84.1,통계연보 평균(40대)+표준편차 11.5 가정 정규분포 추정
체중,kg,남,40~44세,70,84.4,통계연보 평균(40대)+표준편차 11.5 가정 정규분포 추정
체중,kg,남,40~44세,71,84.8,통계연보 평균(40대)+표준편차 11.5 가정 정규분포 추정
체중,kg,남,40~44세,72,85.1,통계연보 평균(40대)+표준편차 11.5 가정 정규분포 추정
체중,kg,남,40~44세,73,85.4,통계연보 평균(40대)+표준편차 11.5 가정 정규분포 추정
체중,kg,남,40~44세,74,85.8,통계연보 평균(40대)+표준편차 11.5 가정 정규분포 추정
체중,kg,남,40~44세,75,86.2,통계연보 평균(40대)+표준편차 11.5 가정 정규분포 추정
체중,kg,남,40~44세,76,86.5,통계연보 평균(40대)+표준편차 11.5 가정 정규분포 추정
체중,kg,남,40~44세,77,86.9,통계연보 평균(40대)+표준편차 11.5 가정 정규분포 추정
체중,kg,남,40~44세,78,87.3,통계연보 평균(40대)+표준편차 11.5 가정 정규분포 추정
체중,kg,남,40~44세,79,87.7,통계연보 평균(40대)+표준편차 11.5 가정 정규분포 추정
체중,kg,남,40~44세,80,88.1,통계연보 평균(40대)+표준편차 11.5 가정 정규분포 추정
체중,kg,남,40~44세,81,88.5,통계연보 평균(40대)+표준편차 11.5 가정 정규분포 추정
체중,kg,남,40~44세,82,88.9,통계연보 평균(40대)+표준편차 11.5 가정 정규분포 추정
체중,kg,남,40~44세,83,89.4,통계연보 평균(40대)+표준편차 11.5 가정 정규분포 추정
체중,kg,남,40~44세,84,89.8,통계연보 평균(40대)+표준편차 11.5 가정 정규분포 추정
체중,kg,남,40~44세,85,90.3,통계연보 평균(40대)+표준편차 11.5 가정 정규분포 추정
체중,kg,남,40~44세,86,90.8,통계연보 평균(40대)+표준편차 11.5 가정 정규분포 추정
체중,kg,남,40~44세,87,91.4,통계연보 평균(40대)+표준편차 11.5 가정 정규분포 추정
체중,kg,남,40~44세,88,91.9,통계연보 평균(40대)+표준편차 11.5 가정 정규분포 추정
체중,kg,남,40~44세,89,92.5,통계연보 평균(40대)+표준편차 11.5 가정 정규분포 추정
체중,kg,남,40~44세,90,93.1,통계연보 평균(40대)+표준편차 11.5 가정 정규분포 추정
체중,kg,남,40~44세,91,93.8,통계연보 평균(40대)+표준편차 11.5 가정 정규분포 추정
체중,kg,남,40~44세,92,94.6,통계연보 평균(40대)+표준편차 11.5 가정 정규분포 추정
체중,kg,남,40~44세,93,95.4,통계연보 평균(40대)+표준편차 11.5 가정 정규분포 추정
체중,kg,남,40~44세,94,96.3,통계연보 평균(40대)+표준편차 11.5 가정 정규분포 추정
체중,kg,남,40~44세,95,97.3,통계연보 평균(40대)+표준편차 11.5 가정 정규분포 추정
체중,kg,남,40~44세,96,98.5,통계연보 평균(40대)+표준편차 11.5 가정 정규분포 추정
체중,kg,남,40~44세,97,100,통계연보 평균(40대)+표준편차 11.5 가정 정규분포 추정
체중,kg,남,40~44세,98,102,통계연보 평균(40대)+표준편차 11.5 가정 정규분포 추정
체중,kg,남,40~44세,99,105.2,통계연보 평균(40대)+표준편차 11.5 가정 정규분포 추정
체중,kg,남,40~44세,100,108,통계연보 평균(40대)+표준편차 11.5 가정 정규분포 추정
체중,kg,남,45~49세,1,51.6,통계연보 평균(40대)+표준편차 11.5 가정 정규분포 추정
체중,kg,남,45~49세,2,54.8,통계연보 평균(40대)+표준편차 11.5 가정 정규분포 추정
체중,kg,남,45~49세,3,56.8,통계연보 평균(40대)+표준편차 11.5 가정 정규분포 추정
체중,kg,남,45~49세,4,58.3,통계연보 평균(40대)+표준편차 11.5 가정 정규분포 추정
체중,kg,남,45~49세,5,59.5,통계연보 평균(40대)+표준편차 11.5 가정 정규분포 추정
체중,kg,남,45~49세,6,60.5,통계연보 평균(40대)+표준편차 11.5 가정 정규분포 추정
체중,kg,남,45~49세,7,61.4,통계연보 평균(40대)+표준편차 11.5 가정 정규분포 추정
체중,kg,남,45~49세,8,62.2,통계연보 평균(40대)+표준편차 11.5 가정 정규분포 추정
체중,kg,남,45~49세,9,63,통계연보 평균(40대)+표준편차 11.5 가정 정규분포 추정
체중,kg,남,45~49세,10,63.7,통계연보 평균(40대)+표준편차 11.5 가정 정규분포 추정
체중,kg,남,45~49세,11,64.3,통계연보 평균(40대)+표준편차 11.5 가정 정규분포 추정
체중,kg,남,45~49세,12,64.9,통계연보 평균(40대)+표준편차 11.5 가정 정규분포 추정
체중,kg,남,45~49세,13,65.4,통계연보 평균(40대)+표준편차 11.5 가정 정규분포 추정
체중,kg,남,45~49세,14,66,통계연보 평균(40대)+표준편차 11.5 가정 정규분포 추정
체중,kg,남,45~49세,15,66.5,통계연보 평균(40대)+표준편차 11.5 가정 정규분포 추정
체중,kg,남,45~49세,16,67,통계연보 평균(40대)+표준편차 11.5 가정 정규분포 추정
체중,kg,남,45~49세,17,67.4,통계연보 평균(40대)+표준편차 11.5 가정 정규분포 추정
체중,kg,남,45~49세,18,67.9,통계연보 평균(40대)+표준편차 11.5 가정 정규분포 추정
체중,kg,남,45~49세,19,68.3,통계연보 평균(40대)+표준편차 11.5 가정 정규분포 추정
체중,kg,남,45~49세,20,68.7,통계연보 평균(40대)+표준편차 11.5 가정 정규분포 추정
체중,kg,남,45~49세,21,69.1,통계연보 평균(40대)+표준편차 11.5 가정 정규분포 추정
체중,kg,남,45~49세,22,69.5,통계연보 평균(40대)+표준편차 11.5 가정 정규분포 추정
체중,kg,남,45~49세,23,69.9,통계연보 평균(40대)+표준편차 11.5 가정 정규분포 추정
체중,kg,남,45~49세,24,70.3,통계연보 평균(40대)+표준편차 11.5 가정 정규분포 추정
체중,kg,남,45~49세,25,70.6,통계연보 평균(40대)+표준편차 11.5 가정 정규분포 추정
체중,kg,남,45~49세,26,71,통계연보 평균(40대)+표준편차 11.5 가정 정규분포 추정
체중,kg,남,45~49세,27,71.4,통계연보 평균(40대)+표준편차 11.5 가정 정규분포 추정
체중,kg,남,45~49세,28,71.7,통계연보 평균(40대)+표준편차 11.5 가정 정규분포 추정
체중,kg,남,45~49세,29,72,통계연보 평균(40대)+표준편차 11.5 가정 정규분포 추정
체중,kg,남,45~49세,30,72.4,통계연보 평균(40대)+표준편차 11.5 가정 정규분포 추정
체중,kg,남,45~49세,31,72.7,통계연보 평균(40대)+표준편차 11.5 가정 정규분포 추정
체중,kg,남,45~49세,32,73,통계연보 평균(40대)+표준편차 11.5 가정 정규분포 추정
체중,kg,남,45~49세,33,73.3,통계연보 평균(40대)+표준편차 11.5 가정 정규분포 추정
체중,kg,남,45~49세,34,73.7,통계연보 평균(40대)+표준편차 11.5 가정 정규분포 추정
체중,kg,남,45~49세,35,74,통계연보 평균(40대)+표준편차 11.5 가정 정규분포 추정
체중,kg,남,45~49세,36,74.3,통계연보 평균(40대)+표준편차 11.5 가정 정규분포 추정
체중,kg,남,45~49세,37,74.6,통계연보 평균(40대)+표준편차 11.5 가정 정규분포 추정
체중,kg,남,45~49세,38,74.9,통계연보 평균(40대)+표준편차 11.5 가정 정규분포 추정
체중,kg,남,45~49세,39,75.2,통계연보 평균(40대)+표준편차 11.5 가정 정규분포 추정
체중,kg,남,45~49세,40,75.5,통계연보 평균(40대)+표준편차 11.5 가정 정규분포 추정
체중,kg,남,45~49세,41,75.8,통계연보 평균(40대)+표준편차 11.5 가정 정규분포 추정
체중,kg,남,45~49세,42,76.1,통계연보 평균(40대)+표준편차 11.5 가정 정규분포 추정
체중,kg,남,45~49세,43,76.4,통계연보 평균(40대)+표준편차 11.5 가정 정규분포 추정
체중,kg,남,45~49세,44,76.7,통계연보 평균(40대)+표준편차 11.5 가정 정규분포 추정
체중,kg,남,45~49세,45,77,통계연보 평균(40대)+표준편차 11.5 가정 정규분포 추정
체중,kg,남,45~49세,46,77.2,통계연보 평균(40대)+표준편차 11.5 가정 정규분포 추정
체중,kg,남,45~49세,47,77.5,통계연보 평균(40대)+표준편차 11.5 가정 정규분포 추정
체중,kg,남,45~49세,48,77.8,통계연보 평균(40대)+표준편차 11.5 가정 정규분포 추정
체중,kg,남,45~49세,49,78.1,통계연보 평균(40대)+표준편차 11.5 가정 정규분포 추정
체중,kg,남,45~49세,50,78.4,통계연보 평균(40대)+표준편차 11.5 가정 정규분포 추정
체중,kg,남,45~49세,51,78.7,통계연보 평균(40대)+표준편차 11.5 가정 정규분포 추정
체중,kg,남,45~49세,52,79,통계연보 평균(40대)+표준편차 11.5 가정 정규분포 추정
체중,kg,남,45~49세,53,79.3,통계연보 평균(40대)+표준편차 11.5 가정 정규분포 추정
체중,kg,남,45~49세,54,79.6,통계연보 평균(40대)+표준편차 11.5 가정 정규분포 추정
체중,kg,남,45~49세,55,79.8,통계연보 평균(40대)+표준편차 11.5 가정 정규분포 추정
체중,kg,남,45~49세,56,80.1,통계연보 평균(40대)+표준편차 11.5 가정 정규분포 추정
체중,kg,남,45~49세,57,80.4,통계연보 평균(40대)+표준편차 11.5 가정 정규분포 추정
체중,kg,남,45~49세,58,80.7,통계연보 평균(40대)+표준편차 11.5 가정 정규분포 추정
체중,kg,남,45~49세,59,81,통계연보 평균(40대)+표준편차 11.5 가정 정규분포 추정
체중,kg,남,45~49세,60,81.3,통계연보 평균(40대)+표준편차 11.5 가정 정규분포 추정
체중,kg,남,45~49세,61,81.6,통계연보 평균(40대)+표준편차 11.5 가정 정규분포 추정
체중,kg,남,45~49세,62,81.9,통계연보 평균(40대)+표준편차 11.5 가정 정규분포 추정
체중,kg,남,45~49세,63,82.2,통계연보 평균(40대)+표준편차 11.5 가정 정규분포 추정
체중,kg,남,45~49세,64,82.5,통계연보 평균(40대)+표준편차 11.5 가정 정규분포 추정
체중,kg,남,45~49세,65,82.8,통계연보 평균(40대)+표준편차 11.5 가정 정규분포 추정
체중,kg,남,45~49세,66,83.1,통계연보 평균(40대)+표준편차 11.5 가정 정규분포 추정
체중,kg,남,45~49세,67,83.5,통계연보 평균(40대)+표준편차 11.5 가정 정규분포 추정
체중,kg,남,45~49세,68,83.8,통계연보 평균(40대)+표준편차 11.5 가정 정규분포 추정
체중,kg,남,45~49세,69,84.1,통계연보 평균(40대)+표준편차 11.5 가정 정규분포 추정
체중,kg,남,45~49세,70,84.4,통계연보 평균(40대)+표준편차 11.5 가정 정규분포 추정
체중,kg,남,45~49세,71,84.8,통계연보 평균(40대)+표준편차 11.5 가정 정규분포 추정
체중,kg,남,45~49세,72,85.1,통계연보 평균(40대)+표준편차 11.5 가정 정규분포 추정
체중,kg,남,45~49세,73,85.4,통계연보 평균(40대)+표준편차 11.5 가정 정규분포 추정
체중,kg,남,45~49세,74,85.8,통계연보 평균(40대)+표준편차 11.5 가정 정규분포 추정
체중,kg,남,45~49세,75,86.2,통계연보 평균(40대)+표준편차 11.5 가정 정규분포 추정
체중,kg,남,45~49세,76,86.5,통계연보 평균(40대)+표준편차 11.5 가정 정규분포 추정
체중,kg,남,45~49세,77,86.9,통계연보 평균(40대)+표준편차 11.5 가정 정규분포 추정
체중,kg,남,45~49세,78,87.3,통계연보 평균(40대)+표준편차 11.5 가정 정규분포 추정
체중,kg,남,45~49세,79,87.7,통계연보 평균(40대)+표준편차 11.5 가정 정규분포 추정
체중,kg,남,45~49세,80,88.1,통계연보 평균(40대)+표준편차 11.5 가정 정규분포 추정
체중,kg,남,45~49세,81,88.5,통계연보 평균(40대)+표준편차 11.5 가정 정규분포 추정
체중,kg,남,45~49세,82,88.9,통계연보 평균(40대)+표준편차 11.5 가정 정규분포 추정
체중,kg,남,45~49세,83,89.4,통계연보 평균(40대)+표준편차 11.5 가정 정규분포 추정
체중,kg,남,45~49세,84,89.8,통계연보 평균(40대)+표준편차 11.5 가정 정규분포 추정
체중,kg,남,45~49세,85,90.3,통계연보 평균(40대)+표준편차 11.5 가정 정규분포 추정
체중,kg,남,45~49세,86,90.8,통계연보 평균(40대)+표준편차 11.5 가정 정규분포 추정
체중,kg,남,45~49세,87,91.4,통계연보 평균(40대)+표준편차 11.5 가정 정규분포 추정
체중,kg,남,45~49세,88,91.9,통계연보 평균(40대)+표준편차 11.5 가정 정규분포 추정
체중,kg,남,45~49세,89,92.5,통계연보 평균(40대)+표준편차 11.5 가정 정규분포 추정
체중,kg,남,45~49세,90,93.1,통계연보 평균(40대)+표준편차 11.5 가정 정규분포 추정
체중,kg,남,45~49세,91,93.8,통계연보 평균(40대)+표준편차 11.5 가정 정규분포 추정
체중,kg,남,45~49세,92,94.6,통계연보 평균(40대)+표준편차 11.5 가정 정규분포 추정
체중,kg,남,45~49세,93,95.4,통계연보 평균(40대)+표준편차 11.5 가정 정규분포 추정
체중,kg,남,45~49세,94,96.3,통계연보 평균(40대)+표준편차 11.5 가정 정규분포 추정
체중,kg,남,45~49세,95,97.3,통계연보 평균(40대)+표준편차 11.5 가정 정규분포 추정
체중,kg,남,45~49세,96,98.5,통계연보 평균(40대)+표준편차 11.5 가정 정규분포 추정
체중,kg,남,45~49세,97,100,통계연보 평균(40대)+표준편차 11.5 가정 정규분포 추정
체중,kg,남,45~49세,98,102,통계연보 평균(40대)+표준편차 11.5 가정 정규분포 추정
체중,kg,남,45~49세,99,105.2,통계연보 평균(40대)+표준편차 11.5 가정 정규분포 추정
체중,kg,남,45~49세,100,108,통계연보 평균(40대)+표준편차 11.5 가정 정규분포 추정
체중,kg,남,50~54세,1,47.1,통계연보 평균(50대)+표준편차 11.5 가정 정규분포 추정
체중,kg,남,50~54세,2,50.3,통계연보 평균(50대)+표준편차 11.5 가정 정규분포 추정
체중,kg,남,50~54세,3,52.3,통계연보 평균(50대)+표준편차 11.5 가정 정규분포 추정
체중,kg,남,50~54세,4,53.8,통계연보 평균(50대)+표준편차 11.5 가정 정규분포 추정
체중,kg,남,50~54세,5,55,통계연보 평균(50대)+표준편차 11.5 가정 정규분포 추정
체중,kg,남,50~54세,6,56,통계연보 평균(50대)+표준편차 11.5 가정 정규분포 추정
체중,kg,남,50~54세,7,56.9,통계연보 평균(50대)+표준편차 11.5 가정 정규분포 추정
체중,kg,남,50~54세,8,57.7,통계연보 평균(50대)+표준편차 11.5 가정 정규분포 추정
체중,kg,남,50~54세,9,58.5,통계연보 평균(50대)+표준편차 11.5 가정 정규분포 추정
체중,kg,남,50~54세,10,59.2,통계연보 평균(50대)+표준편차 11.5 가정 정규분포 추정
체중,kg,남,50~54세,11,59.8,통계연보 평균(50대)+표준편차 11.5 가정 정규분포 추정
체중,kg,남,50~54세,12,60.4,통계연보 평균(50대)+표준편차 11.5 가정 정규분포 추정
체중,kg,남,50~54세,13,60.9,통계연보 평균(50대)+표준편차 11.5 가정 정규분포 추정
체중,kg,남,50~54세,14,61.5,통계연보 평균(50대)+표준편차 11.5 가정 정규분포 추정
체중,kg,남,50~54세,15,62,통계연보 평균(50대)+표준편차 11.5 가정 정규분포 추정
체중,kg,남,50~54세,16,62.5,통계연보 평균(50대)+표준편차 11.5 가정 정규분포 추정
체중,kg,남,50~54세,17,62.9,통계연보 평균(50대)+표준편차 11.5 가정 정규분포 추정
체중,kg,남,50~54세,18,63.4,통계연보 평균(50대)+표준편차 11.5 가정 정규분포 추정
체중,kg,남,50~54세,19,63.8,통계연보 평균(50대)+표준편차 11.5 가정 정규분포 추정
체중,kg,남,50~54세,20,64.2,통계연보 평균(50대)+표준편차 11.5 가정 정규분포 추정
체중,kg,남,50~54세,21,64.6,통계연보 평균(50대)+표준편차 11.5 가정 정규분포 추정
체중,kg,남,50~54세,22,65,통계연보 평균(50대)+표준편차 11.5 가정 정규분포 추정
체중,kg,남,50~54세,23,65.4,통계연보 평균(50대)+표준편차 11.5 가정 정규분포 추정
체중,kg,남,50~54세,24,65.8,통계연보 평균(50대)+표준편차 11.5 가정 정규분포 추정
체중,kg,남,50~54세,25,66.1,통계연보 평균(50대)+표준편차 11.5 가정 정규분포 추정
체중,kg,남,50~54세,26,66.5,통계연보 평균(50대)+표준편차 11.5 가정 정규분포 추정
체중,kg,남,50~54세,27,66.9,통계연보 평균(50대)+표준편차 11.5 가정 정규분포 추정
체중,kg,남,50~54세,28,67.2,통계연보 평균(50대)+표준편차 11.5 가정 정규분포 추정
체중,kg,남,50~54세,29,67.5,통계연보 평균(50대)+표준편차 11.5 가정 정규분포 추정
체중,kg,남,50~54세,30,67.9,통계연보 평균(50대)+표준편차 11.5 가정 정규분포 추정
체중,kg,남,50~54세,31,68.2,통계연보 평균(50대)+표준편차 11.5 가정 정규분포 추정
체중,kg,남,50~54세,32,68.5,통계연보 평균(50대)+표준편차 11.5 가정 정규분포 추정
체중,kg,남,50~54세,33,68.8,통계연보 평균(50대)+표준편차 11.5 가정 정규분포 추정
체중,kg,남,50~54세,34,69.2,통계연보 평균(50대)+표준편차 11.5 가정 정규분포 추정
체중,kg,남,50~54세,35,69.5,통계연보 평균(50대)+표준편차 11.5 가정 정규분포 추정
체중,kg,남,50~54세,36,69.8,통계연보 평균(50대)+표준편차 11.5 가정 정규분포 추정
체중,kg,남,50~54세,37,70.1,통계연보 평균(50대)+표준편차 11.5 가정 정규분포 추정
체중,kg,남,50~54세,38,70.4,통계연보 평균(50대)+표준편차 11.5 가정 정규분포 추정
체중,kg,남,50~54세,39,70.7,통계연보 평균(50대)+표준편차 11.5 가정 정규분포 추정
체중,kg,남,50~54세,40,71,통계연보 평균(50대)+표준편차 11.5 가정 정규분포 추정
체중,kg,남,50~54세,41,71.3,통계연보 평균(50대)+표준편차 11.5 가정 정규분포 추정
체중,kg,남,50~54세,42,71.6,통계연보 평균(50대)+표준편차 11.5 가정 정규분포 추정
체중,kg,남,50~54세,43,71.9,통계연보 평균(50대)+표준편차 11.5 가정 정규분포 추정
체중,kg,남,50~54세,44,72.2,통계연보 평균(50대)+표준편차 11.5 가정 정규분포 추정
체중,kg,남,50~54세,45,72.5,통계연보 평균(50대)+표준편차 11.5 가정 정규분포 추정
체중,kg,남,50~54세,46,72.7,통계연보 평균(50대)+표준편차 11.5 가정 정규분포 추정
체중,kg,남,50~54세,47,73,통계연보 평균(50대)+표준편차 11.5 가정 정규분포 추정
체중,kg,남,50~54세,48,73.3,통계연보 평균(50대)+표준편차 11.5 가정 정규분포 추정
체중,kg,남,50~54세,49,73.6,통계연보 평균(50대)+표준편차 11.5 가정 정규분포 추정
체중,kg,남,50~54세,50,73.9,통계연보 평균(50대)+표준편차 11.5 가정 정규분포 추정
체중,kg,남,50~54세,51,74.2,통계연보 평균(50대)+표준편차 11.5 가정 정규분포 추정
체중,kg,남,50~54세,52,74.5,통계연보 평균(50대)+표준편차 11.5 가정 정규분포 추정
체중,kg,남,50~54세,53,74.8,통계연보 평균(50대)+표준편차 11.5 가정 정규분포 추정
체중,kg,남,50~54세,54,75.1,통계연보 평균(50대)+표준편차 11.5 가정 정규분포 추정
체중,kg,남,50~54세,55,75.3,통계연보 평균(50대)+표준편차 11.5 가정 정규분포 추정
체중,kg,남,50~54세,56,75.6,통계연보 평균(50대)+표준편차 11.5 가정 정규분포 추정
체중,kg,남,50~54세,57,75.9,통계연보 평균(50대)+표준편차 11.5 가정 정규분포 추정
체중,kg,남,50~54세,58,76.2,통계연보 평균(50대)+표준편차 11.5 가정 정규분포 추정
체중,kg,남,50~54세,59,76.5,통계연보 평균(50대)+표준편차 11.5 가정 정규분포 추정
체중,kg,남,50~54세,60,76.8,통계연보 평균(50대)+표준편차 11.5 가정 정규분포 추정
체중,kg,남,50~54세,61,77.1,통계연보 평균(50대)+표준편차 11.5 가정 정규분포 추정
체중,kg,남,50~54세,62,77.4,통계연보 평균(50대)+표준편차 11.5 가정 정규분포 추정
체중,kg,남,50~54세,63,77.7,통계연보 평균(50대)+표준편차 11.5 가정 정규분포 추정
체중,kg,남,50~54세,64,78,통계연보 평균(50대)+표준편차 11.5 가정 정규분포 추정
체중,kg,남,50~54세,65,78.3,통계연보 평균(50대)+표준편차 11.5 가정 정규분포 추정
체중,kg,남,50~54세,66,78.6,통계연보 평균(50대)+표준편차 11.5 가정 정규분포 추정
체중,kg,남,50~54세,67,79,통계연보 평균(50대)+표준편차 11.5 가정 정규분포 추정
체중,kg,남,50~54세,68,79.3,통계연보 평균(50대)+표준편차 11.5 가정 정규분포 추정
체중,kg,남,50~54세,69,79.6,통계연보 평균(50대)+표준편차 11.5 가정 정규분포 추정
체중,kg,남,50~54세,70,79.9,통계연보 평균(50대)+표준편차 11.5 가정 정규분포 추정
체중,kg,남,50~54세,71,80.3,통계연보 평균(50대)+표준편차 11.5 가정 정규분포 추정
체중,kg,남,50~54세,72,80.6,통계연보 평균(50대)+표준편차 11.5 가정 정규분포 추정
체중,kg,남,50~54세,73,80.9,통계연보 평균(50대)+표준편차 11.5 가정 정규분포 추정
체중,kg,남,50~54세,74,81.3,통계연보 평균(50대)+표준편차 11.5 가정 정규분포 추정
체중,kg,남,50~54세,75,81.7,통계연보 평균(50대)+표준편차 11.5 가정 정규분포 추정
체중,kg,남,50~54세,76,82,통계연보 평균(50대)+표준편차 11.5 가정 정규분포 추정
체중,kg,남,50~54세,77,82.4,통계연보 평균(50대)+표준편차 11.5 가정 정규분포 추정
체중,kg,남,50~54세,78,82.8,통계연보 평균(50대)+표준편차 11.5 가정 정규분포 추정
체중,kg,남,50~54세,79,83.2,통계연보 평균(50대)+표준편차 11.5 가정 정규분포 추정
체중,kg,남,50~54세,80,83.6,통계연보 평균(50대)+표준편차 11.5 가정 정규분포 추정
체중,kg,남,50~54세,81,84,통계연보 평균(50대)+표준편차 11.5 가정 정규분포 추정
체중,kg,남,50~54세,82,84.4,통계연보 평균(50대)+표준편차 11.5 가정 정규분포 추정
체중,kg,남,50~54세,83,84.9,통계연보 평균(50대)+표준편차 11.5 가정 정규분포 추정
체중,kg,남,50~54세,84,85.3,통계연보 평균(50대)+표준편차 11.5 가정 정규분포 추정
체중,kg,남,50~54세,85,85.8,통계연보 평균(50대)+표준편차 11.5 가정 정규분포 추정
체중,kg,남,50~54세,86,86.3,통계연보 평균(50대)+표준편차 11.5 가정 정규분포 추정
체중,kg,남,50~54세,87,86.9,통계연보 평균(50대)+표준편차 11.5 가정 정규분포 추정
체중,kg,남,50~54세,88,87.4,통계연보 평균(50대)+표준편차 11.5 가정 정규분포 추정
체중,kg,남,50~54세,89,88,통계연보 평균(50대)+표준편차 11.5 가정 정규분포 추정
체중,kg,남,50~54세,90,88.6,통계연보 평균(50대)+표준편차 11.5 가정 정규분포 추정
체중,kg,남,50~54세,91,89.3,통계연보 평균(50대)+표준편차 11.5 가정 정규분포 추정
체중,kg,남,50~54세,92,90.1,통계연보 평균(50대)+표준편차 11.5 가정 정규분포 추정
체중,kg,남,50~54세,93,90.9,통계연보 평균(50대)+표준편차 11.5 가정 정규분포 추정
체중,kg,남,50~54세,94,91.8,통계연보 평균(50대)+표준편차 11.5 가정 정규분포 추정
체중,kg,남,50~54세,95,92.8,통계연보 평균(50대)+표준편차 11.5 가정 정규분포 추정
체중,kg,남,50~54세,96,94,통계연보 평균(50대)+표준편차 11.5 가정 정규분포 추정
체중,kg,남,50~54세,97,95.5,통계연보 평균(50대)+표준편차 11.5 가정 정규분포 추정
체중,kg,남,50~54세,98,97.5,통계연보 평균(50대)+표준편차 11.5 가정 정규분포 추정
체중,kg,남,50~54세,99,100.7,통계연보 평균(50대)+표준편차 11.5 가정 정규분포 추정
체중,kg,남,50~54세,100,103.5,통계연보 평균(50대)+표준편차 11.5 가정 정규분포 추정
체중,kg,남,55~59세,1,47.1,통계연보 평균(50대)+표준편차 11.5 가정 정규분포 추정
체중,kg,남,55~59세,2,50.3,통계연보 평균(50대)+표준편차 11.5 가정 정규분포 추정
체중,kg,남,55~59세,3,52.3,통계연보 평균(50대)+표준편차 11.5 가정 정규분포 추정
체중,kg,남,55~59세,4,53.8,통계연보 평균(50대)+표준편차 11.5 가정 정규분포 추정
체중,kg,남,55~59세,5,55,통계연보 평균(50대)+표준편차 11.5 가정 정규분포 추정
체중,kg,남,55~59세,6,56,통계연보 평균(50대)+표준편차 11.5 가정 정규분포 추정
체중,kg,남,55~59세,7,56.9,통계연보 평균(50대)+표준편차 11.5 가정 정규분포 추정
체중,kg,남,55~59세,8,57.7,통계연보 평균(50대)+표준편차 11.5 가정 정규분포 추정
체중,kg,남,55~59세,9,58.5,통계연보 평균(50대)+표준편차 11.5 가정 정규분포 추정
체중,kg,남,55~59세,10,59.2,통계연보 평균(50대)+표준편차 11.5 가정 정규분포 추정
체중,kg,남,55~59세,11,59.8,통계연보 평균(50대)+표준편차 11.5 가정 정규분포 추정
체중,kg,남,55~59세,12,60.4,통계연보 평균(50대)+표준편차 11.5 가정 정규분포 추정
체중,kg,남,55~59세,13,60.9,통계연보 평균(50대)+표준편차 11.5 가정 정규분포 추정
체중,kg,남,55~59세,14,61.5,통계연보 평균(50대)+표준편차 11.5 가정 정규분포 추정
체중,kg,남,55~59세,15,62,통계연보 평균(50대)+표준편차 11.5 가정 정규분포 추정
체중,kg,남,55~59세,16,62.5,통계연보 평균(50대)+표준편차 11.5 가정 정규분포 추정
체중,kg,남,55~59세,17,62.9,통계연보 평균(50대)+표준편차 11.5 가정 정규분포 추정
체중,kg,남,55~59세,18,63.4,통계연보 평균(50대)+표준편차 11.5 가정 정규분포 추정
체중,kg,남,55~59세,19,63.8,통계연보 평균(50대)+표준편차 11.5 가정 정규분포 추정
체중,kg,남,55~59세,20,64.2,통계연보 평균(50대)+표준편차 11.5 가정 정규분포 추정
체중,kg,남,55~59세,21,64.6,통계연보 평균(50대)+표준편차 11.5 가정 정규분포 추정
체중,kg,남,55~59세,22,65,통계연보 평균(50대)+표준편차 11.5 가정 정규분포 추정
체중,kg,남,55~59세,23,65.4,통계연보 평균(50대)+표준편차 11.5 가정 정규분포 추정
체중,kg,남,55~59세,24,65.8,통계연보 평균(50대)+표준편차 11.5 가정 정규분포 추정
체중,kg,남,55~59세,25,66.1,통계연보 평균(50대)+표준편차 11.5 가정 정규분포 추정
체중,kg,남,55~59세,26,66.5,통계연보 평균(50대)+표준편차 11.5 가정 정규분포 추정
체중,kg,남,55~59세,27,66.9,통계연보 평균(50대)+표준편차 11.5 가정 정규분포 추정
체중,kg,남,55~59세,28,67.2,통계연보 평균(50대)+표준편차 11.5 가정 정규분포 추정
체중,kg,남,55~59세,29,67.5,통계연보 평균(50대)+표준편차 11.5 가정 정규분포 추정
체중,kg,남,55~59세,30,67.9,통계연보 평균(50대)+표준편차 11.5 가정 정규분포 추정
체중,kg,남,55~59세,31,68.2,통계연보 평균(50대)+표준편차 11.5 가정 정규분포 추정
체중,kg,남,55~59세,32,68.5,통계연보 평균(50대)+표준편차 11.5 가정 정규분포 추정
체중,kg,남,55~59세,33,68.8,통계연보 평균(50대)+표준편차 11.5 가정 정규분포 추정
체중,kg,남,55~59세,34,69.2,통계연보 평균(50대)+표준편차 11.5 가정 정규분포 추정
체중,kg,남,55~59세,35,69.5,통계연보 평균(50대)+표준편차 11.5 가정 정규분포 추정
체중,kg,남,55~59세,36,69.8,통계연보 평균(50대)+표준편차 11.5 가정 정규분포 추정
체중,kg,남,55~59세,37,70.1,통계연보 평균(50대)+표준편차 11.5 가정 정규분포 추정
체중,kg,남,55~59세,38,70.4,통계연보 평균(50대)+표준편차 11.5 가정 정규분포 추정
체중,kg,남,55~59세,39,70.7,통계연보 평균(50대)+표준편차 11.5 가정 정규분포 추정
체중,kg,남,55~59세,40,71,통계연보 평균(50대)+표준편차 11.5 가정 정규분포 추정
체중,kg,남,55~59세,41,71.3,통계연보 평균(50대)+표준편차 11.5 가정 정규분포 추정
체중,kg,남,55~59세,42,71.6,통계연보 평균(50대)+표준편차 11.5 가정 정규분포 추정
체중,kg,남,55~59세,43,71.9,통계연보 평균(50대)+표준편차 11.5 가정 정규분포 추정
체중,kg,남,55~59세,44,72.2,통계연보 평균(50대)+표준편차 11.5 가정 정규분포 추정
체중,kg,남,55~59세,45,72.5,통계연보 평균(50대)+표준편차 11.5 가정 정규분포 추정
체중,kg,남,55~59세,46,72.7,통계연보 평균(50대)+표준편차 11.5 가정 정규분포 추정
체중,kg,남,55~59세,47,73,통계연보 평균(50대)+표준편차 11.5 가정 정규분포 추정
체중,kg,남,55~59세,48,73.3,통계연보 평균(50대)+표준편차 11.5 가정 정규분포 추정
체중,kg,남,55~59세,49,73.6,통계연보 평균(50대)+표준편차 11.5 가정 정규분포 추정
체중,kg,남,55~59세,50,73.9,통계연보 평균(50대)+표준편차 11.5 가정 정규분포 추정
체중,kg,남,55~59세,51,74.2,통계연보 평균(50대)+표준편차 11.5 가정 정규분포 추정
체중,kg,남,55~59세,52,74.5,통계연보 평균(50대)+표준편차 11.5 가정 정규분포 추정
체중,kg,남,55~59세,53,74.8,통계연보 평균(50대)+표준편차 11.5 가정 정규분포 추정
체중,kg,남,55~59세,54,75.1,통계연보 평균(50대)+표준편차 11.5 가정 정규분포 추정
체중,kg,남,55~59세,55,75.3,통계연보 평균(50대)+표준편차 11.5 가정 정규분포 추정
체중,kg,남,55~59세,56,75.6,통계연보 평균(50대)+표준편차 11.5 가정 정규분포 추정
체중,kg,남,55~59세,57,75.9,통계연보 평균(50대)+표준편차 11.5 가정 정규분포 추정
체중,kg,남,55~59세,58,76.2,통계연보 평균(50대)+표준편차 11.5 가정 정규분포 추정
체중,kg,남,55~59세,59,76.5,통계연보 평균(50대)+표준편차 11.5 가정 정규분포 추정
체중,kg,남,55~59세,60,76.8,통계연보 평균(50대)+표준편차 11.5 가정 정규분포 추정
체중,kg,남,55~59세,61,77.1,통계연보 평균(50대)+표준편차 11.5 가정 정규분포 추정
체중,kg,남,55~59세,62,77.4,통계연보 평균(50대)+표준편차 11.5 가정 정규분포 추정
체중,kg,남,55~59세,63,77.7,통계연보 평균(50대)+표준편차 11.5 가정 정규분포 추정
체중,kg,남,55~59세,64,78,통계연보 평균(50대)+표준편차 11.5 가정 정규분포 추정
체중,kg,남,55~59세,65,78.3,통계연보 평균(50대)+표준편차 11.5 가정 정규분포 추정
체중,kg,남,55~59세,66,78.6,통계연보 평균(50대)+표준편차 11.5 가정 정규분포 추정
체중,kg,남,55~59세,67,79,통계연보 평균(50대)+표준편차 11.5 가정 정규분포 추정
체중,kg,남,55~59세,68,79.3,통계연보 평균(50대)+표준편차 11.5 가정 정규분포 추정
체중,kg,남,55~59세,69,79.6,통계연보 평균(50대)+표준편차 11.5 가정 정규분포 추정
체중,kg,남,55~59세,70,79.9,통계연보 평균(50대)+표준편차 11.5 가정 정규분포 추정
체중,kg,남,55~59세,71,80.3,통계연보 평균(50대)+표준편차 11.5 가정 정규분포 추정
체중,kg,남,55~59세,72,80.6,통계연보 평균(50대)+표준편차 11.5 가정 정규분포 추정
체중,kg,남,55~59세,73,80.9,통계연보 평균(50대)+표준편차 11.5 가정 정규분포 추정
체중,kg,남,55~59세,74,81.3,통계연보 평균(50대)+표준편차 11.5 가정 정규분포 추정
체중,kg,남,55~59세,75,81.7,통계연보 평균(50대)+표준편차 11.5 가정 정규분포 추정
체중,kg,남,55~59세,76,82,통계연보 평균(50대)+표준편차 11.5 가정 정규분포 추정
체중,kg,남,55~59세,77,82.4,통계연보 평균(50대)+표준편차 11.5 가정 정규분포 추정
체중,kg,남,55~59세,78,82.8,통계연보 평균(50대)+표준편차 11.5 가정 정규분포 추정
체중,kg,남,55~59세,79,83.2,통계연보 평균(50대)+표준편차 11.5 가정 정규분포 추정
체중,kg,남,55~59세,80,83.6,통계연보 평균(50대)+표준편차 11.5 가정 정규분포 추정
체중,kg,남,55~59세,81,84,통계연보 평균(50대)+표준편차 11.5 가정 정규분포 추정
체중,kg,남,55~59세,82,84.4,통계연보 평균(50대)+표준편차 11.5 가정 정규분포 추정
체중,kg,남,55~59세,83,84.9,통계연보 평균(50대)+표준편차 11.5 가정 정규분포 추정
체중,kg,남,55~59세,84,85.3,통계연보 평균(50대)+표준편차 11.5 가정 정규분포 추정
체중,kg,남,55~59세,85,85.8,통계연보 평균(50대)+표준편차 11.5 가정 정규분포 추정
체중,kg,남,55~59세,86,86.3,통계연보 평균(50대)+표준편차 11.5 가정 정규분포 추정
체중,kg,남,55~59세,87,86.9,통계연보 평균(50대)+표준편차 11.5 가정 정규분포 추정
체중,kg,남,55~59세,88,87.4,통계연보 평균(50대)+표준편차 11.5 가정 정규분포 추정
체중,kg,남,55~59세,89,88,통계연보 평균(50대)+표준편차 11.5 가정 정규분포 추정
체중,kg,남,55~59세,90,88.6,통계연보 평균(50대)+표준편차 11.5 가정 정규분포 추정
체중,kg,남,55~59세,91,89.3,통계연보 평균(50대)+표준편차 11.5 가정 정규분포 추정
체중,kg,남,55~59세,92,90.1,통계연보 평균(50대)+표준편차 11.5 가정 정규분포 추정
체중,kg,남,55~59세,93,90.9,통계연보 평균(50대)+표준편차 11.5 가정 정규분포 추정
체중,kg,남,55~59세,94,91.8,통계연보 평균(50대)+표준편차 11.5 가정 정규분포 추정
체중,kg,남,55~59세,95,92.8,통계연보 평균(50대)+표준편차 11.5 가정 정규분포 추정
체중,kg,남,55~59세,96,94,통계연보 평균(50대)+표준편차 11.5 가정 정규분포 추정
체중,kg,남,55~59세,97,95.5,통계연보 평균(50대)+표준편차 11.5 가정 정규분포 추정
체중,kg,남,55~59세,98,97.5,통계연보 평균(50대)+표준편차 11.5 가정 정규분포 추정
체중,kg,남,55~59세,99,100.7,통계연보 평균(50대)+표준편차 11.5 가정 정규분포 추정
체중,kg,남,55~59세,100,103.5,통계연보 평균(50대)+표준편차 11.5 가정 정규분포 추정
체중,kg,남,60~64세,1,43,통계연보 평균(60대)+표준편차 11.5 가정 정규분포 추정
체중,kg,남,60~64세,2,46.2,통계연보 평균(60대)+표준편차 11.5 가정 정규분포 추정
체중,kg,남,60~64세,3,48.2,통계연보 평균(60대)+표준편차 11.5 가정 정규분포 추정
체중,kg,남,60~64세,4,49.7,통계연보 평균(60대)+표준편차 11.5 가정 정규분포 추정
체중,kg,남,60~64세,5,50.9,통계연보 평균(60대)+표준편차 11.5 가정 정규분포 추정
체중,kg,남,60~64세,6,51.9,통계연보 평균(60대)+표준편차 11.5 가정 정규분포 추정
체중,kg,남,60~64세,7,52.8,통계연보 평균(60대)+표준편차 11.5 가정 정규분포 추정
체중,kg,남,60~64세,8,53.6,통계연보 평균(60대)+표준편차 11.5 가정 정규분포 추정
체중,kg,남,60~64세,9,54.4,통계연보 평균(60대)+표준편차 11.5 가정 정규분포 추정
체중,kg,남,60~64세,10,55.1,통계연보 평균(60대)+표준편차 11.5 가정 정규분포 추정
체중,kg,남,60~64세,11,55.7,통계연보 평균(60대)+표준편차 11.5 가정 정규분포 추정
체중,kg,남,60~64세,12,56.3,통계연보 평균(60대)+표준편차 11.5 가정 정규분포 추정
체중,kg,남,60~64세,13,56.8,통계연보 평균(60대)+표준편차 11.5 가정 정규분포 추정
체중,kg,남,60~64세,14,57.4,통계연보 평균(60대)+표준편차 11.5 가정 정규분포 추정
체중,kg,남,60~64세,15,57.9,통계연보 평균(60대)+표준편차 11.5 가정 정규분포 추정
체중,kg,남,60~64세,16,58.4,통계연보 평균(60대)+표준편차 11.5 가정 정규분포 추정
체중,kg,남,60~64세,17,58.8,통계연보 평균(60대)+표준편차 11.5 가정 정규분포 추정
체중,kg,남,60~64세,18,59.3,통계연보 평균(60대)+표준편차 11.5 가정 정규분포 추정
체중,kg,남,60~64세,19,59.7,통계연보 평균(60대)+표준편차 11.5 가정 정규분포 추정
체중,kg,남,60~64세,20,60.1,통계연보 평균(60대)+표준편차 11.5 가정 정규분포 추정
체중,kg,남,60~64세,21,60.5,통계연보 평균(60대)+표준편차 11.5 가정 정규분포 추정
체중,kg,남,60~64세,22,60.9,통계연보 평균(60대)+표준편차 11.5 가정 정규분포 추정
체중,kg,남,60~64세,23,61.3,통계연보 평균(60대)+표준편차 11.5 가정 정규분포 추정
체중,kg,남,60~64세,24,61.7,통계연보 평균(60대)+표준편차 11.5 가정 정규분포 추정
체중,kg,남,60~64세,25,62,통계연보 평균(60대)+표준편차 11.5 가정 정규분포 추정
체중,kg,남,60~64세,26,62.4,통계연보 평균(60대)+표준편차 11.5 가정 정규분포 추정
체중,kg,남,60~64세,27,62.8,통계연보 평균(60대)+표준편차 11.5 가정 정규분포 추정
체중,kg,남,60~64세,28,63.1,통계연보 평균(60대)+표준편차 11.5 가정 정규분포 추정
체중,kg,남,60~64세,29,63.4,통계연보 평균(60대)+표준편차 11.5 가정 정규분포 추정
체중,kg,남,60~64세,30,63.8,통계연보 평균(60대)+표준편차 11.5 가정 정규분포 추정
체중,kg,남,60~64세,31,64.1,통계연보 평균(60대)+표준편차 11.5 가정 정규분포 추정
체중,kg,남,60~64세,32,64.4,통계연보 평균(60대)+표준편차 11.5 가정 정규분포 추정
체중,kg,남,60~64세,33,64.7,통계연보 평균(60대)+표준편차 11.5 가정 정규분포 추정
체중,kg,남,60~64세,34,65.1,통계연보 평균(60대)+표준편차 11.5 가정 정규분포 추정
체중,kg,남,60~64세,35,65.4,통계연보 평균(60대)+표준편차 11.5 가정 정규분포 추정
체중,kg,남,60~64세,36,65.7,통계연보 평균(60대)+표준편차 11.5 가정 정규분포 추정
체중,kg,남,60~64세,37,66,통계연보 평균(60대)+표준편차 11.5 가정 정규분포 추정
체중,kg,남,60~64세,38,66.3,통계연보 평균(60대)+표준편차 11.5 가정 정규분포 추정
체중,kg,남,60~64세,39,66.6,통계연보 평균(60대)+표준편차 11.5 가정 정규분포 추정
체중,kg,남,60~64세,40,66.9,통계연보 평균(60대)+표준편차 11.5 가정 정규분포 추정
체중,kg,남,60~64세,41,67.2,통계연보 평균(60대)+표준편차 11.5 가정 정규분포 추정
체중,kg,남,60~64세,42,67.5,통계연보 평균(60대)+표준편차 11.5 가정 정규분포 추정
체중,kg,남,60~64세,43,67.8,통계연보 평균(60대)+표준편차 11.5 가정 정규분포 추정
체중,kg,남,60~64세,44,68.1,통계연보 평균(60대)+표준편차 11.5 가정 정규분포 추정
체중,kg,남,60~64세,45,68.4,통계연보 평균(60대)+표준편차 11.5 가정 정규분포 추정
체중,kg,남,60~64세,46,68.6,통계연보 평균(60대)+표준편차 11.5 가정 정규분포 추정
체중,kg,남,60~64세,47,68.9,통계연보 평균(60대)+표준편차 11.5 가정 정규분포 추정
체중,kg,남,60~64세,48,69.2,통계연보 평균(60대)+표준편차 11.5 가정 정규분포 추정
체중,kg,남,60~64세,49,69.5,통계연보 평균(60대)+표준편차 11.5 가정 정규분포 추정
체중,kg,남,60~64세,50,69.8,통계연보 평균(60대)+표준편차 11.5 가정 정규분포 추정
체중,kg,남,60~64세,51,70.1,통계연보 평균(60대)+표준편차 11.5 가정 정규분포 추정
체중,kg,남,60~64세,52,70.4,통계연보 평균(60대)+표준편차 11.5 가정 정규분포 추정
체중,kg,남,60~64세,53,70.7,통계연보 평균(60대)+표준편차 11.5 가정 정규분포 추정
체중,kg,남,60~64세,54,71,통계연보 평균(60대)+표준편차 11.5 가정 정규분포 추정
체중,kg,남,60~64세,55,71.2,통계연보 평균(60대)+표준편차 11.5 가정 정규분포 추정
체중,kg,남,60~64세,56,71.5,통계연보 평균(60대)+표준편차 11.5 가정 정규분포 추정
체중,kg,남,60~64세,57,71.8,통계연보 평균(60대)+표준편차 11.5 가정 정규분포 추정
체중,kg,남,60~64세,58,72.1,통계연보 평균(60대)+표준편차 11.5 가정 정규분포 추정
체중,kg,남,60~64세,59,72.4,통계연보 평균(60대)+표준편차 11.5 가정 정규분포 추정
체중,kg,남,60~64세,60,72.7,통계연보 평균(60대)+표준편차 11.5 가정 정규분포 추정
체중,kg,남,60~64세,61,73,통계연보 평균(60대)+표준편차 11.5 가정 정규분포 추정
체중,kg,남,60~64세,62,73.3,통계연보 평균(60대)+표준편차 11.5 가정 정규분포 추정
체중,kg,남,60~64세,63,73.6,통계연보 평균(60대)+표준편차 11.5 가정 정규분포 추정
체중,kg,남,60~64세,64,73.9,통계연보 평균(60대)+표준편차 11.5 가정 정규분포 추정
체중,kg,남,60~64세,65,74.2,통계연보 평균(60대)+표준편차 11.5 가정 정규분포 추정
체중,kg,남,60~64세,66,74.5,통계연보 평균(60대)+표준편차 11.5 가정 정규분포 추정
체중,kg,남,60~64세,67,74.9,통계연보 평균(60대)+표준편차 11.5 가정 정규분포 추정
체중,kg,남,60~64세,68,75.2,통계연보 평균(60대)+표준편차 11.5 가정 정규분포 추정
체중,kg,남,60~64세,69,75.5,통계연보 평균(60대)+표준편차 11.5 가정 정규분포 추정
체중,kg,남,60~64세,70,75.8,통계연보 평균(60대)+표준편차 11.5 가정 정규분포 추정
체중,kg,남,60~64세,71,76.2,통계연보 평균(60대)+표준편차 11.5 가정 정규분포 추정
체중,kg,남,60~64세,72,76.5,통계연보 평균(60대)+표준편차 11.5 가정 정규분포 추정
체중,kg,남,60~64세,73,76.8,통계연보 평균(60대)+표준편차 11.5 가정 정규분포 추정
체중,kg,남,60~64세,74,77.2,통계연보 평균(60대)+표준편차 11.5 가정 정규분포 추정
체중,kg,남,60~64세,75,77.6,통계연보 평균(60대)+표준편차 11.5 가정 정규분포 추정
체중,kg,남,60~64세,76,77.9,통계연보 평균(60대)+표준편차 11.5 가정 정규분포 추정
체중,kg,남,60~64세,77,78.3,통계연보 평균(60대)+표준편차 11.5 가정 정규분포 추정
체중,kg,남,60~64세,78,78.7,통계연보 평균(60대)+표준편차 11.5 가정 정규분포 추정
체중,kg,남,60~64세,79,79.1,통계연보 평균(60대)+표준편차 11.5 가정 정규분포 추정
체중,kg,남,60~64세,80,79.5,통계연보 평균(60대)+표준편차 11.5 가정 정규분포 추정
체중,kg,남,60~64세,81,79.9,통계연보 평균(60대)+표준편차 11.5 가정 정규분포 추정
체중,kg,남,60~64세,82,80.3,통계연보 평균(60대)+표준편차 11.5 가정 정규분포 추정
체중,kg,남,60~64세,83,80.8,통계연보 평균(60대)+표준편차 11.5 가정 정규분포 추정
체중,kg,남,60~64세,84,81.2,통계연보 평균(60대)+표준편차 11.5 가정 정규분포 추정
체중,kg,남,60~64세,85,81.7,통계연보 평균(60대)+표준편차 11.5 가정 정규분포 추정
체중,kg,남,60~64세,86,82.2,통계연보 평균(60대)+표준편차 11.5 가정 정규분포 추정
체중,kg,남,60~64세,87,82.8,통계연보 평균(60대)+표준편차 11.5 가정 정규분포 추정
체중,kg,남,60~64세,88,83.3,통계연보 평균(60대)+표준편차 11.5 가정 정규분포 추정
체중,kg,남,60~64세,89,83.9,통계연보 평균(60대)+표준편차 11.5 가정 정규분포 추정
체중,kg,남,60~64세,90,84.5,통계연보 평균(60대)+표준편차 11.5 가정 정규분포 추정
체중,kg,남,60~64세,91,85.2,통계연보 평균(60대)+표준편차 11.5 가정 정규분포 추정
체중,kg,남,60~64세,92,86,통계연보 평균(60대)+표준편차 11.5 가정 정규분포 추정
체중,kg,남,60~64세,93,86.8,통계연보 평균(60대)+표준편차 11.5 가정 정규분포 추정
체중,kg,남,60~64세,94,87.7,통계연보 평균(60대)+표준편차 11.5 가정 정규분포 추정
체중,kg,남,60~64세,95,88.7,통계연보 평균(60대)+표준편차 11.5 가정 정규분포 추정
체중,kg,남,60~64세,96,89.9,통계연보 평균(60대)+표준편차 11.5 가정 정규분포 추정
체중,kg,남,60~64세,97,91.4,통계연보 평균(60대)+표준편차 11.5 가정 정규분포 추정
체중,kg,남,60~64세,98,93.4,통계연보 평균(60대)+표준편차 11.5 가정 정규분포 추정
체중,kg,남,60~64세,99,96.6,통계연보 평균(60대)+표준편차 11.5 가정 정규분포 추정
체중,kg,남,60~64세,100,99.4,통계연보 평균(60대)+표준편차 11.5 가정 정규분포 추정
체중,kg,남,65~69세,1,43,통계연보 평균(60대)+표준편차 11.5 가정 정규분포 추정
체중,kg,남,65~69세,2,46.2,통계연보 평균(60대)+표준편차 11.5 가정 정규분포 추정
체중,kg,남,65~69세,3,48.2,통계연보 평균(60대)+표준편차 11.5 가정 정규분포 추정
체중,kg,남,65~69세,4,49.7,통계연보 평균(60대)+표준편차 11.5 가정 정규분포 추정
체중,kg,남,65~69세,5,50.9,통계연보 평균(60대)+표준편차 11.5 가정 정규분포 추정
체중,kg,남,65~69세,6,51.9,통계연보 평균(60대)+표준편차 11.5 가정 정규분포 추정
체중,kg,남,65~69세,7,52.8,통계연보 평균(60대)+표준편차 11.5 가정 정규분포 추정
체중,kg,남,65~69세,8,53.6,통계연보 평균(60대)+표준편차 11.5 가정 정규분포 추정
체중,kg,남,65~69세,9,54.4,통계연보 평균(60대)+표준편차 11.5 가정 정규분포 추정
체중,kg,남,65~69세,10,55.1,통계연보 평균(60대)+표준편차 11.5 가정 정규분포 추정
체중,kg,남,65~69세,11,55.7,통계연보 평균(60대)+표준편차 11.5 가정 정규분포 추정
체중,kg,남,65~69세,12,56.3,통계연보 평균(60대)+표준편차 11.5 가정 정규분포 추정
체중,kg,남,65~69세,13,56.8,통계연보 평균(60대)+표준편차 11.5 가정 정규분포 추정
체중,kg,남,65~69세,14,57.4,통계연보 평균(60대)+표준편차 11.5 가정 정규분포 추정
체중,kg,남,65~69세,15,57.9,통계연보 평균(60대)+표준편차 11.5 가정 정규분포 추정
체중,kg,남,65~69세,16,58.4,통계연보 평균(60대)+표준편차 11.5 가정 정규분포 추정
체중,kg,남,65~69세,17,58.8,통계연보 평균(60대)+표준편차 11.5 가정 정규분포 추정
체중,kg,남,65~69세,18,59.3,통계연보 평균(60대)+표준편차 11.5 가정 정규분포 추정
체중,kg,남,65~69세,19,59.7,통계연보 평균(60대)+표준편차 11.5 가정 정규분포 추정
체중,kg,남,65~69세,20,60.1,통계연보 평균(60대)+표준편차 11.5 가정 정규분포 추정
체중,kg,남,65~69세,21,60.5,통계연보 평균(60대)+표준편차 11.5 가정 정규분포 추정
체중,kg,남,65~69세,22,60.9,통계연보 평균(60대)+표준편차 11.5 가정 정규분포 추정
체중,kg,남,65~69세,23,61.3,통계연보 평균(60대)+표준편차 11.5 가정 정규분포 추정
체중,kg,남,65~69세,24,61.7,통계연보 평균(60대)+표준편차 11.5 가정 정규분포 추정
체중,kg,남,65~69세,25,62,통계연보 평균(60대)+표준편차 11.5 가정 정규분포 추정
체중,kg,남,65~69세,26,62.4,통계연보 평균(60대)+표준편차 11.5 가정 정규분포 추정
체중,kg,남,65~69세,27,62.8,통계연보 평균(60대)+표준편차 11.5 가정 정규분포 추정
체중,kg,남,65~69세,28,63.1,통계연보 평균(60대)+표준편차 11.5 가정 정규분포 추정
체중,kg,남,65~69세,29,63.4,통계연보 평균(60대)+표준편차 11.5 가정 정규분포 추정
체중,kg,남,65~69세,30,63.8,통계연보 평균(60대)+표준편차 11.5 가정 정규분포 추정
체중,kg,남,65~69세,31,64.1,통계연보 평균(60대)+표준편차 11.5 가정 정규분포 추정
체중,kg,남,65~69세,32,64.4,통계연보 평균(60대)+표준편차 11.5 가정 정규분포 추정
체중,kg,남,65~69세,33,64.7,통계연보 평균(60대)+표준편차 11.5 가정 정규분포 추정
체중,kg,남,65~69세,34,65.1,통계연보 평균(60대)+표준편차 11.5 가정 정규분포 추정
체중,kg,남,65~69세,35,65.4,통계연보 평균(60대)+표준편차 11.5 가정 정규분포 추정
체중,kg,남,65~69세,36,65.7,통계연보 평균(60대)+표준편차 11.5 가정 정규분포 추정
체중,kg,남,65~69세,37,66,통계연보 평균(60대)+표준편차 11.5 가정 정규분포 추정
체중,kg,남,65~69세,38,66.3,통계연보 평균(60대)+표준편차 11.5 가정 정규분포 추정
체중,kg,남,65~69세,39,66.6,통계연보 평균(60대)+표준편차 11.5 가정 정규분포 추정
체중,kg,남,65~69세,40,66.9,통계연보 평균(60대)+표준편차 11.5 가정 정규분포 추정
체중,kg,남,65~69세,41,67.2,통계연보 평균(60대)+표준편차 11.5 가정 정규분포 추정
체중,kg,남,65~69세,42,67.5,통계연보 평균(60대)+표준편차 11.5 가정 정규분포 추정
체중,kg,남,65~69세,43,67.8,통계연보 평균(60대)+표준편차 11.5 가정 정규분포 추정
체중,kg,남,65~69세,44,68.1,통계연보 평균(60대)+표준편차 11.5 가정 정규분포 추정
체중,kg,남,65~69세,45,68.4,통계연보 평균(60대)+표준편차 11.5 가정 정규분포 추정
체중,kg,남,65~69세,46,68.6,통계연보 평균(60대)+표준편차 11.5 가정 정규분포 추정
체중,kg,남,65~69세,47,68.9,통계연보 평균(60대)+표준편차 11.5 가정 정규분포 추정
체중,kg,남,65~69세,48,69.2,통계연보 평균(60대)+표준편차 11.5 가정 정규분포 추정
체중,kg,남,65~69세,49,69.5,통계연보 평균(60대)+표준편차 11.5 가정 정규분포 추정
체중,kg,남,65~69세,50,69.8,통계연보 평균(60대)+표준편차 11.5 가정 정규분포 추정
체중,kg,남,65~69세,51,70.1,통계연보 평균(60대)+표준편차 11.5 가정 정규분포 추정
체중,kg,남,65~69세,52,70.4,통계연보 평균(60대)+표준편차 11.5 가정 정규분포 추정
체중,kg,남,65~69세,53,70.7,통계연보 평균(60대)+표준편차 11.5 가정 정규분포 추정
체중,kg,남,65~69세,54,71,통계연보 평균(60대)+표준편차 11.5 가정 정규분포 추정
체중,kg,남,65~69세,55,71.2,통계연보 평균(60대)+표준편차 11.5 가정 정규분포 추정
체중,kg,남,65~69세,56,71.5,통계연보 평균(60대)+표준편차 11.5 가정 정규분포 추정
체중,kg,남,65~69세,57,71.8,통계연보 평균(60대)+표준편차 11.5 가정 정규분포 추정
체중,kg,남,65~69세,58,72.1,통계연보 평균(60대)+표준편차 11.5 가정 정규분포 추정
체중,kg,남,65~69세,59,72.4,통계연보 평균(60대)+표준편차 11.5 가정 정규분포 추정
체중,kg,남,65~69세,60,72.7,통계연보 평균(60대)+표준편차 11.5 가정 정규분포 추정
체중,kg,남,65~69세,61,73,통계연보 평균(60대)+표준편차 11.5 가정 정규분포 추정
체중,kg,남,65~69세,62,73.3,통계연보 평균(60대)+표준편차 11.5 가정 정규분포 추정
체중,kg,남,65~69세,63,73.6,통계연보 평균(60대)+표준편차 11.5 가정 정규분포 추정
체중,kg,남,65~69세,64,73.9,통계연보 평균(60대)+표준편차 11.5 가정 정규분포 추정
체중,kg,남,65~69세,65,74.2,통계연보 평균(60대)+표준편차 11.5 가정 정규분포 추정
체중,kg,남,65~69세,66,74.5,통계연보 평균(60대)+표준편차 11.5 가정 정규분포 추정
체중,kg,남,65~69세,67,74.9,통계연보 평균(60대)+표준편차 11.5 가정 정규분포 추정
체중,kg,남,65~69세,68,75.2,통계연보 평균(60대)+표준편차 11.5 가정 정규분포 추정
체중,kg,남,65~69세,69,75.5,통계연보 평균(60대)+표준편차 11.5 가정 정규분포 추정
체중,kg,남,65~69세,70,75.8,통계연보 평균(60대)+표준편차 11.5 가정 정규분포 추정
체중,kg,남,65~69세,71,76.2,통계연보 평균(60대)+표준편차 11.5 가정 정규분포 추정
체중,kg,남,65~69세,72,76.5,통계연보 평균(60대)+표준편차 11.5 가정 정규분포 추정
체중,kg,남,65~69세,73,76.8,통계연보 평균(60대)+표준편차 11.5 가정 정규분포 추정
체중,kg,남,65~69세,74,77.2,통계연보 평균(60대)+표준편차 11.5 가정 정규분포 추정
체중,kg,남,65~69세,75,77.6,통계연보 평균(60대)+표준편차 11.5 가정 정규분포 추정
체중,kg,남,65~69세,76,77.9,통계연보 평균(60대)+표준편차 11.5 가정 정규분포 추정
체중,kg,남,65~69세,77,78.3,통계연보 평균(60대)+표준편차 11.5 가정 정규분포 추정
체중,kg,남,65~69세,78,78.7,통계연보 평균(60대)+표준편차 11.5 가정 정규분포 추정
체중,kg,남,65~69세,79,79.1,통계연보 평균(60대)+표준편차 11.5 가정 정규분포 추정
체중,kg,남,65~69세,80,79.5,통계연보 평균(60대)+표준편차 11.5 가정 정규분포 추정
체중,kg,남,65~69세,81,79.9,통계연보 평균(60대)+표준편차 11.5 가정 정규분포 추정
체중,kg,남,65~69세,82,80.3,통계연보 평균(60대)+표준편차 11.5 가정 정규분포 추정
체중,kg,남,65~69세,83,80.8,통계연보 평균(60대)+표준편차 11.5 가정 정규분포 추정
체중,kg,남,65~69세,84,81.2,통계연보 평균(60대)+표준편차 11.5 가정 정규분포 추정
체중,kg,남,65~69세,85,81.7,통계연보 평균(60대)+표준편차 11.5 가정 정규분포 추정
체중,kg,남,65~69세,86,82.2,통계연보 평균(60대)+표준편차 11.5 가정 정규분포 추정
체중,kg,남,65~69세,87,82.8,통계연보 평균(60대)+표준편차 11.5 가정 정규분포 추정
체중,kg,남,65~69세,88,83.3,통계연보 평균(60대)+표준편차 11.5 가정 정규분포 추정
체중,kg,남,65~69세,89,83.9,통계연보 평균(60대)+표준편차 11.5 가정 정규분포 추정
체중,kg,남,65~69세,90,84.5,통계연보 평균(60대)+표준편차 11.5 가정 정규분포 추정
체중,kg,남,65~69세,91,85.2,통계연보 평균(60대)+표준편차 11.5 가정 정규분포 추정
체중,kg,남,65~69세,92,86,통계연보 평균(60대)+표준편차 11.5 가정 정규분포 추정
체중,kg,남,65~69세,93,86.8,통계연보 평균(60대)+표준편차 11.5 가정 정규분포 추정
체중,kg,남,65~69세,94,87.7,통계연보 평균(60대)+표준편차 11.5 가정 정규분포 추정
체중,kg,남,65~69세,95,88.7,통계연보 평균(60대)+표준편차 11.5 가정 정규분포 추정
체중,kg,남,65~69세,96,89.9,통계연보 평균(60대)+표준편차 11.5 가정 정규분포 추정
체중,kg,남,65~69세,97,91.4,통계연보 평균(60대)+표준편차 11.5 가정 정규분포 추정
체중,kg,남,65~69세,98,93.4,통계연보 평균(60대)+표준편차 11.5 가정 정규분포 추정
체중,kg,남,65~69세,99,96.6,통계연보 평균(60대)+표준편차 11.5 가정 정규분포 추정
체중,kg,남,65~69세,100,99.4,통계연보 평균(60대)+표준편차 11.5 가정 정규분포 추정
체중,kg,남,70~74세,1,40.1,통계연보 평균(70대)+표준편차 11.5 가정 정규분포 추정
체중,kg,남,70~74세,2,43.3,통계연보 평균(70대)+표준편차 11.5 가정 정규분포 추정
체중,kg,남,70~74세,3,45.3,통계연보 평균(70대)+표준편차 11.5 가정 정규분포 추정
체중,kg,남,70~74세,4,46.8,통계연보 평균(70대)+표준편차 11.5 가정 정규분포 추정
체중,kg,남,70~74세,5,48,통계연보 평균(70대)+표준편차 11.5 가정 정규분포 추정
체중,kg,남,70~74세,6,49,통계연보 평균(70대)+표준편차 11.5 가정 정규분포 추정
체중,kg,남,70~74세,7,49.9,통계연보 평균(70대)+표준편차 11.5 가정 정규분포 추정
체중,kg,남,70~74세,8,50.7,통계연보 평균(70대)+표준편차 11.5 가정 정규분포 추정
체중,kg,남,70~74세,9,51.5,통계연보 평균(70대)+표준편차 11.5 가정 정규분포 추정
체중,kg,남,70~74세,10,52.2,통계연보 평균(70대)+표준편차 11.5 가정 정규분포 추정
체중,kg,남,70~74세,11,52.8,통계연보 평균(70대)+표준편차 11.5 가정 정규분포 추정
체중,kg,남,70~74세,12,53.4,통계연보 평균(70대)+표준편차 11.5 가정 정규분포 추정
체중,kg,남,70~74세,13,53.9,통계연보 평균(70대)+표준편차 11.5 가정 정규분포 추정
체중,kg,남,70~74세,14,54.5,통계연보 평균(70대)+표준편차 11.5 가정 정규분포 추정
체중,kg,남,70~74세,15,55,통계연보 평균(70대)+표준편차 11.5 가정 정규분포 추정
체중,kg,남,70~74세,16,55.5,통계연보 평균(70대)+표준편차 11.5 가정 정규분포 추정
체중,kg,남,70~74세,17,55.9,통계연보 평균(70대)+표준편차 11.5 가정 정규분포 추정
체중,kg,남,70~74세,18,56.4,통계연보 평균(70대)+표준편차 11.5 가정 정규분포 추정
체중,kg,남,70~74세,19,56.8,통계연보 평균(70대)+표준편차 11.5 가정 정규분포 추정
체중,kg,남,70~74세,20,57.2,통계연보 평균(70대)+표준편차 11.5 가정 정규분포 추정
체중,kg,남,70~74세,21,57.6,통계연보 평균(70대)+표준편차 11.5 가정 정규분포 추정
체중,kg,남,70~74세,22,58,통계연보 평균(70대)+표준편차 11.5 가정 정규분포 추정
체중,kg,남,70~74세,23,58.4,통계연보 평균(70대)+표준편차 11.5 가정 정규분포 추정
체중,kg,남,70~74세,24,58.8,통계연보 평균(70대)+표준편차 11.5 가정 정규분포 추정
체중,kg,남,70~74세,25,59.1,통계연보 평균(70대)+표준편차 11.5 가정 정규분포 추정
체중,kg,남,70~74세,26,59.5,통계연보 평균(70대)+표준편차 11.5 가정 정규분포 추정
체중,kg,남,70~74세,27,59.9,통계연보 평균(70대)+표준편차 11.5 가정 정규분포 추정
체중,kg,남,70~74세,28,60.2,통계연보 평균(70대)+표준편차 11.5 가정 정규분포 추정
체중,kg,남,70~74세,29,60.5,통계연보 평균(70대)+표준편차 11.5 가정 정규분포 추정
체중,kg,남,70~74세,30,60.9,통계연보 평균(70대)+표준편차 11.5 가정 정규분포 추정
체중,kg,남,70~74세,31,61.2,통계연보 평균(70대)+표준편차 11.5 가정 정규분포 추정
체중,kg,남,70~74세,32,61.5,통계연보 평균(70대)+표준편차 11.5 가정 정규분포 추정
체중,kg,남,70~74세,33,61.8,통계연보 평균(70대)+표준편차 11.5 가정 정규분포 추정
체중,kg,남,70~74세,34,62.2,통계연보 평균(70대)+표준편차 11.5 가정 정규분포 추정
체중,kg,남,70~74세,35,62.5,통계연보 평균(70대)+표준편차 11.5 가정 정규분포 추정
체중,kg,남,70~74세,36,62.8,통계연보 평균(70대)+표준편차 11.5 가정 정규분포 추정
체중,kg,남,70~74세,37,63.1,통계연보 평균(70대)+표준편차 11.5 가정 정규분포 추정
체중,kg,남,70~74세,38,63.4,통계연보 평균(70대)+표준편차 11.5 가정 정규분포 추정
체중,kg,남,70~74세,39,63.7,통계연보 평균(70대)+표준편차 11.5 가정 정규분포 추정
체중,kg,남,70~74세,40,64,통계연보 평균(70대)+표준편차 11.5 가정 정규분포 추정
체중,kg,남,70~74세,41,64.3,통계연보 평균(70대)+표준편차 11.5 가정 정규분포 추정
체중,kg,남,70~74세,42,64.6,통계연보 평균(70대)+표준편차 11.5 가정 정규분포 추정
체중,kg,남,70~74세,43,64.9,통계연보 평균(70대)+표준편차 11.5 가정 정규분포 추정
체중,kg,남,70~74세,44,65.2,통계연보 평균(70대)+표준편차 11.5 가정 정규분포 추정
체중,kg,남,70~74세,45,65.5,통계연보 평균(70대)+표준편차 11.5 가정 정규분포 추정
체중,kg,남,70~74세,46,65.7,통계연보 평균(70대)+표준편차 11.5 가정 정규분포 추정
체중,kg,남,70~74세,47,66,통계연보 평균(70대)+표준편차 11.5 가정 정규분포 추정
체중,kg,남,70~74세,48,66.3,통계연보 평균(70대)+표준편차 11.5 가정 정규분포 추정
체중,kg,남,70~74세,49,66.6,통계연보 평균(70대)+표준편차 11.5 가정 정규분포 추정
체중,kg,남,70~74세,50,66.9,통계연보 평균(70대)+표준편차 11.5 가정 정규분포 추정
체중,kg,남,70~74세,51,67.2,통계연보 평균(70대)+표준편차 11.5 가정 정규분포 추정
체중,kg,남,70~74세,52,67.5,통계연보 평균(70대)+표준편차 11.5 가정 정규분포 추정
체중,kg,남,70~74세,53,67.8,통계연보 평균(70대)+표준편차 11.5 가정 정규분포 추정
체중,kg,남,70~74세,54,68.1,통계연보 평균(70대)+표준편차 11.5 가정 정규분포 추정
체중,kg,남,70~74세,55,68.3,통계연보 평균(70대)+표준편차 11.5 가정 정규분포 추정
체중,kg,남,70~74세,56,68.6,통계연보 평균(70대)+표준편차 11.5 가정 정규분포 추정
체중,kg,남,70~74세,57,68.9,통계연보 평균(70대)+표준편차 11.5 가정 정규분포 추정
체중,kg,남,70~74세,58,69.2,통계연보 평균(70대)+표준편차 11.5 가정 정규분포 추정
체중,kg,남,70~74세,59,69.5,통계연보 평균(70대)+표준편차 11.5 가정 정규분포 추정
체중,kg,남,70~74세,60,69.8,통계연보 평균(70대)+표준편차 11.5 가정 정규분포 추정
체중,kg,남,70~74세,61,70.1,통계연보 평균(70대)+표준편차 11.5 가정 정규분포 추정
체중,kg,남,70~74세,62,70.4,통계연보 평균(70대)+표준편차 11.5 가정 정규분포 추정
체중,kg,남,70~74세,63,70.7,통계연보 평균(70대)+표준편차 11.5 가정 정규분포 추정
체중,kg,남,70~74세,64,71,통계연보 평균(70대)+표준편차 11.5 가정 정규분포 추정
체중,kg,남,70~74세,65,71.3,통계연보 평균(70대)+표준편차 11.5 가정 정규분포 추정
체중,kg,남,70~74세,66,71.6,통계연보 평균(70대)+표준편차 11.5 가정 정규분포 추정
체중,kg,남,70~74세,67,72,통계연보 평균(70대)+표준편차 11.5 가정 정규분포 추정
체중,kg,남,70~74세,68,72.3,통계연보 평균(70대)+표준편차 11.5 가정 정규분포 추정
체중,kg,남,70~74세,69,72.6,통계연보 평균(70대)+표준편차 11.5 가정 정규분포 추정
체중,kg,남,70~74세,70,72.9,통계연보 평균(70대)+표준편차 11.5 가정 정규분포 추정
체중,kg,남,70~74세,71,73.3,통계연보 평균(70대)+표준편차 11.5 가정 정규분포 추정
체중,kg,남,70~74세,72,73.6,통계연보 평균(70대)+표준편차 11.5 가정 정규분포 추정
체중,kg,남,70~74세,73,73.9,통계연보 평균(70대)+표준편차 11.5 가정 정규분포 추정
체중,kg,남,70~74세,74,74.3,통계연보 평균(70대)+표준편차 11.5 가정 정규분포 추정
체중,kg,남,70~74세,75,74.7,통계연보 평균(70대)+표준편차 11.5 가정 정규분포 추정
체중,kg,남,70~74세,76,75,통계연보 평균(70대)+표준편차 11.5 가정 정규분포 추정
체중,kg,남,70~74세,77,75.4,통계연보 평균(70대)+표준편차 11.5 가정 정규분포 추정
체중,kg,남,70~74세,78,75.8,통계연보 평균(70대)+표준편차 11.5 가정 정규분포 추정
체중,kg,남,70~74세,79,76.2,통계연보 평균(70대)+표준편차 11.5 가정 정규분포 추정
체중,kg,남,70~74세,80,76.6,통계연보 평균(70대)+표준편차 11.5 가정 정규분포 추정
체중,kg,남,70~74세,81,77,통계연보 평균(70대)+표준편차 11.5 가정 정규분포 추정
체중,kg,남,70~74세,82,77.4,통계연보 평균(70대)+표준편차 11.5 가정 정규분포 추정
체중,kg,남,70~74세,83,77.9,통계연보 평균(70대)+표준편차 11.5 가정 정규분포 추정
체중,kg,남,70~74세,84,78.3,통계연보 평균(70대)+표준편차 11.5 가정 정규분포 추정
체중,kg,남,70~74세,85,78.8,통계연보 평균(70대)+표준편차 11.5 가정 정규분포 추정
체중,kg,남,70~74세,86,79.3,통계연보 평균(70대)+표준편차 11.5 가정 정규분포 추정
체중,kg,남,70~74세,87,79.9,통계연보 평균(70대)+표준편차 11.5 가정 정규분포 추정
체중,kg,남,70~74세,88,80.4,통계연보 평균(70대)+표준편차 11.5 가정 정규분포 추정
체중,kg,남,70~74세,89,81,통계연보 평균(70대)+표준편차 11.5 가정 정규분포 추정
체중,kg,남,70~74세,90,81.6,통계연보 평균(70대)+표준편차 11.5 가정 정규분포 추정
체중,kg,남,70~74세,91,82.3,통계연보 평균(70대)+표준편차 11.5 가정 정규분포 추정
체중,kg,남,70~74세,92,83.1,통계연보 평균(70대)+표준편차 11.5 가정 정규분포 추정
체중,kg,남,70~74세,93,83.9,통계연보 평균(70대)+표준편차 11.5 가정 정규분포 추정
체중,kg,남,70~74세,94,84.8,통계연보 평균(70대)+표준편차 11.5 가정 정규분포 추정
체중,kg,남,70~74세,95,85.8,통계연보 평균(70대)+표준편차 11.5 가정 정규분포 추정
체중,kg,남,70~74세,96,87,통계연보 평균(70대)+표준편차 11.5 가정 정규분포 추정
체중,kg,남,70~74세,97,88.5,통계연보 평균(70대)+표준편차 11.5 가정 정규분포 추정
체중,kg,남,70~74세,98,90.5,통계연보 평균(70대)+표준편차 11.5 가정 정규분포 추정
체중,kg,남,70~74세,99,93.7,통계연보 평균(70대)+표준편차 11.5 가정 정규분포 추정
체중,kg,남,70~74세,100,96.5,통계연보 평균(70대)+표준편차 11.5 가정 정규분포 추정
체중,kg,남,75~79세,1,40.1,통계연보 평균(70대)+표준편차 11.5 가정 정규분포 추정
체중,kg,남,75~79세,2,43.3,통계연보 평균(70대)+표준편차 11.5 가정 정규분포 추정
체중,kg,남,75~79세,3,45.3,통계연보 평균(70대)+표준편차 11.5 가정 정규분포 추정
체중,kg,남,75~79세,4,46.8,통계연보 평균(70대)+표준편차 11.5 가정 정규분포 추정
체중,kg,남,75~79세,5,48,통계연보 평균(70대)+표준편차 11.5 가정 정규분포 추정
체중,kg,남,75~79세,6,49,통계연보 평균(70대)+표준편차 11.5 가정 정규분포 추정
체중,kg,남,75~79세,7,49.9,통계연보 평균(70대)+표준편차 11.5 가정 정규분포 추정
체중,kg,남,75~79세,8,50.7,통계연보 평균(70대)+표준편차 11.5 가정 정규분포 추정
체중,kg,남,75~79세,9,51.5,통계연보 평균(70대)+표준편차 11.5 가정 정규분포 추정
체중,kg,남,75~79세,10,52.2,통계연보 평균(70대)+표준편차 11.5 가정 정규분포 추정
체중,kg,남,75~79세,11,52.8,통계연보 평균(70대)+표준편차 11.5 가정 정규분포 추정
체중,kg,남,75~79세,12,53.4,통계연보 평균(70대)+표준편차 11.5 가정 정규분포 추정
체중,kg,남,75~79세,13,53.9,통계연보 평균(70대)+표준편차 11.5 가정 정규분포 추정
체중,kg,남,75~79세,14,54.5,통계연보 평균(70대)+표준편차 11.5 가정 정규분포 추정
체중,kg,남,75~79세,15,55,통계연보 평균(70대)+표준편차 11.5 가정 정규분포 추정
체중,kg,남,75~79세,16,55.5,통계연보 평균(70대)+표준편차 11.5 가정 정규분포 추정
체중,kg,남,75~79세,17,55.9,통계연보 평균(70대)+표준편차 11.5 가정 정규분포 추정
체중,kg,남,75~79세,18,56.4,통계연보 평균(70대)+표준편차 11.5 가정 정규분포 추정
체중,kg,남,75~79세,19,56.8,통계연보 평균(70대)+표준편차 11.5 가정 정규분포 추정
체중,kg,남,75~79세,20,57.2,통계연보 평균(70대)+표준편차 11.5 가정 정규분포 추정
체중,kg,남,75~79세,21,57.6,통계연보 평균(70대)+표준편차 11.5 가정 정규분포 추정
체중,kg,남,75~79세,22,58,통계연보 평균(70대)+표준편차 11.5 가정 정규분포 추정
체중,kg,남,75~79세,23,58.4,통계연보 평균(70대)+표준편차 11.5 가정 정규분포 추정
체중,kg,남,75~79세,24,58.8,통계연보 평균(70대)+표준편차 11.5 가정 정규분포 추정
체중,kg,남,75~79세,25,59.1,통계연보 평균(70대)+표준편차 11.5 가정 정규분포 추정
체중,kg,남,75~79세,26,59.5,통계연보 평균(70대)+표준편차 11.5 가정 정규분포 추정
체중,kg,남,75~79세,27,59.9,통계연보 평균(70대)+표준편차 11.5 가정 정규분포 추정
체중,kg,남,75~79세,28,60.2,통계연보 평균(70대)+표준편차 11.5 가정 정규분포 추정
체중,kg,남,75~79세,29,60.5,통계연보 평균(70대)+표준편차 11.5 가정 정규분포 추정
체중,kg,남,75~79세,30,60.9,통계연보 평균(70대)+표준편차 11.5 가정 정규분포 추정
체중,kg,남,75~79세,31,61.2,통계연보 평균(70대)+표준편차 11.5 가정 정규분포 추정
체중,kg,남,75~79세,32,61.5,통계연보 평균(70대)+표준편차 11.5 가정 정규분포 추정
체중,kg,남,75~79세,33,61.8,통계연보 평균(70대)+표준편차 11.5 가정 정규분포 추정
체중,kg,남,75~79세,34,62.2,통계연보 평균(70대)+표준편차 11.5 가정 정규분포 추정
체중,kg,남,75~79세,35,62.5,통계연보 평균(70대)+표준편차 11.5 가정 정규분포 추정
체중,kg,남,75~79세,36,62.8,통계연보 평균(70대)+표준편차 11.5 가정 정규분포 추정
체중,kg,남,75~79세,37,63.1,통계연보 평균(70대)+표준편차 11.5 가정 정규분포 추정
체중,kg,남,75~79세,38,63.4,통계연보 평균(70대)+표준편차 11.5 가정 정규분포 추정
체중,kg,남,75~79세,39,63.7,통계연보 평균(70대)+표준편차 11.5 가정 정규분포 추정
체중,kg,남,75~79세,40,64,통계연보 평균(70대)+표준편차 11.5 가정 정규분포 추정
체중,kg,남,75~79세,41,64.3,통계연보 평균(70대)+표준편차 11.5 가정 정규분포 추정
체중,kg,남,75~79세,42,64.6,통계연보 평균(70대)+표준편차 11.5 가정 정규분포 추정
체중,kg,남,75~79세,43,64.9,통계연보 평균(70대)+표준편차 11.5 가정 정규분포 추정
체중,kg,남,75~79세,44,65.2,통계연보 평균(70대)+표준편차 11.5 가정 정규분포 추정
체중,kg,남,75~79세,45,65.5,통계연보 평균(70대)+표준편차 11.5 가정 정규분포 추정
체중,kg,남,75~79세,46,65.7,통계연보 평균(70대)+표준편차 11.5 가정 정규분포 추정
체중,kg,남,75~79세,47,66,통계연보 평균(70대)+표준편차 11.5 가정 정규분포 추정
체중,kg,남,75~79세,48,66.3,통계연보 평균(70대)+표준편차 11.5 가정 정규분포 추정
체중,kg,남,75~79세,49,66.6,통계연보 평균(70대)+표준편차 11.5 가정 정규분포 추정
체중,kg,남,75~79세,50,66.9,통계연보 평균(70대)+표준편차 11.5 가정 정규분포 추정
체중,kg,남,75~79세,51,67.2,통계연보 평균(70대)+표준편차 11.5 가정 정규분포 추정
체중,kg,남,75~79세,52,67.5,통계연보 평균(70대)+표준편차 11.5 가정 정규분포 추정
체중,kg,남,75~79세,53,67.8,통계연보 평균(70대)+표준편차 11.5 가정 정규분포 추정
체중,kg,남,75~79세,54,68.1,통계연보 평균(70대)+표준편차 11.5 가정 정규분포 추정
체중,kg,남,75~79세,55,68.3,통계연보 평균(70대)+표준편차 11.5 가정 정규분포 추정
체중,kg,남,75~79세,56,68.6,통계연보 평균(70대)+표준편차 11.5 가정 정규분포 추정
체중,kg,남,75~79세,57,68.9,통계연보 평균(70대)+표준편차 11.5 가정 정규분포 추정
체중,kg,남,75~79세,58,69.2,통계연보 평균(70대)+표준편차 11.5 가정 정규분포 추정
체중,kg,남,75~79세,59,69.5,통계연보 평균(70대)+표준편차 11.5 가정 정규분포 추정
체중,kg,남,75~79세,60,69.8,통계연보 평균(70대)+표준편차 11.5 가정 정규분포 추정
체중,kg,남,75~79세,61,70.1,통계연보 평균(70대)+표준편차 11.5 가정 정규분포 추정
체중,kg,남,75~79세,62,70.4,통계연보 평균(70대)+표준편차 11.5 가정 정규분포 추정
체중,kg,남,75~79세,63,70.7,통계연보 평균(70대)+표준편차 11.5 가정 정규분포 추정
체중,kg,남,75~79세,64,71,통계연보 평균(70대)+표준편차 11.5 가정 정규분포 추정
체중,kg,남,75~79세,65,71.3,통계연보 평균(70대)+표준편차 11.5 가정 정규분포 추정
체중,kg,남,75~79세,66,71.6,통계연보 평균(70대)+표준편차 11.5 가정 정규분포 추정
체중,kg,남,75~79세,67,72,통계연보 평균(70대)+표준편차 11.5 가정 정규분포 추정
체중,kg,남,75~79세,68,72.3,통계연보 평균(70대)+표준편차 11.5 가정 정규분포 추정
체중,kg,남,75~79세,69,72.6,통계연보 평균(70대)+표준편차 11.5 가정 정규분포 추정
체중,kg,남,75~79세,70,72.9,통계연보 평균(70대)+표준편차 11.5 가정 정규분포 추정
체중,kg,남,75~79세,71,73.3,통계연보 평균(70대)+표준편차 11.5 가정 정규분포 추정
체중,kg,남,75~79세,72,73.6,통계연보 평균(70대)+표준편차 11.5 가정 정규분포 추정
체중,kg,남,75~79세,73,73.9,통계연보 평균(70대)+표준편차 11.5 가정 정규분포 추정
체중,kg,남,75~79세,74,74.3,통계연보 평균(70대)+표준편차 11.5 가정 정규분포 추정
체중,kg,남,75~79세,75,74.7,통계연보 평균(70대)+표준편차 11.5 가정 정규분포 추정
체중,kg,남,75~79세,76,75,통계연보 평균(70대)+표준편차 11.5 가정 정규분포 추정
체중,kg,남,75~79세,77,75.4,통계연보 평균(70대)+표준편차 11.5 가정 정규분포 추정
체중,kg,남,75~79세,78,75.8,통계연보 평균(70대)+표준편차 11.5 가정 정규분포 추정
체중,kg,남,75~79세,79,76.2,통계연보 평균(70대)+표준편차 11.5 가정 정규분포 추정
체중,kg,남,75~79세,80,76.6,통계연보 평균(70대)+표준편차 11.5 가정 정규분포 추정
체중,kg,남,75~79세,81,77,통계연보 평균(70대)+표준편차 11.5 가정 정규분포 추정
체중,kg,남,75~79세,82,77.4,통계연보 평균(70대)+표준편차 11.5 가정 정규분포 추정
체중,kg,남,75~79세,83,77.9,통계연보 평균(70대)+표준편차 11.5 가정 정규분포 추정
체중,kg,남,75~79세,84,78.3,통계연보 평균(70대)+표준편차 11.5 가정 정규분포 추정
체중,kg,남,75~79세,85,78.8,통계연보 평균(70대)+표준편차 11.5 가정 정규분포 추정
체중,kg,남,75~79세,86,79.3,통계연보 평균(70대)+표준편차 11.5 가정 정규분포 추정
체중,kg,남,75~79세,87,79.9,통계연보 평균(70대)+표준편차 11.5 가정 정규분포 추정
체중,kg,남,75~79세,88,80.4,통계연보 평균(70대)+표준편차 11.5 가정 정규분포 추정
체중,kg,남,75~79세,89,81,통계연보 평균(70대)+표준편차 11.5 가정 정규분포 추정
체중,kg,남,75~79세,90,81.6,통계연보 평균(70대)+표준편차 11.5 가정 정규분포 추정
체중,kg,남,75~79세,91,82.3,통계연보 평균(70대)+표준편차 11.5 가정 정규분포 추정
체중,kg,남,75~79세,92,83.1,통계연보 평균(70대)+표준편차 11.5 가정 정규분포 추정
체중,kg,남,75~79세,93,83.9,통계연보 평균(70대)+표준편차 11.5 가정 정규분포 추정
체중,kg,남,75~79세,94,84.8,통계연보 평균(70대)+표준편차 11.5 가정 정규분포 추정
체중,kg,남,75~79세,95,85.8,통계연보 평균(70대)+표준편차 11.5 가정 정규분포 추정
체중,kg,남,75~79세,96,87,통계연보 평균(70대)+표준편차 11.5 가정 정규분포 추정
체중,kg,남,75~79세,97,88.5,통계연보 평균(70대)+표준편차 11.5 가정 정규분포 추정
체중,kg,남,75~79세,98,90.5,통계연보 평균(70대)+표준편차 11.5 가정 정규분포 추정
체중,kg,남,75~79세,99,93.7,통계연보 평균(70대)+표준편차 11.5 가정 정규분포 추정
체중,kg,남,75~79세,100,96.5,통계연보 평균(70대)+표준편차 11.5 가정 정규분포 추정
체중,kg,남,80~84세,1,36.7,통계연보 평균(80세이상)+표준편차 11.5 가정 정규분포 추정
체중,kg,남,80~84세,2,39.9,통계연보 평균(80세이상)+표준편차 11.5 가정 정규분포 추정
체중,kg,남,80~84세,3,41.9,통계연보 평균(80세이상)+표준편차 11.5 가정 정규분포 추정
체중,kg,남,80~84세,4,43.4,통계연보 평균(80세이상)+표준편차 11.5 가정 정규분포 추정
체중,kg,남,80~84세,5,44.6,통계연보 평균(80세이상)+표준편차 11.5 가정 정규분포 추정
체중,kg,남,80~84세,6,45.6,통계연보 평균(80세이상)+표준편차 11.5 가정 정규분포 추정
체중,kg,남,80~84세,7,46.5,통계연보 평균(80세이상)+표준편차 11.5 가정 정규분포 추정
체중,kg,남,80~84세,8,47.3,통계연보 평균(80세이상)+표준편차 11.5 가정 정규분포 추정
체중,kg,남,80~84세,9,48.1,통계연보 평균(80세이상)+표준편차 11.5 가정 정규분포 추정
체중,kg,남,80~84세,10,48.8,통계연보 평균(80세이상)+표준편차 11.5 가정 정규분포 추정
체중,kg,남,80~84세,11,49.4,통계연보 평균(80세이상)+표준편차 11.5 가정 정규분포 추정
체중,kg,남,80~84세,12,50,통계연보 평균(80세이상)+표준편차 11.5 가정 정규분포 추정
체중,kg,남,80~84세,13,50.5,통계연보 평균(80세이상)+표준편차 11.5 가정 정규분포 추정
체중,kg,남,80~84세,14,51.1,통계연보 평균(80세이상)+표준편차 11.5 가정 정규분포 추정
체중,kg,남,80~84세,15,51.6,통계연보 평균(80세이상)+표준편차 11.5 가정 정규분포 추정
체중,kg,남,80~84세,16,52.1,통계연보 평균(80세이상)+표준편차 11.5 가정 정규분포 추정
체중,kg,남,80~84세,17,52.5,통계연보 평균(80세이상)+표준편차 11.5 가정 정규분포 추정
체중,kg,남,80~84세,18,53,통계연보 평균(80세이상)+표준편차 11.5 가정 정규분포 추정
체중,kg,남,80~84세,19,53.4,통계연보 평균(80세이상)+표준편차 11.5 가정 정규분포 추정
체중,kg,남,80~84세,20,53.8,통계연보 평균(80세이상)+표준편차 11.5 가정 정규분포 추정
체중,kg,남,80~84세,21,54.2,통계연보 평균(80세이상)+표준편차 11.5 가정 정규분포 추정
체중,kg,남,80~84세,22,54.6,통계연보 평균(80세이상)+표준편차 11.5 가정 정규분포 추정
체중,kg,남,80~84세,23,55,통계연보 평균(80세이상)+표준편차 11.5 가정 정규분포 추정
체중,kg,남,80~84세,24,55.4,통계연보 평균(80세이상)+표준편차 11.5 가정 정규분포 추정
체중,kg,남,80~84세,25,55.7,통계연보 평균(80세이상)+표준편차 11.5 가정 정규분포 추정
체중,kg,남,80~84세,26,56.1,통계연보 평균(80세이상)+표준편차 11.5 가정 정규분포 추정
체중,kg,남,80~84세,27,56.5,통계연보 평균(80세이상)+표준편차 11.5 가정 정규분포 추정
체중,kg,남,80~84세,28,56.8,통계연보 평균(80세이상)+표준편차 11.5 가정 정규분포 추정
체중,kg,남,80~84세,29,57.1,통계연보 평균(80세이상)+표준편차 11.5 가정 정규분포 추정
체중,kg,남,80~84세,30,57.5,통계연보 평균(80세이상)+표준편차 11.5 가정 정규분포 추정
체중,kg,남,80~84세,31,57.8,통계연보 평균(80세이상)+표준편차 11.5 가정 정규분포 추정
체중,kg,남,80~84세,32,58.1,통계연보 평균(80세이상)+표준편차 11.5 가정 정규분포 추정
체중,kg,남,80~84세,33,58.4,통계연보 평균(80세이상)+표준편차 11.5 가정 정규분포 추정
체중,kg,남,80~84세,34,58.8,통계연보 평균(80세이상)+표준편차 11.5 가정 정규분포 추정
체중,kg,남,80~84세,35,59.1,통계연보 평균(80세이상)+표준편차 11.5 가정 정규분포 추정
체중,kg,남,80~84세,36,59.4,통계연보 평균(80세이상)+표준편차 11.5 가정 정규분포 추정
체중,kg,남,80~84세,37,59.7,통계연보 평균(80세이상)+표준편차 11.5 가정 정규분포 추정
체중,kg,남,80~84세,38,60,통계연보 평균(80세이상)+표준편차 11.5 가정 정규분포 추정
체중,kg,남,80~84세,39,60.3,통계연보 평균(80세이상)+표준편차 11.5 가정 정규분포 추정
체중,kg,남,80~84세,40,60.6,통계연보 평균(80세이상)+표준편차 11.5 가정 정규분포 추정
체중,kg,남,80~84세,41,60.9,통계연보 평균(80세이상)+표준편차 11.5 가정 정규분포 추정
체중,kg,남,80~84세,42,61.2,통계연보 평균(80세이상)+표준편차 11.5 가정 정규분포 추정
체중,kg,남,80~84세,43,61.5,통계연보 평균(80세이상)+표준편차 11.5 가정 정규분포 추정
체중,kg,남,80~84세,44,61.8,통계연보 평균(80세이상)+표준편차 11.5 가정 정규분포 추정
체중,kg,남,80~84세,45,62.1,통계연보 평균(80세이상)+표준편차 11.5 가정 정규분포 추정
체중,kg,남,80~84세,46,62.3,통계연보 평균(80세이상)+표준편차 11.5 가정 정규분포 추정
체중,kg,남,80~84세,47,62.6,통계연보 평균(80세이상)+표준편차 11.5 가정 정규분포 추정
체중,kg,남,80~84세,48,62.9,통계연보 평균(80세이상)+표준편차 11.5 가정 정규분포 추정
체중,kg,남,80~84세,49,63.2,통계연보 평균(80세이상)+표준편차 11.5 가정 정규분포 추정
체중,kg,남,80~84세,50,63.5,통계연보 평균(80세이상)+표준편차 11.5 가정 정규분포 추정
체중,kg,남,80~84세,51,63.8,통계연보 평균(80세이상)+표준편차 11.5 가정 정규분포 추정
체중,kg,남,80~84세,52,64.1,통계연보 평균(80세이상)+표준편차 11.5 가정 정규분포 추정
체중,kg,남,80~84세,53,64.4,통계연보 평균(80세이상)+표준편차 11.5 가정 정규분포 추정
체중,kg,남,80~84세,54,64.7,통계연보 평균(80세이상)+표준편차 11.5 가정 정규분포 추정
체중,kg,남,80~84세,55,64.9,통계연보 평균(80세이상)+표준편차 11.5 가정 정규분포 추정
체중,kg,남,80~84세,56,65.2,통계연보 평균(80세이상)+표준편차 11.5 가정 정규분포 추정
체중,kg,남,80~84세,57,65.5,통계연보 평균(80세이상)+표준편차 11.5 가정 정규분포 추정
체중,kg,남,80~84세,58,65.8,통계연보 평균(80세이상)+표준편차 11.5 가정 정규분포 추정
체중,kg,남,80~84세,59,66.1,통계연보 평균(80세이상)+표준편차 11.5 가정 정규분포 추정
체중,kg,남,80~84세,60,66.4,통계연보 평균(80세이상)+표준편차 11.5 가정 정규분포 추정
체중,kg,남,80~84세,61,66.7,통계연보 평균(80세이상)+표준편차 11.5 가정 정규분포 추정
체중,kg,남,80~84세,62,67,통계연보 평균(80세이상)+표준편차 11.5 가정 정규분포 추정
체중,kg,남,80~84세,63,67.3,통계연보 평균(80세이상)+표준편차 11.5 가정 정규분포 추정
체중,kg,남,80~84세,64,67.6,통계연보 평균(80세이상)+표준편차 11.5 가정 정규분포 추정
체중,kg,남,80~84세,65,67.9,통계연보 평균(80세이상)+표준편차 11.5 가정 정규분포 추정
체중,kg,남,80~84세,66,68.2,통계연보 평균(80세이상)+표준편차 11.5 가정 정규분포 추정
체중,kg,남,80~84세,67,68.6,통계연보 평균(80세이상)+표준편차 11.5 가정 정규분포 추정
체중,kg,남,80~84세,68,68.9,통계연보 평균(80세이상)+표준편차 11.5 가정 정규분포 추정
체중,kg,남,80~84세,69,69.2,통계연보 평균(80세이상)+표준편차 11.5 가정 정규분포 추정
체중,kg,남,80~84세,70,69.5,통계연보 평균(80세이상)+표준편차 11.5 가정 정규분포 추정
체중,kg,남,80~84세,71,69.9,통계연보 평균(80세이상)+표준편차 11.5 가정 정규분포 추정
체중,kg,남,80~84세,72,70.2,통계연보 평균(80세이상)+표준편차 11.5 가정 정규분포 추정
체중,kg,남,80~84세,73,70.5,통계연보 평균(80세이상)+표준편차 11.5 가정 정규분포 추정
체중,kg,남,80~84세,74,70.9,통계연보 평균(80세이상)+표준편차 11.5 가정 정규분포 추정
체중,kg,남,80~84세,75,71.3,통계연보 평균(80세이상)+표준편차 11.5 가정 정규분포 추정
체중,kg,남,80~84세,76,71.6,통계연보 평균(80세이상)+표준편차 11.5 가정 정규분포 추정
체중,kg,남,80~84세,77,72,통계연보 평균(80세이상)+표준편차 11.5 가정 정규분포 추정
체중,kg,남,80~84세,78,72.4,통계연보 평균(80세이상)+표준편차 11.5 가정 정규분포 추정
체중,kg,남,80~84세,79,72.8,통계연보 평균(80세이상)+표준편차 11.5 가정 정규분포 추정
체중,kg,남,80~84세,80,73.2,통계연보 평균(80세이상)+표준편차 11.5 가정 정규분포 추정
체중,kg,남,80~84세,81,73.6,통계연보 평균(80세이상)+표준편차 11.5 가정 정규분포 추정
체중,kg,남,80~84세,82,74,통계연보 평균(80세이상)+표준편차 11.5 가정 정규분포 추정
체중,kg,남,80~84세,83,74.5,통계연보 평균(80세이상)+표준편차 11.5 가정 정규분포 추정
체중,kg,남,80~84세,84,74.9,통계연보 평균(80세이상)+표준편차 11.5 가정 정규분포 추정
체중,kg,남,80~84세,85,75.4,통계연보 평균(80세이상)+표준편차 11.5 가정 정규분포 추정
체중,kg,남,80~84세,86,75.9,통계연보 평균(80세이상)+표준편차 11.5 가정 정규분포 추정
체중,kg,남,80~84세,87,76.5,통계연보 평균(80세이상)+표준편차 11.5 가정 정규분포 추정
체중,kg,남,80~84세,88,77,통계연보 평균(80세이상)+표준편차 11.5 가정 정규분포 추정
체중,kg,남,80~84세,89,77.6,통계연보 평균(80세이상)+표준편차 11.5 가정 정규분포 추정
체중,kg,남,80~84세,90,78.2,통계연보 평균(80세이상)+표준편차 11.5 가정 정규분포 추정
체중,kg,남,80~84세,91,78.9,통계연보 평균(80세이상)+표준편차 11.5 가정 정규분포 추정
체중,kg,남,80~84세,92,79.7,통계연보 평균(80세이상)+표준편차 11.5 가정 정규분포 추정
체중,kg,남,80~84세,93,80.5,통계연보 평균(80세이상)+표준편차 11.5 가정 정규분포 추정
체중,kg,남,80~84세,94,81.4,통계연보 평균(80세이상)+표준편차 11.5 가정 정규분포 추정
체중,kg,남,80~84세,95,82.4,통계연보 평균(80세이상)+표준편차 11.5 가정 정규분포 추정
체중,kg,남,80~84세,96,83.6,통계연보 평균(80세이상)+표준편차 11.5 가정 정규분포 추정
체중,kg,남,80~84세,97,85.1,통계연보 평균(80세이상)+표준편차 11.5 가정 정규분포 추정
체중,kg,남,80~84세,98,87.1,통계연보 평균(80세이상)+표준편차 11.5 가정 정규분포 추정
체중,kg,남,80~84세,99,90.3,통계연보 평균(80세이상)+표준편차 11.5 가정 정규분포 추정
체중,kg,남,80~84세,100,93.1,통계연보 평균(80세이상)+표준편차 11.5 가정 정규분포 추정
체중,kg,남,85세이상,1,36.7,통계연보 평균(80세이상)+표준편차 11.5 가정 정규분포 추정
체중,kg,남,85세이상,2,39.9,통계연보 평균(80세이상)+표준편차 11.5 가정 정규분포 추정
체중,kg,남,85세이상,3,41.9,통계연보 평균(80세이상)+표준편차 11.5 가정 정규분포 추정
체중,kg,남,85세이상,4,43.4,통계연보 평균(80세이상)+표준편차 11.5 가정 정규분포 추정
체중,kg,남,85세이상,5,44.6,통계연보 평균(80세이상)+표준편차 11.5 가정 정규분포 추정
체중,kg,남,85세이상,6,45.6,통계연보 평균(80세이상)+표준편차 11.5 가정 정규분포 추정
체중,kg,남,85세이상,7,46.5,통계연보 평균(80세이상)+표준편차 11.5 가정 정규분포 추정
체중,kg,남,85세이상,8,47.3,통계연보 평균(80세이상)+표준편차 11.5 가정 정규분포 추정
체중,kg,남,85세이상,9,48.1,통계연보 평균(80세이상)+표준편차 11.5 가정 정규분포 추정
체중,kg,남,85세이상,10,48.8,통계연보 평균(80세이상)+표준편차 11.5 가정 정규분포 추정
체중,kg,남,85세이상,11,49.4,통계연보 평균(80세이상)+표준편차 11.5 가정 정규분포 추정
체중,kg,남,85세이상,12,50,통계연보 평균(80세이상)+표준편차 11.5 가정 정규분포 추정
체중,kg,남,85세이상,13,50.5,통계연보 평균(80세이상)+표준편차 11.5 가정 정규분포 추정
체중,kg,남,85세이상,14,51.1,통계연보 평균(80세이상)+표준편차 11.5 가정 정규분포 추정
체중,kg,남,85세이상,15,51.6,통계연보 평균(80세이상)+표준편차 11.5 가정 정규분포 추정
체중,kg,남,85세이상,16,52.1,통계연보 평균(80세이상)+표준편차 11.5 가정 정규분포 추정
체중,kg,남,85세이상,17,52.5,통계연보 평균(80세이상)+표준편차 11.5 가정 정규분포 추정
체중,kg,남,85세이상,18,53,통계연보 평균(80세이상)+표준편차 11.5 가정 정규분포 추정
체중,kg,남,85세이상,19,53.4,통계연보 평균(80세이상)+표준편차 11.5 가정 정규분포 추정
체중,kg,남,85세이상,20,53.8,통계연보 평균(80세이상)+표준편차 11.5 가정 정규분포 추정
체중,kg,남,85세이상,21,54.2,통계연보 평균(80세이상)+표준편차 11.5 가정 정규분포 추정
체중,kg,남,85세이상,22,54.6,통계연보 평균(80세이상)+표준편차 11.5 가정 정규분포 추정
체중,kg,남,85세이상,23,55,통계연보 평균(80세이상)+표준편차 11.5 가정 정규분포 추정
체중,kg,남,85세이상,24,55.4,통계연보 평균(80세이상)+표준편차 11.5 가정 정규분포 추정
체중,kg,남,85세이상,25,55.7,통계연보 평균(80세이상)+표준편차 11.5 가정 정규분포 추정
체중,kg,남,85세이상,26,56.1,통계연보 평균(80세이상)+표준편차 11.5 가정 정규분포 추정
체중,kg,남,85세이상,27,56.5,통계연보 평균(80세이상)+표준편차 11.5 가정 정규분포 추정
체중,kg,남,85세이상,28,56.8,통계연보 평균(80세이상)+표준편차 11.5 가정 정규분포 추정
체중,kg,남,85세이상,29,57.1,통계연보 평균(80세이상)+표준편차 11.5 가정 정규분포 추정
체중,kg,남,85세이상,30,57.5,통계연보 평균(80세이상)+표준편차 11.5 가정 정규분포 추정
체중,kg,남,85세이상,31,57.8,통계연보 평균(80세이상)+표준편차 11.5 가정 정규분포 추정
체중,kg,남,85세이상,32,58.1,통계연보 평균(80세이상)+표준편차 11.5 가정 정규분포 추정
체중,kg,남,85세이상,33,58.4,통계연보 평균(80세이상)+표준편차 11.5 가정 정규분포 추정
체중,kg,남,85세이상,34,58.8,통계연보 평균(80세이상)+표준편차 11.5 가정 정규분포 추정
체중,kg,남,85세이상,35,59.1,통계연보 평균(80세이상)+표준편차 11.5 가정 정규분포 추정
체중,kg,남,85세이상,36,59.4,통계연보 평균(80세이상)+표준편차 11.5 가정 정규분포 추정
체중,kg,남,85세이상,37,59.7,통계연보 평균(80세이상)+표준편차 11.5 가정 정규분포 추정
체중,kg,남,85세이상,38,60,통계연보 평균(80세이상)+표준편차 11.5 가정 정규분포 추정
체중,kg,남,85세이상,39,60.3,통계연보 평균(80세이상)+표준편차 11.5 가정 정규분포 추정
체중,kg,남,85세이상,40,60.6,통계연보 평균(80세이상)+표준편차 11.5 가정 정규분포 추정
체중,kg,남,85세이상,41,60.9,통계연보 평균(80세이상)+표준편차 11.5 가정 정규분포 추정
체중,kg,남,85세이상,42,61.2,통계연보 평균(80세이상)+표준편차 11.5 가정 정규분포 추정
체중,kg,남,85세이상,43,61.5,통계연보 평균(80세이상)+표준편차 11.5 가정 정규분포 추정
체중,kg,남,85세이상,44,61.8,통계연보 평균(80세이상)+표준편차 11.5 가정 정규분포 추정
체중,kg,남,85세이상,45,62.1,통계연보 평균(80세이상)+표준편차 11.5 가정 정규분포 추정
체중,kg,남,85세이상,46,62.3,통계연보 평균(80세이상)+표준편차 11.5 가정 정규분포 추정
체중,kg,남,85세이상,47,62.6,통계연보 평균(80세이상)+표준편차 11.5 가정 정규분포 추정
체중,kg,남,85세이상,48,62.9,통계연보 평균(80세이상)+표준편차 11.5 가정 정규분포 추정
체중,kg,남,85세이상,49,63.2,통계연보 평균(80세이상)+표준편차 11.5 가정 정규분포 추정
체중,kg,남,85세이상,50,63.5,통계연보 평균(80세이상)+표준편차 11.5 가정 정규분포 추정
체중,kg,남,85세이상,51,63.8,통계연보 평균(80세이상)+표준편차 11.5 가정 정규분포 추정
체중,kg,남,85세이상,52,64.1,통계연보 평균(80세이상)+표준편차 11.5 가정 정규분포 추정
체중,kg,남,85세이상,53,64.4,통계연보 평균(80세이상)+표준편차 11.5 가정 정규분포 추정
체중,kg,남,85세이상,54,64.7,통계연보 평균(80세이상)+표준편차 11.5 가정 정규분포 추정
체중,kg,남,85세이상,55,64.9,통계연보 평균(80세이상)+표준편차 11.5 가정 정규분포 추정
체중,kg,남,85세이상,56,65.2,통계연보 평균(80세이상)+표준편차 11.5 가정 정규분포 추정
체중,kg,남,85세이상,57,65.5,통계연보 평균(80세이상)+표준편차 11.5 가정 정규분포 추정
체중,kg,남,85세이상,58,65.8,통계연보 평균(80세이상)+표준편차 11.5 가정 정규분포 추정
체중,kg,남,85세이상,59,66.1,통계연보 평균(80세이상)+표준편차 11.5 가정 정규분포 추정
체중,kg,남,85세이상,60,66.4,통계연보 평균(80세이상)+표준편차 11.5 가정 정규분포 추정
체중,kg,남,85세이상,61,66.7,통계연보 평균(80세이상)+표준편차 11.5 가정 정규분포 추정
체중,kg,남,85세이상,62,67,통계연보 평균(80세이상)+표준편차 11.5 가정 정규분포 추정
체중,kg,남,85세이상,63,67.3,통계연보 평균(80세이상)+표준편차 11.5 가정 정규분포 추정
체중,kg,남,85세이상,64,67.6,통계연보 평균(80세이상)+표준편차 11.5 가정 정규분포 추정
체중,kg,남,85세이상,65,67.9,통계연보 평균(80세이상)+표준편차 11.5 가정 정규분포 추정
체중,kg,남,85세이상,66,68.2,통계연보 평균(80세이상)+표준편차 11.5 가정 정규분포 추정
체중,kg,남,85세이상,67,68.6,통계연보 평균(80세이상)+표준편차 11.5 가정 정규분포 추정
체중,kg,남,85세이상,68,68.9,통계연보 평균(80세이상)+표준편차 11.5 가정 정규분포 추정
체중,kg,남,85세이상,69,69.2,통계연보 평균(80세이상)+표준편차 11.5 가정 정규분포 추정
체중,kg,남,85세이상,70,69.5,통계연보 평균(80세이상)+표준편차 11.5 가정 정규분포 추정
체중,kg,남,85세이상,71,69.9,통계연보 평균(80세이상)+표준편차 11.5 가정 정규분포 추정
체중,kg,남,85세이상,72,70.2,통계연보 평균(80세이상)+표준편차 11.5 가정 정규분포 추정
체중,kg,남,85세이상,73,70.5,통계연보 평균(80세이상)+표준편차 11.5 가정 정규분포 추정
체중,kg,남,85세이상,74,70.9,통계연보 평균(80세이상)+표준편차 11.5 가정 정규분포 추정
체중,kg,남,85세이상,75,71.3,통계연보 평균(80세이상)+표준편차 11.5 가정 정규분포 추정
체중,kg,남,85세이상,76,71.6,통계연보 평균(80세이상)+표준편차 11.5 가정 정규분포 추정
체중,kg,남,85세이상,77,72,통계연보 평균(80세이상)+표준편차 11.5 가정 정규분포 추정
체중,kg,남,85세이상,78,72.4,통계연보 평균(80세이상)+표준편차 11.5 가정 정규분포 추정
체중,kg,남,85세이상,79,72.8,통계연보 평균(80세이상)+표준편차 11.5 가정 정규분포 추정
체중,kg,남,85세이상,80,73.2,통계연보 평균(80세이상)+표준편차 11.5 가정 정규분포 추정
체중,kg,남,85세이상,81,73.6,통계연보 평균(80세이상)+표준편차 11.5 가정 정규분포 추정
체중,kg,남,85세이상,82,74,통계연보 평균(80세이상)+표준편차 11.5 가정 정규분포 추정
체중,kg,남,85세이상,83,74.5,통계연보 평균(80세이상)+표준편차 11.5 가정 정규분포 추정
체중,kg,남,85세이상,84,74.9,통계연보 평균(80세이상)+표준편차 11.5 가정 정규분포 추정
체중,kg,남,85세이상,85,75.4,통계연보 평균(80세이상)+표준편차 11.5 가정 정규분포 추정
체중,kg,남,85세이상,86,75.9,통계연보 평균(80세이상)+표준편차 11.5 가정 정규분포 추정
체중,kg,남,85세이상,87,76.5,통계연보 평균(80세이상)+표준편차 11.5 가정 정규분포 추정
체중,kg,남,85세이상,88,77,통계연보 평균(80세이상)+표준편차 11.5 가정 정규분포 추정
체중,kg,남,85세이상,89,77.6,통계연보 평균(80세이상)+표준편차 11.5 가정 정규분포 추정
체중,kg,남,85세이상,90,78.2,통계연보 평균(80세이상)+표준편차 11.5 가정 정규분포 추정
체중,kg,남,85세이상,91,78.9,통계연보 평균(80세이상)+표준편차 11.5 가정 정규분포 추정
체중,kg,남,85세이상,92,79.7,통계연보 평균(80세이상)+표준편차 11.5 가정 정규분포 추정
체중,kg,남,85세이상,93,80.5,통계연보 평균(80세이상)+표준편차 11.5 가정 정규분포 추정
체중,kg,남,85세이상,94,81.4,통계연보 평균(80세이상)+표준편차 11.5 가정 정규분포 추정
체중,kg,남,85세이상,95,82.4,통계연보 평균(80세이상)+표준편차 11.5 가정 정규분포 추정
체중,kg,남,85세이상,96,83.6,통계연보 평균(80세이상)+표준편차 11.5 가정 정규분포 추정
체중,kg,남,85세이상,97,85.1,통계연보 평균(80세이상)+표준편차 11.5 가정 정규분포 추정
체중,kg,남,85세이상,98,87.1,통계연보 평균(80세이상)+표준편차 11.5 가정 정규분포 추정
체중,kg,남,85세이상,99,90.3,통계연보 평균(80세이상)+표준편차 11.5 가정 정규분포 추정
체중,kg,남,85세이상,100,93.1,통계연보 평균(80세이상)+표준편차 11.5 가정 정규분포 추정
체중,kg,여,19세이하,1,39.4,통계연보 평균(19세이하)+표준편차 9 가정 정규분포 추정
체중,kg,여,19세이하,2,41.8,통계연보 평균(19세이하)+표준편차 9 가정 정규분포 추정
체중,kg,여,19세이하,3,43.4,통계연보 평균(19세이하)+표준편차 9 가정 정규분포 추정
체중,kg,여,19세이하,4,44.5,통계연보 평균(19세이하)+표준편차 9 가정 정규분포 추정
체중,kg,여,19세이하,5,45.5,통계연보 평균(19세이하)+표준편차 9 가정 정규분포 추정
체중,kg,여,19세이하,6,46.3,통계연보 평균(19세이하)+표준편차 9 가정 정규분포 추정
체중,kg,여,19세이하,7,47,통계연보 평균(19세이하)+표준편차 9 가정 정규분포 추정
체중,kg,여,19세이하,8,47.7,통계연보 평균(19세이하)+표준편차 9 가정 정규분포 추정
체중,kg,여,19세이하,9,48.2,통계연보 평균(19세이하)+표준편차 9 가정 정규분포 추정
체중,kg,여,19세이하,10,48.8,통계연보 평균(19세이하)+표준편차 9 가정 정규분포 추정
체중,kg,여,19세이하,11,49.3,통계연보 평균(19세이하)+표준편차 9 가정 정규분포 추정
체중,kg,여,19세이하,12,49.7,통계연보 평균(19세이하)+표준편차 9 가정 정규분포 추정
체중,kg,여,19세이하,13,50.2,통계연보 평균(19세이하)+표준편차 9 가정 정규분포 추정
체중,kg,여,19세이하,14,50.6,통계연보 평균(19세이하)+표준편차 9 가정 정규분포 추정
체중,kg,여,19세이하,15,51,통계연보 평균(19세이하)+표준편차 9 가정 정규분포 추정
체중,kg,여,19세이하,16,51.3,통계연보 평균(19세이하)+표준편차 9 가정 정규분포 추정
체중,kg,여,19세이하,17,51.7,통계연보 평균(19세이하)+표준편차 9 가정 정규분포 추정
체중,kg,여,19세이하,18,52.1,통계연보 평균(19세이하)+표준편차 9 가정 정규분포 추정
체중,kg,여,19세이하,19,52.4,통계연보 평균(19세이하)+표준편차 9 가정 정규분포 추정
체중,kg,여,19세이하,20,52.7,통계연보 평균(19세이하)+표준편차 9 가정 정규분포 추정
체중,kg,여,19세이하,21,53,통계연보 평균(19세이하)+표준편차 9 가정 정규분포 추정
체중,kg,여,19세이하,22,53.4,통계연보 평균(19세이하)+표준편차 9 가정 정규분포 추정
체중,kg,여,19세이하,23,53.7,통계연보 평균(19세이하)+표준편차 9 가정 정규분포 추정
체중,kg,여,19세이하,24,53.9,통계연보 평균(19세이하)+표준편차 9 가정 정규분포 추정
체중,kg,여,19세이하,25,54.2,통계연보 평균(19세이하)+표준편차 9 가정 정규분포 추정
체중,kg,여,19세이하,26,54.5,통계연보 평균(19세이하)+표준편차 9 가정 정규분포 추정
체중,kg,여,19세이하,27,54.8,통계연보 평균(19세이하)+표준편차 9 가정 정규분포 추정
체중,kg,여,19세이하,28,55.1,통계연보 평균(19세이하)+표준편차 9 가정 정규분포 추정
체중,kg,여,19세이하,29,55.3,통계연보 평균(19세이하)+표준편차 9 가정 정규분포 추정
체중,kg,여,19세이하,30,55.6,통계연보 평균(19세이하)+표준편차 9 가정 정규분포 추정
체중,kg,여,19세이하,31,55.8,통계연보 평균(19세이하)+표준편차 9 가정 정규분포 추정
체중,kg,여,19세이하,32,56.1,통계연보 평균(19세이하)+표준편차 9 가정 정규분포 추정
체중,kg,여,19세이하,33,56.3,통계연보 평균(19세이하)+표준편차 9 가정 정규분포 추정
체중,kg,여,19세이하,34,56.6,통계연보 평균(19세이하)+표준편차 9 가정 정규분포 추정
체중,kg,여,19세이하,35,56.8,통계연보 평균(19세이하)+표준편차 9 가정 정규분포 추정
체중,kg,여,19세이하,36,57.1,통계연보 평균(19세이하)+표준편차 9 가정 정규분포 추정
체중,kg,여,19세이하,37,57.3,통계연보 평균(19세이하)+표준편차 9 가정 정규분포 추정
체중,kg,여,19세이하,38,57.6,통계연보 평균(19세이하)+표준편차 9 가정 정규분포 추정
체중,kg,여,19세이하,39,57.8,통계연보 평균(19세이하)+표준편차 9 가정 정규분포 추정
체중,kg,여,19세이하,40,58,통계연보 평균(19세이하)+표준편차 9 가정 정규분포 추정
체중,kg,여,19세이하,41,58.3,통계연보 평균(19세이하)+표준편차 9 가정 정규분포 추정
체중,kg,여,19세이하,42,58.5,통계연보 평균(19세이하)+표준편차 9 가정 정규분포 추정
체중,kg,여,19세이하,43,58.7,통계연보 평균(19세이하)+표준편차 9 가정 정규분포 추정
체중,kg,여,19세이하,44,58.9,통계연보 평균(19세이하)+표준편차 9 가정 정규분포 추정
체중,kg,여,19세이하,45,59.2,통계연보 평균(19세이하)+표준편차 9 가정 정규분포 추정
체중,kg,여,19세이하,46,59.4,통계연보 평균(19세이하)+표준편차 9 가정 정규분포 추정
체중,kg,여,19세이하,47,59.6,통계연보 평균(19세이하)+표준편차 9 가정 정규분포 추정
체중,kg,여,19세이하,48,59.8,통계연보 평균(19세이하)+표준편차 9 가정 정규분포 추정
체중,kg,여,19세이하,49,60.1,통계연보 평균(19세이하)+표준편차 9 가정 정규분포 추정
체중,kg,여,19세이하,50,60.3,통계연보 평균(19세이하)+표준편차 9 가정 정규분포 추정
체중,kg,여,19세이하,51,60.5,통계연보 평균(19세이하)+표준편차 9 가정 정규분포 추정
체중,kg,여,19세이하,52,60.8,통계연보 평균(19세이하)+표준편차 9 가정 정규분포 추정
체중,kg,여,19세이하,53,61,통계연보 평균(19세이하)+표준편차 9 가정 정규분포 추정
체중,kg,여,19세이하,54,61.2,통계연보 평균(19세이하)+표준편차 9 가정 정규분포 추정
체중,kg,여,19세이하,55,61.4,통계연보 평균(19세이하)+표준편차 9 가정 정규분포 추정
체중,kg,여,19세이하,56,61.7,통계연보 평균(19세이하)+표준편차 9 가정 정규분포 추정
체중,kg,여,19세이하,57,61.9,통계연보 평균(19세이하)+표준편차 9 가정 정규분포 추정
체중,kg,여,19세이하,58,62.1,통계연보 평균(19세이하)+표준편차 9 가정 정규분포 추정
체중,kg,여,19세이하,59,62.3,통계연보 평균(19세이하)+표준편차 9 가정 정규분포 추정
체중,kg,여,19세이하,60,62.6,통계연보 평균(19세이하)+표준편차 9 가정 정규분포 추정
체중,kg,여,19세이하,61,62.8,통계연보 평균(19세이하)+표준편차 9 가정 정규분포 추정
체중,kg,여,19세이하,62,63,통계연보 평균(19세이하)+표준편차 9 가정 정규분포 추정
체중,kg,여,19세이하,63,63.3,통계연보 평균(19세이하)+표준편차 9 가정 정규분포 추정
체중,kg,여,19세이하,64,63.5,통계연보 평균(19세이하)+표준편차 9 가정 정규분포 추정
체중,kg,여,19세이하,65,63.8,통계연보 평균(19세이하)+표준편차 9 가정 정규분포 추정
체중,kg,여,19세이하,66,64,통계연보 평균(19세이하)+표준편차 9 가정 정규분포 추정
체중,kg,여,19세이하,67,64.3,통계연보 평균(19세이하)+표준편차 9 가정 정규분포 추정
체중,kg,여,19세이하,68,64.5,통계연보 평균(19세이하)+표준편차 9 가정 정규분포 추정
체중,kg,여,19세이하,69,64.8,통계연보 평균(19세이하)+표준편차 9 가정 정규분포 추정
체중,kg,여,19세이하,70,65,통계연보 평균(19세이하)+표준편차 9 가정 정규분포 추정
체중,kg,여,19세이하,71,65.3,통계연보 평균(19세이하)+표준편차 9 가정 정규분포 추정
체중,kg,여,19세이하,72,65.5,통계연보 평균(19세이하)+표준편차 9 가정 정규분포 추정
체중,kg,여,19세이하,73,65.8,통계연보 평균(19세이하)+표준편차 9 가정 정규분포 추정
체중,kg,여,19세이하,74,66.1,통계연보 평균(19세이하)+표준편차 9 가정 정규분포 추정
체중,kg,여,19세이하,75,66.4,통계연보 평균(19세이하)+표준편차 9 가정 정규분포 추정
체중,kg,여,19세이하,76,66.7,통계연보 평균(19세이하)+표준편차 9 가정 정규분포 추정
체중,kg,여,19세이하,77,66.9,통계연보 평균(19세이하)+표준편차 9 가정 정규분포 추정
체중,kg,여,19세이하,78,67.2,통계연보 평균(19세이하)+표준편차 9 가정 정규분포 추정
체중,kg,여,19세이하,79,67.6,통계연보 평균(19세이하)+표준편차 9 가정 정규분포 추정
체중,kg,여,19세이하,80,67.9,통계연보 평균(19세이하)+표준편차 9 가정 정규분포 추정
체중,kg,여,19세이하,81,68.2,통계연보 평균(19세이하)+표준편차 9 가정 정규분포 추정
체중,kg,여,19세이하,82,68.5,통계연보 평균(19세이하)+표준편차 9 가정 정규분포 추정
체중,kg,여,19세이하,83,68.9,통계연보 평균(19세이하)+표준편차 9 가정 정규분포 추정
체중,kg,여,19세이하,84,69.3,통계연보 평균(19세이하)+표준편차 9 가정 정규분포 추정
체중,kg,여,19세이하,85,69.6,통계연보 평균(19세이하)+표준편차 9 가정 정규분포 추정
체중,kg,여,19세이하,86,70,통계연보 평균(19세이하)+표준편차 9 가정 정규분포 추정
체중,kg,여,19세이하,87,70.4,통계연보 평균(19세이하)+표준편차 9 가정 정규분포 추정
체중,kg,여,19세이하,88,70.9,통계연보 평균(19세이하)+표준편차 9 가정 정규분포 추정
체중,kg,여,19세이하,89,71.3,통계연보 평균(19세이하)+표준편차 9 가정 정규분포 추정
체중,kg,여,19세이하,90,71.8,통계연보 평균(19세이하)+표준편차 9 가정 정규분포 추정
체중,kg,여,19세이하,91,72.4,통계연보 평균(19세이하)+표준편차 9 가정 정규분포 추정
체중,kg,여,19세이하,92,72.9,통계연보 평균(19세이하)+표준편차 9 가정 정규분포 추정
체중,kg,여,19세이하,93,73.6,통계연보 평균(19세이하)+표준편차 9 가정 정규분포 추정
체중,kg,여,19세이하,94,74.3,통계연보 평균(19세이하)+표준편차 9 가정 정규분포 추정
체중,kg,여,19세이하,95,75.1,통계연보 평균(19세이하)+표준편차 9 가정 정규분포 추정
체중,kg,여,19세이하,96,76.1,통계연보 평균(19세이하)+표준편차 9 가정 정규분포 추정
체중,kg,여,19세이하,97,77.2,통계연보 평균(19세이하)+표준편차 9 가정 정규분포 추정
체중,kg,여,19세이하,98,78.8,통계연보 평균(19세이하)+표준편차 9 가정 정규분포 추정
체중,kg,여,19세이하,99,81.2,통계연보 평균(19세이하)+표준편차 9 가정 정규분포 추정
체중,kg,여,19세이하,100,83.5,통계연보 평균(19세이하)+표준편차 9 가정 정규분포 추정
체중,kg,여,20~24세,1,37.7,통계연보 평균(20대)+표준편차 9 가정 정규분포 추정
체중,kg,여,20~24세,2,40.1,통계연보 평균(20대)+표준편차 9 가정 정규분포 추정
체중,kg,여,20~24세,3,41.7,통계연보 평균(20대)+표준편차 9 가정 정규분포 추정
체중,kg,여,20~24세,4,42.8,통계연보 평균(20대)+표준편차 9 가정 정규분포 추정
체중,kg,여,20~24세,5,43.8,통계연보 평균(20대)+표준편차 9 가정 정규분포 추정
체중,kg,여,20~24세,6,44.6,통계연보 평균(20대)+표준편차 9 가정 정규분포 추정
체중,kg,여,20~24세,7,45.3,통계연보 평균(20대)+표준편차 9 가정 정규분포 추정
체중,kg,여,20~24세,8,46,통계연보 평균(20대)+표준편차 9 가정 정규분포 추정
체중,kg,여,20~24세,9,46.5,통계연보 평균(20대)+표준편차 9 가정 정규분포 추정
체중,kg,여,20~24세,10,47.1,통계연보 평균(20대)+표준편차 9 가정 정규분포 추정
체중,kg,여,20~24세,11,47.6,통계연보 평균(20대)+표준편차 9 가정 정규분포 추정
체중,kg,여,20~24세,12,48,통계연보 평균(20대)+표준편차 9 가정 정규분포 추정
체중,kg,여,20~24세,13,48.5,통계연보 평균(20대)+표준편차 9 가정 정규분포 추정
체중,kg,여,20~24세,14,48.9,통계연보 평균(20대)+표준편차 9 가정 정규분포 추정
체중,kg,여,20~24세,15,49.3,통계연보 평균(20대)+표준편차 9 가정 정규분포 추정
체중,kg,여,20~24세,16,49.6,통계연보 평균(20대)+표준편차 9 가정 정규분포 추정
체중,kg,여,20~24세,17,50,통계연보 평균(20대)+표준편차 9 가정 정규분포 추정
체중,kg,여,20~24세,18,50.4,통계연보 평균(20대)+표준편차 9 가정 정규분포 추정
체중,kg,여,20~24세,19,50.7,통계연보 평균(20대)+표준편차 9 가정 정규분포 추정
체중,kg,여,20~24세,20,51,통계연보 평균(20대)+표준편차 9 가정 정규분포 추정
체중,kg,여,20~24세,21,51.3,통계연보 평균(20대)+표준편차 9 가정 정규분포 추정
체중,kg,여,20~24세,22,51.7,통계연보 평균(20대)+표준편차 9 가정 정규분포 추정
체중,kg,여,20~24세,23,52,통계연보 평균(20대)+표준편차 9 가정 정규분포 추정
체중,kg,여,20~24세,24,52.2,통계연보 평균(20대)+표준편차 9 가정 정규분포 추정
체중,kg,여,20~24세,25,52.5,통계연보 평균(20대)+표준편차 9 가정 정규분포 추정
체중,kg,여,20~24세,26,52.8,통계연보 평균(20대)+표준편차 9 가정 정규분포 추정
체중,kg,여,20~24세,27,53.1,통계연보 평균(20대)+표준편차 9 가정 정규분포 추정
체중,kg,여,20~24세,28,53.4,통계연보 평균(20대)+표준편차 9 가정 정규분포 추정
체중,kg,여,20~24세,29,53.6,통계연보 평균(20대)+표준편차 9 가정 정규분포 추정
체중,kg,여,20~24세,30,53.9,통계연보 평균(20대)+표준편차 9 가정 정규분포 추정
체중,kg,여,20~24세,31,54.1,통계연보 평균(20대)+표준편차 9 가정 정규분포 추정
체중,kg,여,20~24세,32,54.4,통계연보 평균(20대)+표준편차 9 가정 정규분포 추정
체중,kg,여,20~24세,33,54.6,통계연보 평균(20대)+표준편차 9 가정 정규분포 추정
체중,kg,여,20~24세,34,54.9,통계연보 평균(20대)+표준편차 9 가정 정규분포 추정
체중,kg,여,20~24세,35,55.1,통계연보 평균(20대)+표준편차 9 가정 정규분포 추정
체중,kg,여,20~24세,36,55.4,통계연보 평균(20대)+표준편차 9 가정 정규분포 추정
체중,kg,여,20~24세,37,55.6,통계연보 평균(20대)+표준편차 9 가정 정규분포 추정
체중,kg,여,20~24세,38,55.9,통계연보 평균(20대)+표준편차 9 가정 정규분포 추정
체중,kg,여,20~24세,39,56.1,통계연보 평균(20대)+표준편차 9 가정 정규분포 추정
체중,kg,여,20~24세,40,56.3,통계연보 평균(20대)+표준편차 9 가정 정규분포 추정
체중,kg,여,20~24세,41,56.6,통계연보 평균(20대)+표준편차 9 가정 정규분포 추정
체중,kg,여,20~24세,42,56.8,통계연보 평균(20대)+표준편차 9 가정 정규분포 추정
체중,kg,여,20~24세,43,57,통계연보 평균(20대)+표준편차 9 가정 정규분포 추정
체중,kg,여,20~24세,44,57.2,통계연보 평균(20대)+표준편차 9 가정 정규분포 추정
체중,kg,여,20~24세,45,57.5,통계연보 평균(20대)+표준편차 9 가정 정규분포 추정
체중,kg,여,20~24세,46,57.7,통계연보 평균(20대)+표준편차 9 가정 정규분포 추정
체중,kg,여,20~24세,47,57.9,통계연보 평균(20대)+표준편차 9 가정 정규분포 추정
체중,kg,여,20~24세,48,58.1,통계연보 평균(20대)+표준편차 9 가정 정규분포 추정
체중,kg,여,20~24세,49,58.4,통계연보 평균(20대)+표준편차 9 가정 정규분포 추정
체중,kg,여,20~24세,50,58.6,통계연보 평균(20대)+표준편차 9 가정 정규분포 추정
체중,kg,여,20~24세,51,58.8,통계연보 평균(20대)+표준편차 9 가정 정규분포 추정
체중,kg,여,20~24세,52,59.1,통계연보 평균(20대)+표준편차 9 가정 정규분포 추정
체중,kg,여,20~24세,53,59.3,통계연보 평균(20대)+표준편차 9 가정 정규분포 추정
체중,kg,여,20~24세,54,59.5,통계연보 평균(20대)+표준편차 9 가정 정규분포 추정
체중,kg,여,20~24세,55,59.7,통계연보 평균(20대)+표준편차 9 가정 정규분포 추정
체중,kg,여,20~24세,56,60,통계연보 평균(20대)+표준편차 9 가정 정규분포 추정
체중,kg,여,20~24세,57,60.2,통계연보 평균(20대)+표준편차 9 가정 정규분포 추정
체중,kg,여,20~24세,58,60.4,통계연보 평균(20대)+표준편차 9 가정 정규분포 추정
체중,kg,여,20~24세,59,60.6,통계연보 평균(20대)+표준편차 9 가정 정규분포 추정
체중,kg,여,20~24세,60,60.9,통계연보 평균(20대)+표준편차 9 가정 정규분포 추정
체중,kg,여,20~24세,61,61.1,통계연보 평균(20대)+표준편차 9 가정 정규분포 추정
체중,kg,여,20~24세,62,61.3,통계연보 평균(20대)+표준편차 9 가정 정규분포 추정
체중,kg,여,20~24세,63,61.6,통계연보 평균(20대)+표준편차 9 가정 정규분포 추정
체중,kg,여,20~24세,64,61.8,통계연보 평균(20대)+표준편차 9 가정 정규분포 추정
체중,kg,여,20~24세,65,62.1,통계연보 평균(20대)+표준편차 9 가정 정규분포 추정
체중,kg,여,20~24세,66,62.3,통계연보 평균(20대)+표준편차 9 가정 정규분포 추정
체중,kg,여,20~24세,67,62.6,통계연보 평균(20대)+표준편차 9 가정 정규분포 추정
체중,kg,여,20~24세,68,62.8,통계연보 평균(20대)+표준편차 9 가정 정규분포 추정
체중,kg,여,20~24세,69,63.1,통계연보 평균(20대)+표준편차 9 가정 정규분포 추정
체중,kg,여,20~24세,70,63.3,통계연보 평균(20대)+표준편차 9 가정 정규분포 추정
체중,kg,여,20~24세,71,63.6,통계연보 평균(20대)+표준편차 9 가정 정규분포 추정
체중,kg,여,20~24세,72,63.8,통계연보 평균(20대)+표준편차 9 가정 정규분포 추정
체중,kg,여,20~24세,73,64.1,통계연보 평균(20대)+표준편차 9 가정 정규분포 추정
체중,kg,여,20~24세,74,64.4,통계연보 평균(20대)+표준편차 9 가정 정규분포 추정
체중,kg,여,20~24세,75,64.7,통계연보 평균(20대)+표준편차 9 가정 정규분포 추정
체중,kg,여,20~24세,76,65,통계연보 평균(20대)+표준편차 9 가정 정규분포 추정
체중,kg,여,20~24세,77,65.2,통계연보 평균(20대)+표준편차 9 가정 정규분포 추정
체중,kg,여,20~24세,78,65.5,통계연보 평균(20대)+표준편차 9 가정 정규분포 추정
체중,kg,여,20~24세,79,65.9,통계연보 평균(20대)+표준편차 9 가정 정규분포 추정
체중,kg,여,20~24세,80,66.2,통계연보 평균(20대)+표준편차 9 가정 정규분포 추정
체중,kg,여,20~24세,81,66.5,통계연보 평균(20대)+표준편차 9 가정 정규분포 추정
체중,kg,여,20~24세,82,66.8,통계연보 평균(20대)+표준편차 9 가정 정규분포 추정
체중,kg,여,20~24세,83,67.2,통계연보 평균(20대)+표준편차 9 가정 정규분포 추정
체중,kg,여,20~24세,84,67.6,통계연보 평균(20대)+표준편차 9 가정 정규분포 추정
체중,kg,여,20~24세,85,67.9,통계연보 평균(20대)+표준편차 9 가정 정규분포 추정
체중,kg,여,20~24세,86,68.3,통계연보 평균(20대)+표준편차 9 가정 정규분포 추정
체중,kg,여,20~24세,87,68.7,통계연보 평균(20대)+표준편차 9 가정 정규분포 추정
체중,kg,여,20~24세,88,69.2,통계연보 평균(20대)+표준편차 9 가정 정규분포 추정
체중,kg,여,20~24세,89,69.6,통계연보 평균(20대)+표준편차 9 가정 정규분포 추정
체중,kg,여,20~24세,90,70.1,통계연보 평균(20대)+표준편차 9 가정 정규분포 추정
체중,kg,여,20~24세,91,70.7,통계연보 평균(20대)+표준편차 9 가정 정규분포 추정
체중,kg,여,20~24세,92,71.2,통계연보 평균(20대)+표준편차 9 가정 정규분포 추정
체중,kg,여,20~24세,93,71.9,통계연보 평균(20대)+표준편차 9 가정 정규분포 추정
체중,kg,여,20~24세,94,72.6,통계연보 평균(20대)+표준편차 9 가정 정규분포 추정
체중,kg,여,20~24세,95,73.4,통계연보 평균(20대)+표준편차 9 가정 정규분포 추정
체중,kg,여,20~24세,96,74.4,통계연보 평균(20대)+표준편차 9 가정 정규분포 추정
체중,kg,여,20~24세,97,75.5,통계연보 평균(20대)+표준편차 9 가정 정규분포 추정
체중,kg,여,20~24세,98,77.1,통계연보 평균(20대)+표준편차 9 가정 정규분포 추정
체중,kg,여,20~24세,99,79.5,통계연보 평균(20대)+표준편차 9 가정 정규분포 추정
체중,kg,여,20~24세,100,81.8,통계연보 평균(20대)+표준편차 9 가정 정규분포 추정
체중,kg,여,25~29세,1,37.7,통계연보 평균(20대)+표준편차 9 가정 정규분포 추정
체중,kg,여,25~29세,2,40.1,통계연보 평균(20대)+표준편차 9 가정 정규분포 추정
체중,kg,여,25~29세,3,41.7,통계연보 평균(20대)+표준편차 9 가정 정규분포 추정
체중,kg,여,25~29세,4,42.8,통계연보 평균(20대)+표준편차 9 가정 정규분포 추정
체중,kg,여,25~29세,5,43.8,통계연보 평균(20대)+표준편차 9 가정 정규분포 추정
체중,kg,여,25~29세,6,44.6,통계연보 평균(20대)+표준편차 9 가정 정규분포 추정
체중,kg,여,25~29세,7,45.3,통계연보 평균(20대)+표준편차 9 가정 정규분포 추정
체중,kg,여,25~29세,8,46,통계연보 평균(20대)+표준편차 9 가정 정규분포 추정
체중,kg,여,25~29세,9,46.5,통계연보 평균(20대)+표준편차 9 가정 정규분포 추정
체중,kg,여,25~29세,10,47.1,통계연보 평균(20대)+표준편차 9 가정 정규분포 추정
체중,kg,여,25~29세,11,47.6,통계연보 평균(20대)+표준편차 9 가정 정규분포 추정
체중,kg,여,25~29세,12,48,통계연보 평균(20대)+표준편차 9 가정 정규분포 추정
체중,kg,여,25~29세,13,48.5,통계연보 평균(20대)+표준편차 9 가정 정규분포 추정
체중,kg,여,25~29세,14,48.9,통계연보 평균(20대)+표준편차 9 가정 정규분포 추정
체중,kg,여,25~29세,15,49.3,통계연보 평균(20대)+표준편차 9 가정 정규분포 추정
체중,kg,여,25~29세,16,49.6,통계연보 평균(20대)+표준편차 9 가정 정규분포 추정
체중,kg,여,25~29세,17,50,통계연보 평균(20대)+표준편차 9 가정 정규분포 추정
체중,kg,여,25~29세,18,50.4,통계연보 평균(20대)+표준편차 9 가정 정규분포 추정
체중,kg,여,25~29세,19,50.7,통계연보 평균(20대)+표준편차 9 가정 정규분포 추정
체중,kg,여,25~29세,20,51,통계연보 평균(20대)+표준편차 9 가정 정규분포 추정
체중,kg,여,25~29세,21,51.3,통계연보 평균(20대)+표준편차 9 가정 정규분포 추정
체중,kg,여,25~29세,22,51.7,통계연보 평균(20대)+표준편차 9 가정 정규분포 추정
체중,kg,여,25~29세,23,52,통계연보 평균(20대)+표준편차 9 가정 정규분포 추정
체중,kg,여,25~29세,24,52.2,통계연보 평균(20대)+표준편차 9 가정 정규분포 추정
체중,kg,여,25~29세,25,52.5,통계연보 평균(20대)+표준편차 9 가정 정규분포 추정
체중,kg,여,25~29세,26,52.8,통계연보 평균(20대)+표준편차 9 가정 정규분포 추정
체중,kg,여,25~29세,27,53.1,통계연보 평균(20대)+표준편차 9 가정 정규분포 추정
체중,kg,여,25~29세,28,53.4,통계연보 평균(20대)+표준편차 9 가정 정규분포 추정
체중,kg,여,25~29세,29,53.6,통계연보 평균(20대)+표준편차 9 가정 정규분포 추정
체중,kg,여,25~29세,30,53.9,통계연보 평균(20대)+표준편차 9 가정 정규분포 추정
체중,kg,여,25~29세,31,54.1,통계연보 평균(20대)+표준편차 9 가정 정규분포 추정
체중,kg,여,25~29세,32,54.4,통계연보 평균(20대)+표준편차 9 가정 정규분포 추정
체중,kg,여,25~29세,33,54.6,통계연보 평균(20대)+표준편차 9 가정 정규분포 추정
체중,kg,여,25~29세,34,54.9,통계연보 평균(20대)+표준편차 9 가정 정규분포 추정
체중,kg,여,25~29세,35,55.1,통계연보 평균(20대)+표준편차 9 가정 정규분포 추정
체중,kg,여,25~29세,36,55.4,통계연보 평균(20대)+표준편차 9 가정 정규분포 추정
체중,kg,여,25~29세,37,55.6,통계연보 평균(20대)+표준편차 9 가정 정규분포 추정
체중,kg,여,25~29세,38,55.9,통계연보 평균(20대)+표준편차 9 가정 정규분포 추정
체중,kg,여,25~29세,39,56.1,통계연보 평균(20대)+표준편차 9 가정 정규분포 추정
체중,kg,여,25~29세,40,56.3,통계연보 평균(20대)+표준편차 9 가정 정규분포 추정
체중,kg,여,25~29세,41,56.6,통계연보 평균(20대)+표준편차 9 가정 정규분포 추정
체중,kg,여,25~29세,42,56.8,통계연보 평균(20대)+표준편차 9 가정 정규분포 추정
체중,kg,여,25~29세,43,57,통계연보 평균(20대)+표준편차 9 가정 정규분포 추정
체중,kg,여,25~29세,44,57.2,통계연보 평균(20대)+표준편차 9 가정 정규분포 추정
체중,kg,여,25~29세,45,57.5,통계연보 평균(20대)+표준편차 9 가정 정규분포 추정
체중,kg,여,25~29세,46,57.7,통계연보 평균(20대)+표준편차 9 가정 정규분포 추정
체중,kg,여,25~29세,47,57.9,통계연보 평균(20대)+표준편차 9 가정 정규분포 추정
체중,kg,여,25~29세,48,58.1,통계연보 평균(20대)+표준편차 9 가정 정규분포 추정
체중,kg,여,25~29세,49,58.4,통계연보 평균(20대)+표준편차 9 가정 정규분포 추정
체중,kg,여,25~29세,50,58.6,통계연보 평균(20대)+표준편차 9 가정 정규분포 추정
체중,kg,여,25~29세,51,58.8,통계연보 평균(20대)+표준편차 9 가정 정규분포 추정
체중,kg,여,25~29세,52,59.1,통계연보 평균(20대)+표준편차 9 가정 정규분포 추정
체중,kg,여,25~29세,53,59.3,통계연보 평균(20대)+표준편차 9 가정 정규분포 추정
체중,kg,여,25~29세,54,59.5,통계연보 평균(20대)+표준편차 9 가정 정규분포 추정
체중,kg,여,25~29세,55,59.7,통계연보 평균(20대)+표준편차 9 가정 정규분포 추정
체중,kg,여,25~29세,56,60,통계연보 평균(20대)+표준편차 9 가정 정규분포 추정
체중,kg,여,25~29세,57,60.2,통계연보 평균(20대)+표준편차 9 가정 정규분포 추정
체중,kg,여,25~29세,58,60.4,통계연보 평균(20대)+표준편차 9 가정 정규분포 추정
체중,kg,여,25~29세,59,60.6,통계연보 평균(20대)+표준편차 9 가정 정규분포 추정
체중,kg,여,25~29세,60,60.9,통계연보 평균(20대)+표준편차 9 가정 정규분포 추정
체중,kg,여,25~29세,61,61.1,통계연보 평균(20대)+표준편차 9 가정 정규분포 추정
체중,kg,여,25~29세,62,61.3,통계연보 평균(20대)+표준편차 9 가정 정규분포 추정
체중,kg,여,25~29세,63,61.6,통계연보 평균(20대)+표준편차 9 가정 정규분포 추정
체중,kg,여,25~29세,64,61.8,통계연보 평균(20대)+표준편차 9 가정 정규분포 추정
체중,kg,여,25~29세,65,62.1,통계연보 평균(20대)+표준편차 9 가정 정규분포 추정
체중,kg,여,25~29세,66,62.3,통계연보 평균(20대)+표준편차 9 가정 정규분포 추정
체중,kg,여,25~29세,67,62.6,통계연보 평균(20대)+표준편차 9 가정 정규분포 추정
체중,kg,여,25~29세,68,62.8,통계연보 평균(20대)+표준편차 9 가정 정규분포 추정
체중,kg,여,25~29세,69,63.1,통계연보 평균(20대)+표준편차 9 가정 정규분포 추정
체중,kg,여,25~29세,70,63.3,통계연보 평균(20대)+표준편차 9 가정 정규분포 추정
체중,kg,여,25~29세,71,63.6,통계연보 평균(20대)+표준편차 9 가정 정규분포 추정
체중,kg,여,25~29세,72,63.8,통계연보 평균(20대)+표준편차 9 가정 정규분포 추정
체중,kg,여,25~29세,73,64.1,통계연보 평균(20대)+표준편차 9 가정 정규분포 추정
체중,kg,여,25~29세,74,64.4,통계연보 평균(20대)+표준편차 9 가정 정규분포 추정
체중,kg,여,25~29세,75,64.7,통계연보 평균(20대)+표준편차 9 가정 정규분포 추정
체중,kg,여,25~29세,76,65,통계연보 평균(20대)+표준편차 9 가정 정규분포 추정
체중,kg,여,25~29세,77,65.2,통계연보 평균(20대)+표준편차 9 가정 정규분포 추정
체중,kg,여,25~29세,78,65.5,통계연보 평균(20대)+표준편차 9 가정 정규분포 추정
체중,kg,여,25~29세,79,65.9,통계연보 평균(20대)+표준편차 9 가정 정규분포 추정
체중,kg,여,25~29세,80,66.2,통계연보 평균(20대)+표준편차 9 가정 정규분포 추정
체중,kg,여,25~29세,81,66.5,통계연보 평균(20대)+표준편차 9 가정 정규분포 추정
체중,kg,여,25~29세,82,66.8,통계연보 평균(20대)+표준편차 9 가정 정규분포 추정
체중,kg,여,25~29세,83,67.2,통계연보 평균(20대)+표준편차 9 가정 정규분포 추정
체중,kg,여,25~29세,84,67.6,통계연보 평균(20대)+표준편차 9 가정 정규분포 추정
체중,kg,여,25~29세,85,67.9,통계연보 평균(20대)+표준편차 9 가정 정규분포 추정
체중,kg,여,25~29세,86,68.3,통계연보 평균(20대)+표준편차 9 가정 정규분포 추정
체중,kg,여,25~29세,87,68.7,통계연보 평균(20대)+표준편차 9 가정 정규분포 추정
체중,kg,여,25~29세,88,69.2,통계연보 평균(20대)+표준편차 9 가정 정규분포 추정
체중,kg,여,25~29세,89,69.6,통계연보 평균(20대)+표준편차 9 가정 정규분포 추정
체중,kg,여,25~29세,90,70.1,통계연보 평균(20대)+표준편차 9 가정 정규분포 추정
체중,kg,여,25~29세,91,70.7,통계연보 평균(20대)+표준편차 9 가정 정규분포 추정
체중,kg,여,25~29세,92,71.2,통계연보 평균(20대)+표준편차 9 가정 정규분포 추정
체중,kg,여,25~29세,93,71.9,통계연보 평균(20대)+표준편차 9 가정 정규분포 추정
체중,kg,여,25~29세,94,72.6,통계연보 평균(20대)+표준편차 9 가정 정규분포 추정
체중,kg,여,25~29세,95,73.4,통계연보 평균(20대)+표준편차 9 가정 정규분포 추정
체중,kg,여,25~29세,96,74.4,통계연보 평균(20대)+표준편차 9 가정 정규분포 추정
체중,kg,여,25~29세,97,75.5,통계연보 평균(20대)+표준편차 9 가정 정규분포 추정
체중,kg,여,25~29세,98,77.1,통계연보 평균(20대)+표준편차 9 가정 정규분포 추정
체중,kg,여,25~29세,99,79.5,통계연보 평균(20대)+표준편차 9 가정 정규분포 추정
체중,kg,여,25~29세,100,81.8,통계연보 평균(20대)+표준편차 9 가정 정규분포 추정
체중,kg,여,30~34세,1,39.3,통계연보 평균(30대)+표준편차 9 가정 정규분포 추정
체중,kg,여,30~34세,2,41.7,통계연보 평균(30대)+표준편차 9 가정 정규분포 추정
체중,kg,여,30~34세,3,43.3,통계연보 평균(30대)+표준편차 9 가정 정규분포 추정
체중,kg,여,30~34세,4,44.4,통계연보 평균(30대)+표준편차 9 가정 정규분포 추정
체중,kg,여,30~34세,5,45.4,통계연보 평균(30대)+표준편차 9 가정 정규분포 추정
체중,kg,여,30~34세,6,46.2,통계연보 평균(30대)+표준편차 9 가정 정규분포 추정
체중,kg,여,30~34세,7,46.9,통계연보 평균(30대)+표준편차 9 가정 정규분포 추정
체중,kg,여,30~34세,8,47.6,통계연보 평균(30대)+표준편차 9 가정 정규분포 추정
체중,kg,여,30~34세,9,48.1,통계연보 평균(30대)+표준편차 9 가정 정규분포 추정
체중,kg,여,30~34세,10,48.7,통계연보 평균(30대)+표준편차 9 가정 정규분포 추정
체중,kg,여,30~34세,11,49.2,통계연보 평균(30대)+표준편차 9 가정 정규분포 추정
체중,kg,여,30~34세,12,49.6,통계연보 평균(30대)+표준편차 9 가정 정규분포 추정
체중,kg,여,30~34세,13,50.1,통계연보 평균(30대)+표준편차 9 가정 정규분포 추정
체중,kg,여,30~34세,14,50.5,통계연보 평균(30대)+표준편차 9 가정 정규분포 추정
체중,kg,여,30~34세,15,50.9,통계연보 평균(30대)+표준편차 9 가정 정규분포 추정
체중,kg,여,30~34세,16,51.2,통계연보 평균(30대)+표준편차 9 가정 정규분포 추정
체중,kg,여,30~34세,17,51.6,통계연보 평균(30대)+표준편차 9 가정 정규분포 추정
체중,kg,여,30~34세,18,52,통계연보 평균(30대)+표준편차 9 가정 정규분포 추정
체중,kg,여,30~34세,19,52.3,통계연보 평균(30대)+표준편차 9 가정 정규분포 추정
체중,kg,여,30~34세,20,52.6,통계연보 평균(30대)+표준편차 9 가정 정규분포 추정
체중,kg,여,30~34세,21,52.9,통계연보 평균(30대)+표준편차 9 가정 정규분포 추정
체중,kg,여,30~34세,22,53.3,통계연보 평균(30대)+표준편차 9 가정 정규분포 추정
체중,kg,여,30~34세,23,53.6,통계연보 평균(30대)+표준편차 9 가정 정규분포 추정
체중,kg,여,30~34세,24,53.8,통계연보 평균(30대)+표준편차 9 가정 정규분포 추정
체중,kg,여,30~34세,25,54.1,통계연보 평균(30대)+표준편차 9 가정 정규분포 추정
체중,kg,여,30~34세,26,54.4,통계연보 평균(30대)+표준편차 9 가정 정규분포 추정
체중,kg,여,30~34세,27,54.7,통계연보 평균(30대)+표준편차 9 가정 정규분포 추정
체중,kg,여,30~34세,28,55,통계연보 평균(30대)+표준편차 9 가정 정규분포 추정
체중,kg,여,30~34세,29,55.2,통계연보 평균(30대)+표준편차 9 가정 정규분포 추정
체중,kg,여,30~34세,30,55.5,통계연보 평균(30대)+표준편차 9 가정 정규분포 추정
체중,kg,여,30~34세,31,55.7,통계연보 평균(30대)+표준편차 9 가정 정규분포 추정
체중,kg,여,30~34세,32,56,통계연보 평균(30대)+표준편차 9 가정 정규분포 추정
체중,kg,여,30~34세,33,56.2,통계연보 평균(30대)+표준편차 9 가정 정규분포 추정
체중,kg,여,30~34세,34,56.5,통계연보 평균(30대)+표준편차 9 가정 정규분포 추정
체중,kg,여,30~34세,35,56.7,통계연보 평균(30대)+표준편차 9 가정 정규분포 추정
체중,kg,여,30~34세,36,57,통계연보 평균(30대)+표준편차 9 가정 정규분포 추정
체중,kg,여,30~34세,37,57.2,통계연보 평균(30대)+표준편차 9 가정 정규분포 추정
체중,kg,여,30~34세,38,57.5,통계연보 평균(30대)+표준편차 9 가정 정규분포 추정
체중,kg,여,30~34세,39,57.7,통계연보 평균(30대)+표준편차 9 가정 정규분포 추정
체중,kg,여,30~34세,40,57.9,통계연보 평균(30대)+표준편차 9 가정 정규분포 추정
체중,kg,여,30~34세,41,58.2,통계연보 평균(30대)+표준편차 9 가정 정규분포 추정
체중,kg,여,30~34세,42,58.4,통계연보 평균(30대)+표준편차 9 가정 정규분포 추정
체중,kg,여,30~34세,43,58.6,통계연보 평균(30대)+표준편차 9 가정 정규분포 추정
체중,kg,여,30~34세,44,58.8,통계연보 평균(30대)+표준편차 9 가정 정규분포 추정
체중,kg,여,30~34세,45,59.1,통계연보 평균(30대)+표준편차 9 가정 정규분포 추정
체중,kg,여,30~34세,46,59.3,통계연보 평균(30대)+표준편차 9 가정 정규분포 추정
체중,kg,여,30~34세,47,59.5,통계연보 평균(30대)+표준편차 9 가정 정규분포 추정
체중,kg,여,30~34세,48,59.7,통계연보 평균(30대)+표준편차 9 가정 정규분포 추정
체중,kg,여,30~34세,49,60,통계연보 평균(30대)+표준편차 9 가정 정규분포 추정
체중,kg,여,30~34세,50,60.2,통계연보 평균(30대)+표준편차 9 가정 정규분포 추정
체중,kg,여,30~34세,51,60.4,통계연보 평균(30대)+표준편차 9 가정 정규분포 추정
체중,kg,여,30~34세,52,60.7,통계연보 평균(30대)+표준편차 9 가정 정규분포 추정
체중,kg,여,30~34세,53,60.9,통계연보 평균(30대)+표준편차 9 가정 정규분포 추정
체중,kg,여,30~34세,54,61.1,통계연보 평균(30대)+표준편차 9 가정 정규분포 추정
체중,kg,여,30~34세,55,61.3,통계연보 평균(30대)+표준편차 9 가정 정규분포 추정
체중,kg,여,30~34세,56,61.6,통계연보 평균(30대)+표준편차 9 가정 정규분포 추정
체중,kg,여,30~34세,57,61.8,통계연보 평균(30대)+표준편차 9 가정 정규분포 추정
체중,kg,여,30~34세,58,62,통계연보 평균(30대)+표준편차 9 가정 정규분포 추정
체중,kg,여,30~34세,59,62.2,통계연보 평균(30대)+표준편차 9 가정 정규분포 추정
체중,kg,여,30~34세,60,62.5,통계연보 평균(30대)+표준편차 9 가정 정규분포 추정
체중,kg,여,30~34세,61,62.7,통계연보 평균(30대)+표준편차 9 가정 정규분포 추정
체중,kg,여,30~34세,62,62.9,통계연보 평균(30대)+표준편차 9 가정 정규분포 추정
체중,kg,여,30~34세,63,63.2,통계연보 평균(30대)+표준편차 9 가정 정규분포 추정
체중,kg,여,30~34세,64,63.4,통계연보 평균(30대)+표준편차 9 가정 정규분포 추정
체중,kg,여,30~34세,65,63.7,통계연보 평균(30대)+표준편차 9 가정 정규분포 추정
체중,kg,여,30~34세,66,63.9,통계연보 평균(30대)+표준편차 9 가정 정규분포 추정
체중,kg,여,30~34세,67,64.2,통계연보 평균(30대)+표준편차 9 가정 정규분포 추정
체중,kg,여,30~34세,68,64.4,통계연보 평균(30대)+표준편차 9 가정 정규분포 추정
체중,kg,여,30~34세,69,64.7,통계연보 평균(30대)+표준편차 9 가정 정규분포 추정
체중,kg,여,30~34세,70,64.9,통계연보 평균(30대)+표준편차 9 가정 정규분포 추정
체중,kg,여,30~34세,71,65.2,통계연보 평균(30대)+표준편차 9 가정 정규분포 추정
체중,kg,여,30~34세,72,65.4,통계연보 평균(30대)+표준편차 9 가정 정규분포 추정
체중,kg,여,30~34세,73,65.7,통계연보 평균(30대)+표준편차 9 가정 정규분포 추정
체중,kg,여,30~34세,74,66,통계연보 평균(30대)+표준편차 9 가정 정규분포 추정
체중,kg,여,30~34세,75,66.3,통계연보 평균(30대)+표준편차 9 가정 정규분포 추정
체중,kg,여,30~34세,76,66.6,통계연보 평균(30대)+표준편차 9 가정 정규분포 추정
체중,kg,여,30~34세,77,66.8,통계연보 평균(30대)+표준편차 9 가정 정규분포 추정
체중,kg,여,30~34세,78,67.1,통계연보 평균(30대)+표준편차 9 가정 정규분포 추정
체중,kg,여,30~34세,79,67.5,통계연보 평균(30대)+표준편차 9 가정 정규분포 추정
체중,kg,여,30~34세,80,67.8,통계연보 평균(30대)+표준편차 9 가정 정규분포 추정
체중,kg,여,30~34세,81,68.1,통계연보 평균(30대)+표준편차 9 가정 정규분포 추정
체중,kg,여,30~34세,82,68.4,통계연보 평균(30대)+표준편차 9 가정 정규분포 추정
체중,kg,여,30~34세,83,68.8,통계연보 평균(30대)+표준편차 9 가정 정규분포 추정
체중,kg,여,30~34세,84,69.2,통계연보 평균(30대)+표준편차 9 가정 정규분포 추정
체중,kg,여,30~34세,85,69.5,통계연보 평균(30대)+표준편차 9 가정 정규분포 추정
체중,kg,여,30~34세,86,69.9,통계연보 평균(30대)+표준편차 9 가정 정규분포 추정
체중,kg,여,30~34세,87,70.3,통계연보 평균(30대)+표준편차 9 가정 정규분포 추정
체중,kg,여,30~34세,88,70.8,통계연보 평균(30대)+표준편차 9 가정 정규분포 추정
체중,kg,여,30~34세,89,71.2,통계연보 평균(30대)+표준편차 9 가정 정규분포 추정
체중,kg,여,30~34세,90,71.7,통계연보 평균(30대)+표준편차 9 가정 정규분포 추정
체중,kg,여,30~34세,91,72.3,통계연보 평균(30대)+표준편차 9 가정 정규분포 추정
체중,kg,여,30~34세,92,72.8,통계연보 평균(30대)+표준편차 9 가정 정규분포 추정
체중,kg,여,30~34세,93,73.5,통계연보 평균(30대)+표준편차 9 가정 정규분포 추정
체중,kg,여,30~34세,94,74.2,통계연보 평균(30대)+표준편차 9 가정 정규분포 추정
체중,kg,여,30~34세,95,75,통계연보 평균(30대)+표준편차 9 가정 정규분포 추정
체중,kg,여,30~34세,96,76,통계연보 평균(30대)+표준편차 9 가정 정규분포 추정
체중,kg,여,30~34세,97,77.1,통계연보 평균(30대)+표준편차 9 가정 정규분포 추정
체중,kg,여,30~34세,98,78.7,통계연보 평균(30대)+표준편차 9 가정 정규분포 추정
체중,kg,여,30~34세,99,81.1,통계연보 평균(30대)+표준편차 9 가정 정규분포 추정
체중,kg,여,30~34세,100,83.4,통계연보 평균(30대)+표준편차 9 가정 정규분포 추정
체중,kg,여,35~39세,1,39.3,통계연보 평균(30대)+표준편차 9 가정 정규분포 추정
체중,kg,여,35~39세,2,41.7,통계연보 평균(30대)+표준편차 9 가정 정규분포 추정
체중,kg,여,35~39세,3,43.3,통계연보 평균(30대)+표준편차 9 가정 정규분포 추정
체중,kg,여,35~39세,4,44.4,통계연보 평균(30대)+표준편차 9 가정 정규분포 추정
체중,kg,여,35~39세,5,45.4,통계연보 평균(30대)+표준편차 9 가정 정규분포 추정
체중,kg,여,35~39세,6,46.2,통계연보 평균(30대)+표준편차 9 가정 정규분포 추정
체중,kg,여,35~39세,7,46.9,통계연보 평균(30대)+표준편차 9 가정 정규분포 추정
체중,kg,여,35~39세,8,47.6,통계연보 평균(30대)+표준편차 9 가정 정규분포 추정
체중,kg,여,35~39세,9,48.1,통계연보 평균(30대)+표준편차 9 가정 정규분포 추정
체중,kg,여,35~39세,10,48.7,통계연보 평균(30대)+표준편차 9 가정 정규분포 추정
체중,kg,여,35~39세,11,49.2,통계연보 평균(30대)+표준편차 9 가정 정규분포 추정
체중,kg,여,35~39세,12,49.6,통계연보 평균(30대)+표준편차 9 가정 정규분포 추정
체중,kg,여,35~39세,13,50.1,통계연보 평균(30대)+표준편차 9 가정 정규분포 추정
체중,kg,여,35~39세,14,50.5,통계연보 평균(30대)+표준편차 9 가정 정규분포 추정
체중,kg,여,35~39세,15,50.9,통계연보 평균(30대)+표준편차 9 가정 정규분포 추정
체중,kg,여,35~39세,16,51.2,통계연보 평균(30대)+표준편차 9 가정 정규분포 추정
체중,kg,여,35~39세,17,51.6,통계연보 평균(30대)+표준편차 9 가정 정규분포 추정
체중,kg,여,35~39세,18,52,통계연보 평균(30대)+표준편차 9 가정 정규분포 추정
체중,kg,여,35~39세,19,52.3,통계연보 평균(30대)+표준편차 9 가정 정규분포 추정
체중,kg,여,35~39세,20,52.6,통계연보 평균(30대)+표준편차 9 가정 정규분포 추정
체중,kg,여,35~39세,21,52.9,통계연보 평균(30대)+표준편차 9 가정 정규분포 추정
체중,kg,여,35~39세,22,53.3,통계연보 평균(30대)+표준편차 9 가정 정규분포 추정
체중,kg,여,35~39세,23,53.6,통계연보 평균(30대)+표준편차 9 가정 정규분포 추정
체중,kg,여,35~39세,24,53.8,통계연보 평균(30대)+표준편차 9 가정 정규분포 추정
체중,kg,여,35~39세,25,54.1,통계연보 평균(30대)+표준편차 9 가정 정규분포 추정
체중,kg,여,35~39세,26,54.4,통계연보 평균(30대)+표준편차 9 가정 정규분포 추정
체중,kg,여,35~39세,27,54.7,통계연보 평균(30대)+표준편차 9 가정 정규분포 추정
체중,kg,여,35~39세,28,55,통계연보 평균(30대)+표준편차 9 가정 정규분포 추정
체중,kg,여,35~39세,29,55.2,통계연보 평균(30대)+표준편차 9 가정 정규분포 추정
체중,kg,여,35~39세,30,55.5,통계연보 평균(30대)+표준편차 9 가정 정규분포 추정
체중,kg,여,35~39세,31,55.7,통계연보 평균(30대)+표준편차 9 가정 정규분포 추정
체중,kg,여,35~39세,32,56,통계연보 평균(30대)+표준편차 9 가정 정규분포 추정
체중,kg,여,35~39세,33,56.2,통계연보 평균(30대)+표준편차 9 가정 정규분포 추정
체중,kg,여,35~39세,34,56.5,통계연보 평균(30대)+표준편차 9 가정 정규분포 추정
체중,kg,여,35~39세,35,56.7,통계연보 평균(30대)+표준편차 9 가정 정규분포 추정
체중,kg,여,35~39세,36,57,통계연보 평균(30대)+표준편차 9 가정 정규분포 추정
체중,kg,여,35~39세,37,57.2,통계연보 평균(30대)+표준편차 9 가정 정규분포 추정
체중,kg,여,35~39세,38,57.5,통계연보 평균(30대)+표준편차 9 가정 정규분포 추정
체중,kg,여,35~39세,39,57.7,통계연보 평균(30대)+표준편차 9 가정 정규분포 추정
체중,kg,여,35~39세,40,57.9,통계연보 평균(30대)+표준편차 9 가정 정규분포 추정
체중,kg,여,35~39세,41,58.2,통계연보 평균(30대)+표준편차 9 가정 정규분포 추정
체중,kg,여,35~39세,42,58.4,통계연보 평균(30대)+표준편차 9 가정 정규분포 추정
체중,kg,여,35~39세,43,58.6,통계연보 평균(30대)+표준편차 9 가정 정규분포 추정
체중,kg,여,35~39세,44,58.8,통계연보 평균(30대)+표준편차 9 가정 정규분포 추정
체중,kg,여,35~39세,45,59.1,통계연보 평균(30대)+표준편차 9 가정 정규분포 추정
체중,kg,여,35~39세,46,59.3,통계연보 평균(30대)+표준편차 9 가정 정규분포 추정
체중,kg,여,35~39세,47,59.5,통계연보 평균(30대)+표준편차 9 가정 정규분포 추정
체중,kg,여,35~39세,48,59.7,통계연보 평균(30대)+표준편차 9 가정 정규분포 추정
체중,kg,여,35~39세,49,60,통계연보 평균(30대)+표준편차 9 가정 정규분포 추정
체중,kg,여,35~39세,50,60.2,통계연보 평균(30대)+표준편차 9 가정 정규분포 추정
체중,kg,여,35~39세,51,60.4,통계연보 평균(30대)+표준편차 9 가정 정규분포 추정
체중,kg,여,35~39세,52,60.7,통계연보 평균(30대)+표준편차 9 가정 정규분포 추정
체중,kg,여,35~39세,53,60.9,통계연보 평균(30대)+표준편차 9 가정 정규분포 추정
체중,kg,여,35~39세,54,61.1,통계연보 평균(30대)+표준편차 9 가정 정규분포 추정
체중,kg,여,35~39세,55,61.3,통계연보 평균(30대)+표준편차 9 가정 정규분포 추정
체중,kg,여,35~39세,56,61.6,통계연보 평균(30대)+표준편차 9 가정 정규분포 추정
체중,kg,여,35~39세,57,61.8,통계연보 평균(30대)+표준편차 9 가정 정규분포 추정
체중,kg,여,35~39세,58,62,통계연보 평균(30대)+표준편차 9 가정 정규분포 추정
체중,kg,여,35~39세,59,62.2,통계연보 평균(30대)+표준편차 9 가정 정규분포 추정
체중,kg,여,35~39세,60,62.5,통계연보 평균(30대)+표준편차 9 가정 정규분포 추정
체중,kg,여,35~39세,61,62.7,통계연보 평균(30대)+표준편차 9 가정 정규분포 추정
체중,kg,여,35~39세,62,62.9,통계연보 평균(30대)+표준편차 9 가정 정규분포 추정
체중,kg,여,35~39세,63,63.2,통계연보 평균(30대)+표준편차 9 가정 정규분포 추정
체중,kg,여,35~39세,64,63.4,통계연보 평균(30대)+표준편차 9 가정 정규분포 추정
체중,kg,여,35~39세,65,63.7,통계연보 평균(30대)+표준편차 9 가정 정규분포 추정
체중,kg,여,35~39세,66,63.9,통계연보 평균(30대)+표준편차 9 가정 정규분포 추정
체중,kg,여,35~39세,67,64.2,통계연보 평균(30대)+표준편차 9 가정 정규분포 추정
체중,kg,여,35~39세,68,64.4,통계연보 평균(30대)+표준편차 9 가정 정규분포 추정
체중,kg,여,35~39세,69,64.7,통계연보 평균(30대)+표준편차 9 가정 정규분포 추정
체중,kg,여,35~39세,70,64.9,통계연보 평균(30대)+표준편차 9 가정 정규분포 추정
체중,kg,여,35~39세,71,65.2,통계연보 평균(30대)+표준편차 9 가정 정규분포 추정
체중,kg,여,35~39세,72,65.4,통계연보 평균(30대)+표준편차 9 가정 정규분포 추정
체중,kg,여,35~39세,73,65.7,통계연보 평균(30대)+표준편차 9 가정 정규분포 추정
체중,kg,여,35~39세,74,66,통계연보 평균(30대)+표준편차 9 가정 정규분포 추정
체중,kg,여,35~39세,75,66.3,통계연보 평균(30대)+표준편차 9 가정 정규분포 추정
체중,kg,여,35~39세,76,66.6,통계연보 평균(30대)+표준편차 9 가정 정규분포 추정
체중,kg,여,35~39세,77,66.8,통계연보 평균(30대)+표준편차 9 가정 정규분포 추정
체중,kg,여,35~39세,78,67.1,통계연보 평균(30대)+표준편차 9 가정 정규분포 추정
체중,kg,여,35~39세,79,67.5,통계연보 평균(30대)+표준편차 9 가정 정규분포 추정
체중,kg,여,35~39세,80,67.8,통계연보 평균(30대)+표준편차 9 가정 정규분포 추정
체중,kg,여,35~39세,81,68.1,통계연보 평균(30대)+표준편차 9 가정 정규분포 추정
체중,kg,여,35~39세,82,68.4,통계연보 평균(30대)+표준편차 9 가정 정규분포 추정
체중,kg,여,35~39세,83,68.8,통계연보 평균(30대)+표준편차 9 가정 정규분포 추정
체중,kg,여,35~39세,84,69.2,통계연보 평균(30대)+표준편차 9 가정 정규분포 추정
체중,kg,여,35~39세,85,69.5,통계연보 평균(30대)+표준편차 9 가정 정규분포 추정
체중,kg,여,35~39세,86,69.9,통계연보 평균(30대)+표준편차 9 가정 정규분포 추정
체중,kg,여,35~39세,87,70.3,통계연보 평균(30대)+표준편차 9 가정 정규분포 추정
체중,kg,여,35~39세,88,70.8,통계연보 평균(30대)+표준편차 9 가정 정규분포 추정
체중,kg,여,35~39세,89,71.2,통계연보 평균(30대)+표준편차 9 가정 정규분포 추정
체중,kg,여,35~39세,90,71.7,통계연보 평균(30대)+표준편차 9 가정 정규분포 추정
체중,kg,여,35~39세,91,72.3,통계연보 평균(30대)+표준편차 9 가정 정규분포 추정
체중,kg,여,35~39세,92,72.8,통계연보 평균(30대)+표준편차 9 가정 정규분포 추정
체중,kg,여,35~39세,93,73.5,통계연보 평균(30대)+표준편차 9 가정 정규분포 추정
체중,kg,여,35~39세,94,74.2,통계연보 평균(30대)+표준편차 9 가정 정규분포 추정
체중,kg,여,35~39세,95,75,통계연보 평균(30대)+표준편차 9 가정 정규분포 추정
체중,kg,여,35~39세,96,76,통계연보 평균(30대)+표준편차 9 가정 정규분포 추정
체중,kg,여,35~39세,97,77.1,통계연보 평균(30대)+표준편차 9 가정 정규분포 추정
체중,kg,여,35~39세,98,78.7,통계연보 평균(30대)+표준편차 9 가정 정규분포 추정
체중,kg,여,35~39세,99,81.1,통계연보 평균(30대)+표준편차 9 가정 정규분포 추정
체중,kg,여,35~39세,100,83.4,통계연보 평균(30대)+표준편차 9 가정 정규분포 추정
체중,kg,여,40~44세,1,39.3,통계연보 평균(40대)+표준편차 9 가정 정규분포 추정
체중,kg,여,40~44세,2,41.7,통계연보 평균(40대)+표준편차 9 가정 정규분포 추정
체중,kg,여,40~44세,3,43.3,통계연보 평균(40대)+표준편차 9 가정 정규분포 추정
체중,kg,여,40~44세,4,44.4,통계연보 평균(40대)+표준편차 9 가정 정규분포 추정
체중,kg,여,40~44세,5,45.4,통계연보 평균(40대)+표준편차 9 가정 정규분포 추정
체중,kg,여,40~44세,6,46.2,통계연보 평균(40대)+표준편차 9 가정 정규분포 추정
체중,kg,여,40~44세,7,46.9,통계연보 평균(40대)+표준편차 9 가정 정규분포 추정
체중,kg,여,40~44세,8,47.6,통계연보 평균(40대)+표준편차 9 가정 정규분포 추정
체중,kg,여,40~44세,9,48.1,통계연보 평균(40대)+표준편차 9 가정 정규분포 추정
체중,kg,여,40~44세,10,48.7,통계연보 평균(40대)+표준편차 9 가정 정규분포 추정
체중,kg,여,40~44세,11,49.2,통계연보 평균(40대)+표준편차 9 가정 정규분포 추정
체중,kg,여,40~44세,12,49.6,통계연보 평균(40대)+표준편차 9 가정 정규분포 추정
체중,kg,여,40~44세,13,50.1,통계연보 평균(40대)+표준편차 9 가정 정규분포 추정
체중,kg,여,40~44세,14,50.5,통계연보 평균(40대)+표준편차 9 가정 정규분포 추정
체중,kg,여,40~44세,15,50.9,통계연보 평균(40대)+표준편차 9 가정 정규분포 추정
체중,kg,여,40~44세,16,51.2,통계연보 평균(40대)+표준편차 9 가정 정규분포 추정
체중,kg,여,40~44세,17,51.6,통계연보 평균(40대)+표준편차 9 가정 정규분포 추정
체중,kg,여,40~44세,18,52,통계연보 평균(40대)+표준편차 9 가정 정규분포 추정
체중,kg,여,40~44세,19,52.3,통계연보 평균(40대)+표준편차 9 가정 정규분포 추정
체중,kg,여,40~44세,20,52.6,통계연보 평균(40대)+표준편차 9 가정 정규분포 추정
체중,kg,여,40~44세,21,52.9,통계연보 평균(40대)+표준편차 9 가정 정규분포 추정
체중,kg,여,40~44세,22,53.3,통계연보 평균(40대)+표준편차 9 가정 정규분포 추정
체중,kg,여,40~44세,23,53.6,통계연보 평균(40대)+표준편차 9 가정 정규분포 추정
체중,kg,여,40~44세,24,53.8,통계연보 평균(40대)+표준편차 9 가정 정규분포 추정
체중,kg,여,40~44세,25,54.1,통계연보 평균(40대)+표준편차 9 가정 정규분포 추정
체중,kg,여,40~44세,26,54.4,통계연보 평균(40대)+표준편차 9 가정 정규분포 추정
체중,kg,여,40~44세,27,54.7,통계연보 평균(40대)+표준편차 9 가정 정규분포 추정
체중,kg,여,40~44세,28,55,통계연보 평균(40대)+표준편차 9 가정 정규분포 추정
체중,kg,여,40~44세,29,55.2,통계연보 평균(40대)+표준편차 9 가정 정규분포 추정
체중,kg,여,40~44세,30,55.5,통계연보 평균(40대)+표준편차 9 가정 정규분포 추정
체중,kg,여,40~44세,31,55.7,통계연보 평균(40대)+표준편차 9 가정 정규분포 추정
체중,kg,여,40~44세,32,56,통계연보 평균(40대)+표준편차 9 가정 정규분포 추정
체중,kg,여,40~44세,33,56.2,통계연보 평균(40대)+표준편차 9 가정 정규분포 추정
체중,kg,여,40~44세,34,56.5,통계연보 평균(40대)+표준편차 9 가정 정규분포 추정
체중,kg,여,40~44세,35,56.7,통계연보 평균(40대)+표준편차 9 가정 정규분포 추정
체중,kg,여,40~44세,36,57,통계연보 평균(40대)+표준편차 9 가정 정규분포 추정
체중,kg,여,40~44세,37,57.2,통계연보 평균(40대)+표준편차 9 가정 정규분포 추정
체중,kg,여,40~44세,38,57.5,통계연보 평균(40대)+표준편차 9 가정 정규분포 추정
체중,kg,여,40~44세,39,57.7,통계연보 평균(40대)+표준편차 9 가정 정규분포 추정
체중,kg,여,40~44세,40,57.9,통계연보 평균(40대)+표준편차 9 가정 정규분포 추정
체중,kg,여,40~44세,41,58.2,통계연보 평균(40대)+표준편차 9 가정 정규분포 추정
체중,kg,여,40~44세,42,58.4,통계연보 평균(40대)+표준편차 9 가정 정규분포 추정
체중,kg,여,40~44세,43,58.6,통계연보 평균(40대)+표준편차 9 가정 정규분포 추정
체중,kg,여,40~44세,44,58.8,통계연보 평균(40대)+표준편차 9 가정 정규분포 추정
체중,kg,여,40~44세,45,59.1,통계연보 평균(40대)+표준편차 9 가정 정규분포 추정
체중,kg,여,40~44세,46,59.3,통계연보 평균(40대)+표준편차 9 가정 정규분포 추정
체중,kg,여,40~44세,47,59.5,통계연보 평균(40대)+표준편차 9 가정 정규분포 추정
체중,kg,여,40~44세,48,59.7,통계연보 평균(40대)+표준편차 9 가정 정규분포 추정
체중,kg,여,40~44세,49,60,통계연보 평균(40대)+표준편차 9 가정 정규분포 추정
체중,kg,여,40~44세,50,60.2,통계연보 평균(40대)+표준편차 9 가정 정규분포 추정
체중,kg,여,40~44세,51,60.4,통계연보 평균(40대)+표준편차 9 가정 정규분포 추정
체중,kg,여,40~44세,52,60.7,통계연보 평균(40대)+표준편차 9 가정 정규분포 추정
체중,kg,여,40~44세,53,60.9,통계연보 평균(40대)+표준편차 9 가정 정규분포 추정
체중,kg,여,40~44세,54,61.1,통계연보 평균(40대)+표준편차 9 가정 정규분포 추정
체중,kg,여,40~44세,55,61.3,통계연보 평균(40대)+표준편차 9 가정 정규분포 추정
체중,kg,여,40~44세,56,61.6,통계연보 평균(40대)+표준편차 9 가정 정규분포 추정
체중,kg,여,40~44세,57,61.8,통계연보 평균(40대)+표준편차 9 가정 정규분포 추정
체중,kg,여,40~44세,58,62,통계연보 평균(40대)+표준편차 9 가정 정규분포 추정
체중,kg,여,40~44세,59,62.2,통계연보 평균(40대)+표준편차 9 가정 정규분포 추정
체중,kg,여,40~44세,60,62.5,통계연보 평균(40대)+표준편차 9 가정 정규분포 추정
체중,kg,여,40~44세,61,62.7,통계연보 평균(40대)+표준편차 9 가정 정규분포 추정
체중,kg,여,40~44세,62,62.9,통계연보 평균(40대)+표준편차 9 가정 정규분포 추정
체중,kg,여,40~44세,63,63.2,통계연보 평균(40대)+표준편차 9 가정 정규분포 추정
체중,kg,여,40~44세,64,63.4,통계연보 평균(40대)+표준편차 9 가정 정규분포 추정
체중,kg,여,40~44세,65,63.7,통계연보 평균(40대)+표준편차 9 가정 정규분포 추정
체중,kg,여,40~44세,66,63.9,통계연보 평균(40대)+표준편차 9 가정 정규분포 추정
체중,kg,여,40~44세,67,64.2,통계연보 평균(40대)+표준편차 9 가정 정규분포 추정
체중,kg,여,40~44세,68,64.4,통계연보 평균(40대)+표준편차 9 가정 정규분포 추정
체중,kg,여,40~44세,69,64.7,통계연보 평균(40대)+표준편차 9 가정 정규분포 추정
체중,kg,여,40~44세,70,64.9,통계연보 평균(40대)+표준편차 9 가정 정규분포 추정
체중,kg,여,40~44세,71,65.2,통계연보 평균(40대)+표준편차 9 가정 정규분포 추정
체중,kg,여,40~44세,72,65.4,통계연보 평균(40대)+표준편차 9 가정 정규분포 추정
체중,kg,여,40~44세,73,65.7,통계연보 평균(40대)+표준편차 9 가정 정규분포 추정
체중,kg,여,40~44세,74,66,통계연보 평균(40대)+표준편차 9 가정 정규분포 추정
체중,kg,여,40~44세,75,66.3,통계연보 평균(40대)+표준편차 9 가정 정규분포 추정
체중,kg,여,40~44세,76,66.6,통계연보 평균(40대)+표준편차 9 가정 정규분포 추정
체중,kg,여,40~44세,77,66.8,통계연보 평균(40대)+표준편차 9 가정 정규분포 추정
체중,kg,여,40~44세,78,67.1,통계연보 평균(40대)+표준편차 9 가정 정규분포 추정
체중,kg,여,40~44세,79,67.5,통계연보 평균(40대)+표준편차 9 가정 정규분포 추정
체중,kg,여,40~44세,80,67.8,통계연보 평균(40대)+표준편차 9 가정 정규분포 추정
체중,kg,여,40~44세,81,68.1,통계연보 평균(40대)+표준편차 9 가정 정규분포 추정
체중,kg,여,40~44세,82,68.4,통계연보 평균(40대)+표준편차 9 가정 정규분포 추정
체중,kg,여,40~44세,83,68.8,통계연보 평균(40대)+표준편차 9 가정 정규분포 추정
체중,kg,여,40~44세,84,69.2,통계연보 평균(40대)+표준편차 9 가정 정규분포 추정
체중,kg,여,40~44세,85,69.5,통계연보 평균(40대)+표준편차 9 가정 정규분포 추정
체중,kg,여,40~44세,86,69.9,통계연보 평균(40대)+표준편차 9 가정 정규분포 추정
체중,kg,여,40~44세,87,70.3,통계연보 평균(40대)+표준편차 9 가정 정규분포 추정
체중,kg,여,40~44세,88,70.8,통계연보 평균(40대)+표준편차 9 가정 정규분포 추정
체중,kg,여,40~44세,89,71.2,통계연보 평균(40대)+표준편차 9 가정 정규분포 추정
체중,kg,여,40~44세,90,71.7,통계연보 평균(40대)+표준편차 9 가정 정규분포 추정
체중,kg,여,40~44세,91,72.3,통계연보 평균(40대)+표준편차 9 가정 정규분포 추정
체중,kg,여,40~44세,92,72.8,통계연보 평균(40대)+표준편차 9 가정 정규분포 추정
체중,kg,여,40~44세,93,73.5,통계연보 평균(40대)+표준편차 9 가정 정규분포 추정
체중,kg,여,40~44세,94,74.2,통계연보 평균(40대)+표준편차 9 가정 정규분포 추정
체중,kg,여,40~44세,95,75,통계연보 평균(40대)+표준편차 9 가정 정규분포 추정
체중,kg,여,40~44세,96,76,통계연보 평균(40대)+표준편차 9 가정 정규분포 추정
체중,kg,여,40~44세,97,77.1,통계연보 평균(40대)+표준편차 9 가정 정규분포 추정
체중,kg,여,40~44세,98,78.7,통계연보 평균(40대)+표준편차 9 가정 정규분포 추정
체중,kg,여,40~44세,99,81.1,통계연보 평균(40대)+표준편차 9 가정 정규분포 추정
체중,kg,여,40~44세,100,83.4,통계연보 평균(40대)+표준편차 9 가정 정규분포 추정
체중,kg,여,45~49세,1,39.3,통계연보 평균(40대)+표준편차 9 가정 정규분포 추정
체중,kg,여,45~49세,2,41.7,통계연보 평균(40대)+표준편차 9 가정 정규분포 추정
체중,kg,여,45~49세,3,43.3,통계연보 평균(40대)+표준편차 9 가정 정규분포 추정
체중,kg,여,45~49세,4,44.4,통계연보 평균(40대)+표준편차 9 가정 정규분포 추정
체중,kg,여,45~49세,5,45.4,통계연보 평균(40대)+표준편차 9 가정 정규분포 추정
체중,kg,여,45~49세,6,46.2,통계연보 평균(40대)+표준편차 9 가정 정규분포 추정
체중,kg,여,45~49세,7,46.9,통계연보 평균(40대)+표준편차 9 가정 정규분포 추정
체중,kg,여,45~49세,8,47.6,통계연보 평균(40대)+표준편차 9 가정 정규분포 추정
체중,kg,여,45~49세,9,48.1,통계연보 평균(40대)+표준편차 9 가정 정규분포 추정
체중,kg,여,45~49세,10,48.7,통계연보 평균(40대)+표준편차 9 가정 정규분포 추정
체중,kg,여,45~49세,11,49.2,통계연보 평균(40대)+표준편차 9 가정 정규분포 추정
체중,kg,여,45~49세,12,49.6,통계연보 평균(40대)+표준편차 9 가정 정규분포 추정
체중,kg,여,45~49세,13,50.1,통계연보 평균(40대)+표준편차 9 가정 정규분포 추정
체중,kg,여,45~49세,14,50.5,통계연보 평균(40대)+표준편차 9 가정 정규분포 추정
체중,kg,여,45~49세,15,50.9,통계연보 평균(40대)+표준편차 9 가정 정규분포 추정
체중,kg,여,45~49세,16,51.2,통계연보 평균(40대)+표준편차 9 가정 정규분포 추정
체중,kg,여,45~49세,17,51.6,통계연보 평균(40대)+표준편차 9 가정 정규분포 추정
체중,kg,여,45~49세,18,52,통계연보 평균(40대)+표준편차 9 가정 정규분포 추정
체중,kg,여,45~49세,19,52.3,통계연보 평균(40대)+표준편차 9 가정 정규분포 추정
체중,kg,여,45~49세,20,52.6,통계연보 평균(40대)+표준편차 9 가정 정규분포 추정
체중,kg,여,45~49세,21,52.9,통계연보 평균(40대)+표준편차 9 가정 정규분포 추정
체중,kg,여,45~49세,22,53.3,통계연보 평균(40대)+표준편차 9 가정 정규분포 추정
체중,kg,여,45~49세,23,53.6,통계연보 평균(40대)+표준편차 9 가정 정규분포 추정
체중,kg,여,45~49세,24,53.8,통계연보 평균(40대)+표준편차 9 가정 정규분포 추정
체중,kg,여,45~49세,25,54.1,통계연보 평균(40대)+표준편차 9 가정 정규분포 추정
체중,kg,여,45~49세,26,54.4,통계연보 평균(40대)+표준편차 9 가정 정규분포 추정
체중,kg,여,45~49세,27,54.7,통계연보 평균(40대)+표준편차 9 가정 정규분포 추정
체중,kg,여,45~49세,28,55,통계연보 평균(40대)+표준편차 9 가정 정규분포 추정
체중,kg,여,45~49세,29,55.2,통계연보 평균(40대)+표준편차 9 가정 정규분포 추정
체중,kg,여,45~49세,30,55.5,통계연보 평균(40대)+표준편차 9 가정 정규분포 추정
체중,kg,여,45~49세,31,55.7,통계연보 평균(40대)+표준편차 9 가정 정규분포 추정
체중,kg,여,45~49세,32,56,통계연보 평균(40대)+표준편차 9 가정 정규분포 추정
체중,kg,여,45~49세,33,56.2,통계연보 평균(40대)+표준편차 9 가정 정규분포 추정
체중,kg,여,45~49세,34,56.5,통계연보 평균(40대)+표준편차 9 가정 정규분포 추정
체중,kg,여,45~49세,35,56.7,통계연보 평균(40대)+표준편차 9 가정 정규분포 추정
체중,kg,여,45~49세,36,57,통계연보 평균(40대)+표준편차 9 가정 정규분포 추정
체중,kg,여,45~49세,37,57.2,통계연보 평균(40대)+표준편차 9 가정 정규분포 추정
체중,kg,여,45~49세,38,57.5,통계연보 평균(40대)+표준편차 9 가정 정규분포 추정
체중,kg,여,45~49세,39,57.7,통계연보 평균(40대)+표준편차 9 가정 정규분포 추정
체중,kg,여,45~49세,40,57.9,통계연보 평균(40대)+표준편차 9 가정 정규분포 추정
체중,kg,여,45~49세,41,58.2,통계연보 평균(40대)+표준편차 9 가정 정규분포 추정
체중,kg,여,45~49세,42,58.4,통계연보 평균(40대)+표준편차 9 가정 정규분포 추정
체중,kg,여,45~49세,43,58.6,통계연보 평균(40대)+표준편차 9 가정 정규분포 추정
체중,kg,여,45~49세,44,58.8,통계연보 평균(40대)+표준편차 9 가정 정규분포 추정
체중,kg,여,45~49세,45,59.1,통계연보 평균(40대)+표준편차 9 가정 정규분포 추정
체중,kg,여,45~49세,46,59.3,통계연보 평균(40대)+표준편차 9 가정 정규분포 추정
체중,kg,여,45~49세,47,59.5,통계연보 평균(40대)+표준편차 9 가정 정규분포 추정
체중,kg,여,45~49세,48,59.7,통계연보 평균(40대)+표준편차 9 가정 정규분포 추정
체중,kg,여,45~49세,49,60,통계연보 평균(40대)+표준편차 9 가정 정규분포 추정
체중,kg,여,45~49세,50,60.2,통계연보 평균(40대)+표준편차 9 가정 정규분포 추정
체중,kg,여,45~49세,51,60.4,통계연보 평균(40대)+표준편차 9 가정 정규분포 추정
체중,kg,여,45~49세,52,60.7,통계연보 평균(40대)+표준편차 9 가정 정규분포 추정
체중,kg,여,45~49세,53,60.9,통계연보 평균(40대)+표준편차 9 가정 정규분포 추정
체중,kg,여,45~49세,54,61.1,통계연보 평균(40대)+표준편차 9 가정 정규분포 추정
체중,kg,여,45~49세,55,61.3,통계연보 평균(40대)+표준편차 9 가정 정규분포 추정
체중,kg,여,45~49세,56,61.6,통계연보 평균(40대)+표준편차 9 가정 정규분포 추정
체중,kg,여,45~49세,57,61.8,통계연보 평균(40대)+표준편차 9 가정 정규분포 추정
체중,kg,여,45~49세,58,62,통계연보 평균(40대)+표준편차 9 가정 정규분포 추정
체중,kg,여,45~49세,59,62.2,통계연보 평균(40대)+표준편차 9 가정 정규분포 추정
체중,kg,여,45~49세,60,62.5,통계연보 평균(40대)+표준편차 9 가정 정규분포 추정
체중,kg,여,45~49세,61,62.7,통계연보 평균(40대)+표준편차 9 가정 정규분포 추정
체중,kg,여,45~49세,62,62.9,통계연보 평균(40대)+표준편차 9 가정 정규분포 추정
체중,kg,여,45~49세,63,63.2,통계연보 평균(40대)+표준편차 9 가정 정규분포 추정
체중,kg,여,45~49세,64,63.4,통계연보 평균(40대)+표준편차 9 가정 정규분포 추정
체중,kg,여,45~49세,65,63.7,통계연보 평균(40대)+표준편차 9 가정 정규분포 추정
체중,kg,여,45~49세,66,63.9,통계연보 평균(40대)+표준편차 9 가정 정규분포 추정
체중,kg,여,45~49세,67,64.2,통계연보 평균(40대)+표준편차 9 가정 정규분포 추정
체중,kg,여,45~49세,68,64.4,통계연보 평균(40대)+표준편차 9 가정 정규분포 추정
체중,kg,여,45~49세,69,64.7,통계연보 평균(40대)+표준편차 9 가정 정규분포 추정
체중,kg,여,45~49세,70,64.9,통계연보 평균(40대)+표준편차 9 가정 정규분포 추정
체중,kg,여,45~49세,71,65.2,통계연보 평균(40대)+표준편차 9 가정 정규분포 추정
체중,kg,여,45~49세,72,65.4,통계연보 평균(40대)+표준편차 9 가정 정규분포 추정
체중,kg,여,45~49세,73,65.7,통계연보 평균(40대)+표준편차 9 가정 정규분포 추정
체중,kg,여,45~49세,74,66,통계연보 평균(40대)+표준편차 9 가정 정규분포 추정
체중,kg,여,45~49세,75,66.3,통계연보 평균(40대)+표준편차 9 가정 정규분포 추정
체중,kg,여,45~49세,76,66.6,통계연보 평균(40대)+표준편차 9 가정 정규분포 추정
체중,kg,여,45~49세,77,66.8,통계연보 평균(40대)+표준편차 9 가정 정규분포 추정
체중,kg,여,45~49세,78,67.1,통계연보 평균(40대)+표준편차 9 가정 정규분포 추정
체중,kg,여,45~49세,79,67.5,통계연보 평균(40대)+표준편차 9 가정 정규분포 추정
체중,kg,여,45~49세,80,67.8,통계연보 평균(40대)+표준편차 9 가정 정규분포 추정
체중,kg,여,45~49세,81,68.1,통계연보 평균(40대)+표준편차 9 가정 정규분포 추정
체중,kg,여,45~49세,82,68.4,통계연보 평균(40대)+표준편차 9 가정 정규분포 추정
체중,kg,여,45~49세,83,68.8,통계연보 평균(40대)+표준편차 9 가정 정규분포 추정
체중,kg,여,45~49세,84,69.2,통계연보 평균(40대)+표준편차 9 가정 정규분포 추정
체중,kg,여,45~49세,85,69.5,통계연보 평균(40대)+표준편차 9 가정 정규분포 추정
체중,kg,여,45~49세,86,69.9,통계연보 평균(40대)+표준편차 9 가정 정규분포 추정
체중,kg,여,45~49세,87,70.3,통계연보 평균(40대)+표준편차 9 가정 정규분포 추정
체중,kg,여,45~49세,88,70.8,통계연보 평균(40대)+표준편차 9 가정 정규분포 추정
체중,kg,여,45~49세,89,71.2,통계연보 평균(40대)+표준편차 9 가정 정규분포 추정
체중,kg,여,45~49세,90,71.7,통계연보 평균(40대)+표준편차 9 가정 정규분포 추정
체중,kg,여,45~49세,91,72.3,통계연보 평균(40대)+표준편차 9 가정 정규분포 추정
체중,kg,여,45~49세,92,72.8,통계연보 평균(40대)+표준편차 9 가정 정규분포 추정
체중,kg,여,45~49세,93,73.5,통계연보 평균(40대)+표준편차 9 가정 정규분포 추정
체중,kg,여,45~49세,94,74.2,통계연보 평균(40대)+표준편차 9 가정 정규분포 추정
체중,kg,여,45~49세,95,75,통계연보 평균(40대)+표준편차 9 가정 정규분포 추정
체중,kg,여,45~49세,96,76,통계연보 평균(40대)+표준편차 9 가정 정규분포 추정
체중,kg,여,45~49세,97,77.1,통계연보 평균(40대)+표준편차 9 가정 정규분포 추정
체중,kg,여,45~49세,98,78.7,통계연보 평균(40대)+표준편차 9 가정 정규분포 추정
체중,kg,여,45~49세,99,81.1,통계연보 평균(40대)+표준편차 9 가정 정규분포 추정
체중,kg,여,45~49세,100,83.4,통계연보 평균(40대)+표준편차 9 가정 정규분포 추정
체중,kg,여,50~54세,1,38,통계연보 평균(50대)+표준편차 9 가정 정규분포 추정
체중,kg,여,50~54세,2,40.4,통계연보 평균(50대)+표준편차 9 가정 정규분포 추정
체중,kg,여,50~54세,3,42,통계연보 평균(50대)+표준편차 9 가정 정규분포 추정
체중,kg,여,50~54세,4,43.1,통계연보 평균(50대)+표준편차 9 가정 정규분포 추정
체중,kg,여,50~54세,5,44.1,통계연보 평균(50대)+표준편차 9 가정 정규분포 추정
체중,kg,여,50~54세,6,44.9,통계연보 평균(50대)+표준편차 9 가정 정규분포 추정
체중,kg,여,50~54세,7,45.6,통계연보 평균(50대)+표준편차 9 가정 정규분포 추정
체중,kg,여,50~54세,8,46.3,통계연보 평균(50대)+표준편차 9 가정 정규분포 추정
체중,kg,여,50~54세,9,46.8,통계연보 평균(50대)+표준편차 9 가정 정규분포 추정
체중,kg,여,50~54세,10,47.4,통계연보 평균(50대)+표준편차 9 가정 정규분포 추정
체중,kg,여,50~54세,11,47.9,통계연보 평균(50대)+표준편차 9 가정 정규분포 추정
체중,kg,여,50~54세,12,48.3,통계연보 평균(50대)+표준편차 9 가정 정규분포 추정
체중,kg,여,50~54세,13,48.8,통계연보 평균(50대)+표준편차 9 가정 정규분포 추정
체중,kg,여,50~54세,14,49.2,통계연보 평균(50대)+표준편차 9 가정 정규분포 추정
체중,kg,여,50~54세,15,49.6,통계연보 평균(50대)+표준편차 9 가정 정규분포 추정
체중,kg,여,50~54세,16,49.9,통계연보 평균(50대)+표준편차 9 가정 정규분포 추정
체중,kg,여,50~54세,17,50.3,통계연보 평균(50대)+표준편차 9 가정 정규분포 추정
체중,kg,여,50~54세,18,50.7,통계연보 평균(50대)+표준편차 9 가정 정규분포 추정
체중,kg,여,50~54세,19,51,통계연보 평균(50대)+표준편차 9 가정 정규분포 추정
체중,kg,여,50~54세,20,51.3,통계연보 평균(50대)+표준편차 9 가정 정규분포 추정
체중,kg,여,50~54세,21,51.6,통계연보 평균(50대)+표준편차 9 가정 정규분포 추정
체중,kg,여,50~54세,22,52,통계연보 평균(50대)+표준편차 9 가정 정규분포 추정
체중,kg,여,50~54세,23,52.3,통계연보 평균(50대)+표준편차 9 가정 정규분포 추정
체중,kg,여,50~54세,24,52.5,통계연보 평균(50대)+표준편차 9 가정 정규분포 추정
체중,kg,여,50~54세,25,52.8,통계연보 평균(50대)+표준편차 9 가정 정규분포 추정
체중,kg,여,50~54세,26,53.1,통계연보 평균(50대)+표준편차 9 가정 정규분포 추정
체중,kg,여,50~54세,27,53.4,통계연보 평균(50대)+표준편차 9 가정 정규분포 추정
체중,kg,여,50~54세,28,53.7,통계연보 평균(50대)+표준편차 9 가정 정규분포 추정
체중,kg,여,50~54세,29,53.9,통계연보 평균(50대)+표준편차 9 가정 정규분포 추정
체중,kg,여,50~54세,30,54.2,통계연보 평균(50대)+표준편차 9 가정 정규분포 추정
체중,kg,여,50~54세,31,54.4,통계연보 평균(50대)+표준편차 9 가정 정규분포 추정
체중,kg,여,50~54세,32,54.7,통계연보 평균(50대)+표준편차 9 가정 정규분포 추정
체중,kg,여,50~54세,33,54.9,통계연보 평균(50대)+표준편차 9 가정 정규분포 추정
체중,kg,여,50~54세,34,55.2,통계연보 평균(50대)+표준편차 9 가정 정규분포 추정
체중,kg,여,50~54세,35,55.4,통계연보 평균(50대)+표준편차 9 가정 정규분포 추정
체중,kg,여,50~54세,36,55.7,통계연보 평균(50대)+표준편차 9 가정 정규분포 추정
체중,kg,여,50~54세,37,55.9,통계연보 평균(50대)+표준편차 9 가정 정규분포 추정
체중,kg,여,50~54세,38,56.2,통계연보 평균(50대)+표준편차 9 가정 정규분포 추정
체중,kg,여,50~54세,39,56.4,통계연보 평균(50대)+표준편차 9 가정 정규분포 추정
체중,kg,여,50~54세,40,56.6,통계연보 평균(50대)+표준편차 9 가정 정규분포 추정
체중,kg,여,50~54세,41,56.9,통계연보 평균(50대)+표준편차 9 가정 정규분포 추정
체중,kg,여,50~54세,42,57.1,통계연보 평균(50대)+표준편차 9 가정 정규분포 추정
체중,kg,여,50~54세,43,57.3,통계연보 평균(50대)+표준편차 9 가정 정규분포 추정
체중,kg,여,50~54세,44,57.5,통계연보 평균(50대)+표준편차 9 가정 정규분포 추정
체중,kg,여,50~54세,45,57.8,통계연보 평균(50대)+표준편차 9 가정 정규분포 추정
체중,kg,여,50~54세,46,58,통계연보 평균(50대)+표준편차 9 가정 정규분포 추정
체중,kg,여,50~54세,47,58.2,통계연보 평균(50대)+표준편차 9 가정 정규분포 추정
체중,kg,여,50~54세,48,58.4,통계연보 평균(50대)+표준편차 9 가정 정규분포 추정
체중,kg,여,50~54세,49,58.7,통계연보 평균(50대)+표준편차 9 가정 정규분포 추정
체중,kg,여,50~54세,50,58.9,통계연보 평균(50대)+표준편차 9 가정 정규분포 추정
체중,kg,여,50~54세,51,59.1,통계연보 평균(50대)+표준편차 9 가정 정규분포 추정
체중,kg,여,50~54세,52,59.4,통계연보 평균(50대)+표준편차 9 가정 정규분포 추정
체중,kg,여,50~54세,53,59.6,통계연보 평균(50대)+표준편차 9 가정 정규분포 추정
체중,kg,여,50~54세,54,59.8,통계연보 평균(50대)+표준편차 9 가정 정규분포 추정
체중,kg,여,50~54세,55,60,통계연보 평균(50대)+표준편차 9 가정 정규분포 추정
체중,kg,여,50~54세,56,60.3,통계연보 평균(50대)+표준편차 9 가정 정규분포 추정
체중,kg,여,50~54세,57,60.5,통계연보 평균(50대)+표준편차 9 가정 정규분포 추정
체중,kg,여,50~54세,58,60.7,통계연보 평균(50대)+표준편차 9 가정 정규분포 추정
체중,kg,여,50~54세,59,60.9,통계연보 평균(50대)+표준편차 9 가정 정규분포 추정
체중,kg,여,50~54세,60,61.2,통계연보 평균(50대)+표준편차 9 가정 정규분포 추정
체중,kg,여,50~54세,61,61.4,통계연보 평균(50대)+표준편차 9 가정 정규분포 추정
체중,kg,여,50~54세,62,61.6,통계연보 평균(50대)+표준편차 9 가정 정규분포 추정
체중,kg,여,50~54세,63,61.9,통계연보 평균(50대)+표준편차 9 가정 정규분포 추정
체중,kg,여,50~54세,64,62.1,통계연보 평균(50대)+표준편차 9 가정 정규분포 추정
체중,kg,여,50~54세,65,62.4,통계연보 평균(50대)+표준편차 9 가정 정규분포 추정
체중,kg,여,50~54세,66,62.6,통계연보 평균(50대)+표준편차 9 가정 정규분포 추정
체중,kg,여,50~54세,67,62.9,통계연보 평균(50대)+표준편차 9 가정 정규분포 추정
체중,kg,여,50~54세,68,63.1,통계연보 평균(50대)+표준편차 9 가정 정규분포 추정
체중,kg,여,50~54세,69,63.4,통계연보 평균(50대)+표준편차 9 가정 정규분포 추정
체중,kg,여,50~54세,70,63.6,통계연보 평균(50대)+표준편차 9 가정 정규분포 추정
체중,kg,여,50~54세,71,63.9,통계연보 평균(50대)+표준편차 9 가정 정규분포 추정
체중,kg,여,50~54세,72,64.1,통계연보 평균(50대)+표준편차 9 가정 정규분포 추정
체중,kg,여,50~54세,73,64.4,통계연보 평균(50대)+표준편차 9 가정 정규분포 추정
체중,kg,여,50~54세,74,64.7,통계연보 평균(50대)+표준편차 9 가정 정규분포 추정
체중,kg,여,50~54세,75,65,통계연보 평균(50대)+표준편차 9 가정 정규분포 추정
체중,kg,여,50~54세,76,65.3,통계연보 평균(50대)+표준편차 9 가정 정규분포 추정
체중,kg,여,50~54세,77,65.5,통계연보 평균(50대)+표준편차 9 가정 정규분포 추정
체중,kg,여,50~54세,78,65.8,통계연보 평균(50대)+표준편차 9 가정 정규분포 추정
체중,kg,여,50~54세,79,66.2,통계연보 평균(50대)+표준편차 9 가정 정규분포 추정
체중,kg,여,50~54세,80,66.5,통계연보 평균(50대)+표준편차 9 가정 정규분포 추정
체중,kg,여,50~54세,81,66.8,통계연보 평균(50대)+표준편차 9 가정 정규분포 추정
체중,kg,여,50~54세,82,67.1,통계연보 평균(50대)+표준편차 9 가정 정규분포 추정
체중,kg,여,50~54세,83,67.5,통계연보 평균(50대)+표준편차 9 가정 정규분포 추정
체중,kg,여,50~54세,84,67.9,통계연보 평균(50대)+표준편차 9 가정 정규분포 추정
체중,kg,여,50~54세,85,68.2,통계연보 평균(50대)+표준편차 9 가정 정규분포 추정
체중,kg,여,50~54세,86,68.6,통계연보 평균(50대)+표준편차 9 가정 정규분포 추정
체중,kg,여,50~54세,87,69,통계연보 평균(50대)+표준편차 9 가정 정규분포 추정
체중,kg,여,50~54세,88,69.5,통계연보 평균(50대)+표준편차 9 가정 정규분포 추정
체중,kg,여,50~54세,89,69.9,통계연보 평균(50대)+표준편차 9 가정 정규분포 추정
체중,kg,여,50~54세,90,70.4,통계연보 평균(50대)+표준편차 9 가정 정규분포 추정
체중,kg,여,50~54세,91,71,통계연보 평균(50대)+표준편차 9 가정 정규분포 추정
체중,kg,여,50~54세,92,71.5,통계연보 평균(50대)+표준편차 9 가정 정규분포 추정
체중,kg,여,50~54세,93,72.2,통계연보 평균(50대)+표준편차 9 가정 정규분포 추정
체중,kg,여,50~54세,94,72.9,통계연보 평균(50대)+표준편차 9 가정 정규분포 추정
체중,kg,여,50~54세,95,73.7,통계연보 평균(50대)+표준편차 9 가정 정규분포 추정
체중,kg,여,50~54세,96,74.7,통계연보 평균(50대)+표준편차 9 가정 정규분포 추정
체중,kg,여,50~54세,97,75.8,통계연보 평균(50대)+표준편차 9 가정 정규분포 추정
체중,kg,여,50~54세,98,77.4,통계연보 평균(50대)+표준편차 9 가정 정규분포 추정
체중,kg,여,50~54세,99,79.8,통계연보 평균(50대)+표준편차 9 가정 정규분포 추정
체중,kg,여,50~54세,100,82.1,통계연보 평균(50대)+표준편차 9 가정 정규분포 추정
체중,kg,여,55~59세,1,38,통계연보 평균(50대)+표준편차 9 가정 정규분포 추정
체중,kg,여,55~59세,2,40.4,통계연보 평균(50대)+표준편차 9 가정 정규분포 추정
체중,kg,여,55~59세,3,42,통계연보 평균(50대)+표준편차 9 가정 정규분포 추정
체중,kg,여,55~59세,4,43.1,통계연보 평균(50대)+표준편차 9 가정 정규분포 추정
체중,kg,여,55~59세,5,44.1,통계연보 평균(50대)+표준편차 9 가정 정규분포 추정
체중,kg,여,55~59세,6,44.9,통계연보 평균(50대)+표준편차 9 가정 정규분포 추정
체중,kg,여,55~59세,7,45.6,통계연보 평균(50대)+표준편차 9 가정 정규분포 추정
체중,kg,여,55~59세,8,46.3,통계연보 평균(50대)+표준편차 9 가정 정규분포 추정
체중,kg,여,55~59세,9,46.8,통계연보 평균(50대)+표준편차 9 가정 정규분포 추정
체중,kg,여,55~59세,10,47.4,통계연보 평균(50대)+표준편차 9 가정 정규분포 추정
체중,kg,여,55~59세,11,47.9,통계연보 평균(50대)+표준편차 9 가정 정규분포 추정
체중,kg,여,55~59세,12,48.3,통계연보 평균(50대)+표준편차 9 가정 정규분포 추정
체중,kg,여,55~59세,13,48.8,통계연보 평균(50대)+표준편차 9 가정 정규분포 추정
체중,kg,여,55~59세,14,49.2,통계연보 평균(50대)+표준편차 9 가정 정규분포 추정
체중,kg,여,55~59세,15,49.6,통계연보 평균(50대)+표준편차 9 가정 정규분포 추정
체중,kg,여,55~59세,16,49.9,통계연보 평균(50대)+표준편차 9 가정 정규분포 추정
체중,kg,여,55~59세,17,50.3,통계연보 평균(50대)+표준편차 9 가정 정규분포 추정
체중,kg,여,55~59세,18,50.7,통계연보 평균(50대)+표준편차 9 가정 정규분포 추정
체중,kg,여,55~59세,19,51,통계연보 평균(50대)+표준편차 9 가정 정규분포 추정
체중,kg,여,55~59세,20,51.3,통계연보 평균(50대)+표준편차 9 가정 정규분포 추정
체중,kg,여,55~59세,21,51.6,통계연보 평균(50대)+표준편차 9 가정 정규분포 추정
체중,kg,여,55~59세,22,52,통계연보 평균(50대)+표준편차 9 가정 정규분포 추정
체중,kg,여,55~59세,23,52.3,통계연보 평균(50대)+표준편차 9 가정 정규분포 추정
체중,kg,여,55~59세,24,52.5,통계연보 평균(50대)+표준편차 9 가정 정규분포 추정
체중,kg,여,55~59세,25,52.8,통계연보 평균(50대)+표준편차 9 가정 정규분포 추정
체중,kg,여,55~59세,26,53.1,통계연보 평균(50대)+표준편차 9 가정 정규분포 추정
체중,kg,여,55~59세,27,53.4,통계연보 평균(50대)+표준편차 9 가정 정규분포 추정
체중,kg,여,55~59세,28,53.7,통계연보 평균(50대)+표준편차 9 가정 정규분포 추정
체중,kg,여,55~59세,29,53.9,통계연보 평균(50대)+표준편차 9 가정 정규분포 추정
체중,kg,여,55~59세,30,54.2,통계연보 평균(50대)+표준편차 9 가정 정규분포 추정
체중,kg,여,55~59세,31,54.4,통계연보 평균(50대)+표준편차 9 가정 정규분포 추정
체중,kg,여,55~59세,32,54.7,통계연보 평균(50대)+표준편차 9 가정 정규분포 추정
체중,kg,여,55~59세,33,54.9,통계연보 평균(50대)+표준편차 9 가정 정규분포 추정
체중,kg,여,55~59세,34,55.2,통계연보 평균(50대)+표준편차 9 가정 정규분포 추정
체중,kg,여,55~59세,35,55.4,통계연보 평균(50대)+표준편차 9 가정 정규분포 추정
체중,kg,여,55~59세,36,55.7,통계연보 평균(50대)+표준편차 9 가정 정규분포 추정
체중,kg,여,55~59세,37,55.9,통계연보 평균(50대)+표준편차 9 가정 정규분포 추정
체중,kg,여,55~59세,38,56.2,통계연보 평균(50대)+표준편차 9 가정 정규분포 추정
체중,kg,여,55~59세,39,56.4,통계연보 평균(50대)+표준편차 9 가정 정규분포 추정
체중,kg,여,55~59세,40,56.6,통계연보 평균(50대)+표준편차 9 가정 정규분포 추정
체중,kg,여,55~59세,41,56.9,통계연보 평균(50대)+표준편차 9 가정 정규분포 추정
체중,kg,여,55~59세,42,57.1,통계연보 평균(50대)+표준편차 9 가정 정규분포 추정
체중,kg,여,55~59세,43,57.3,통계연보 평균(50대)+표준편차 9 가정 정규분포 추정
체중,kg,여,55~59세,44,57.5,통계연보 평균(50대)+표준편차 9 가정 정규분포 추정
체중,kg,여,55~59세,45,57.8,통계연보 평균(50대)+표준편차 9 가정 정규분포 추정
체중,kg,여,55~59세,46,58,통계연보 평균(50대)+표준편차 9 가정 정규분포 추정
체중,kg,여,55~59세,47,58.2,통계연보 평균(50대)+표준편차 9 가정 정규분포 추정
체중,kg,여,55~59세,48,58.4,통계연보 평균(50대)+표준편차 9 가정 정규분포 추정
체중,kg,여,55~59세,49,58.7,통계연보 평균(50대)+표준편차 9 가정 정규분포 추정
체중,kg,여,55~59세,50,58.9,통계연보 평균(50대)+표준편차 9 가정 정규분포 추정
체중,kg,여,55~59세,51,59.1,통계연보 평균(50대)+표준편차 9 가정 정규분포 추정
체중,kg,여,55~59세,52,59.4,통계연보 평균(50대)+표준편차 9 가정 정규분포 추정
체중,kg,여,55~59세,53,59.6,통계연보 평균(50대)+표준편차 9 가정 정규분포 추정
체중,kg,여,55~59세,54,59.8,통계연보 평균(50대)+표준편차 9 가정 정규분포 추정
체중,kg,여,55~59세,55,60,통계연보 평균(50대)+표준편차 9 가정 정규분포 추정
체중,kg,여,55~59세,56,60.3,통계연보 평균(50대)+표준편차 9 가정 정규분포 추정
체중,kg,여,55~59세,57,60.5,통계연보 평균(50대)+표준편차 9 가정 정규분포 추정
체중,kg,여,55~59세,58,60.7,통계연보 평균(50대)+표준편차 9 가정 정규분포 추정
체중,kg,여,55~59세,59,60.9,통계연보 평균(50대)+표준편차 9 가정 정규분포 추정
체중,kg,여,55~59세,60,61.2,통계연보 평균(50대)+표준편차 9 가정 정규분포 추정
체중,kg,여,55~59세,61,61.4,통계연보 평균(50대)+표준편차 9 가정 정규분포 추정
체중,kg,여,55~59세,62,61.6,통계연보 평균(50대)+표준편차 9 가정 정규분포 추정
체중,kg,여,55~59세,63,61.9,통계연보 평균(50대)+표준편차 9 가정 정규분포 추정
체중,kg,여,55~59세,64,62.1,통계연보 평균(50대)+표준편차 9 가정 정규분포 추정
체중,kg,여,55~59세,65,62.4,통계연보 평균(50대)+표준편차 9 가정 정규분포 추정
체중,kg,여,55~59세,66,62.6,통계연보 평균(50대)+표준편차 9 가정 정규분포 추정
체중,kg,여,55~59세,67,62.9,통계연보 평균(50대)+표준편차 9 가정 정규분포 추정
체중,kg,여,55~59세,68,63.1,통계연보 평균(50대)+표준편차 9 가정 정규분포 추정
체중,kg,여,55~59세,69,63.4,통계연보 평균(50대)+표준편차 9 가정 정규분포 추정
체중,kg,여,55~59세,70,63.6,통계연보 평균(50대)+표준편차 9 가정 정규분포 추정
체중,kg,여,55~59세,71,63.9,통계연보 평균(50대)+표준편차 9 가정 정규분포 추정
체중,kg,여,55~59세,72,64.1,통계연보 평균(50대)+표준편차 9 가정 정규분포 추정
체중,kg,여,55~59세,73,64.4,통계연보 평균(50대)+표준편차 9 가정 정규분포 추정
체중,kg,여,55~59세,74,64.7,통계연보 평균(50대)+표준편차 9 가정 정규분포 추정
체중,kg,여,55~59세,75,65,통계연보 평균(50대)+표준편차 9 가정 정규분포 추정
체중,kg,여,55~59세,76,65.3,통계연보 평균(50대)+표준편차 9 가정 정규분포 추정
체중,kg,여,55~59세,77,65.5,통계연보 평균(50대)+표준편차 9 가정 정규분포 추정
체중,kg,여,55~59세,78,65.8,통계연보 평균(50대)+표준편차 9 가정 정규분포 추정
체중,kg,여,55~59세,79,66.2,통계연보 평균(50대)+표준편차 9 가정 정규분포 추정
체중,kg,여,55~59세,80,66.5,통계연보 평균(50대)+표준편차 9 가정 정규분포 추정
체중,kg,여,55~59세,81,66.8,통계연보 평균(50대)+표준편차 9 가정 정규분포 추정
체중,kg,여,55~59세,82,67.1,통계연보 평균(50대)+표준편차 9 가정 정규분포 추정
체중,kg,여,55~59세,83,67.5,통계연보 평균(50대)+표준편차 9 가정 정규분포 추정
체중,kg,여,55~59세,84,67.9,통계연보 평균(50대)+표준편차 9 가정 정규분포 추정
체중,kg,여,55~59세,85,68.2,통계연보 평균(50대)+표준편차 9 가정 정규분포 추정
체중,kg,여,55~59세,86,68.6,통계연보 평균(50대)+표준편차 9 가정 정규분포 추정
체중,kg,여,55~59세,87,69,통계연보 평균(50대)+표준편차 9 가정 정규분포 추정
체중,kg,여,55~59세,88,69.5,통계연보 평균(50대)+표준편차 9 가정 정규분포 추정
체중,kg,여,55~59세,89,69.9,통계연보 평균(50대)+표준편차 9 가정 정규분포 추정
체중,kg,여,55~59세,90,70.4,통계연보 평균(50대)+표준편차 9 가정 정규분포 추정
체중,kg,여,55~59세,91,71,통계연보 평균(50대)+표준편차 9 가정 정규분포 추정
체중,kg,여,55~59세,92,71.5,통계연보 평균(50대)+표준편차 9 가정 정규분포 추정
체중,kg,여,55~59세,93,72.2,통계연보 평균(50대)+표준편차 9 가정 정규분포 추정
체중,kg,여,55~59세,94,72.9,통계연보 평균(50대)+표준편차 9 가정 정규분포 추정
체중,kg,여,55~59세,95,73.7,통계연보 평균(50대)+표준편차 9 가정 정규분포 추정
체중,kg,여,55~59세,96,74.7,통계연보 평균(50대)+표준편차 9 가정 정규분포 추정
체중,kg,여,55~59세,97,75.8,통계연보 평균(50대)+표준편차 9 가정 정규분포 추정
체중,kg,여,55~59세,98,77.4,통계연보 평균(50대)+표준편차 9 가정 정규분포 추정
체중,kg,여,55~59세,99,79.8,통계연보 평균(50대)+표준편차 9 가정 정규분포 추정
체중,kg,여,55~59세,100,82.1,통계연보 평균(50대)+표준편차 9 가정 정규분포 추정
체중,kg,여,60~64세,1,37.1,통계연보 평균(60대)+표준편차 9 가정 정규분포 추정
체중,kg,여,60~64세,2,39.5,통계연보 평균(60대)+표준편차 9 가정 정규분포 추정
체중,kg,여,60~64세,3,41.1,통계연보 평균(60대)+표준편차 9 가정 정규분포 추정
체중,kg,여,60~64세,4,42.2,통계연보 평균(60대)+표준편차 9 가정 정규분포 추정
체중,kg,여,60~64세,5,43.2,통계연보 평균(60대)+표준편차 9 가정 정규분포 추정
체중,kg,여,60~64세,6,44,통계연보 평균(60대)+표준편차 9 가정 정규분포 추정
체중,kg,여,60~64세,7,44.7,통계연보 평균(60대)+표준편차 9 가정 정규분포 추정
체중,kg,여,60~64세,8,45.4,통계연보 평균(60대)+표준편차 9 가정 정규분포 추정
체중,kg,여,60~64세,9,45.9,통계연보 평균(60대)+표준편차 9 가정 정규분포 추정
체중,kg,여,60~64세,10,46.5,통계연보 평균(60대)+표준편차 9 가정 정규분포 추정
체중,kg,여,60~64세,11,47,통계연보 평균(60대)+표준편차 9 가정 정규분포 추정
체중,kg,여,60~64세,12,47.4,통계연보 평균(60대)+표준편차 9 가정 정규분포 추정
체중,kg,여,60~64세,13,47.9,통계연보 평균(60대)+표준편차 9 가정 정규분포 추정
체중,kg,여,60~64세,14,48.3,통계연보 평균(60대)+표준편차 9 가정 정규분포 추정
체중,kg,여,60~64세,15,48.7,통계연보 평균(60대)+표준편차 9 가정 정규분포 추정
체중,kg,여,60~64세,16,49,통계연보 평균(60대)+표준편차 9 가정 정규분포 추정
체중,kg,여,60~64세,17,49.4,통계연보 평균(60대)+표준편차 9 가정 정규분포 추정
체중,kg,여,60~64세,18,49.8,통계연보 평균(60대)+표준편차 9 가정 정규분포 추정
체중,kg,여,60~64세,19,50.1,통계연보 평균(60대)+표준편차 9 가정 정규분포 추정
체중,kg,여,60~64세,20,50.4,통계연보 평균(60대)+표준편차 9 가정 정규분포 추정
체중,kg,여,60~64세,21,50.7,통계연보 평균(60대)+표준편차 9 가정 정규분포 추정
체중,kg,여,60~64세,22,51.1,통계연보 평균(60대)+표준편차 9 가정 정규분포 추정
체중,kg,여,60~64세,23,51.4,통계연보 평균(60대)+표준편차 9 가정 정규분포 추정
체중,kg,여,60~64세,24,51.6,통계연보 평균(60대)+표준편차 9 가정 정규분포 추정
체중,kg,여,60~64세,25,51.9,통계연보 평균(60대)+표준편차 9 가정 정규분포 추정
체중,kg,여,60~64세,26,52.2,통계연보 평균(60대)+표준편차 9 가정 정규분포 추정
체중,kg,여,60~64세,27,52.5,통계연보 평균(60대)+표준편차 9 가정 정규분포 추정
체중,kg,여,60~64세,28,52.8,통계연보 평균(60대)+표준편차 9 가정 정규분포 추정
체중,kg,여,60~64세,29,53,통계연보 평균(60대)+표준편차 9 가정 정규분포 추정
체중,kg,여,60~64세,30,53.3,통계연보 평균(60대)+표준편차 9 가정 정규분포 추정
체중,kg,여,60~64세,31,53.5,통계연보 평균(60대)+표준편차 9 가정 정규분포 추정
체중,kg,여,60~64세,32,53.8,통계연보 평균(60대)+표준편차 9 가정 정규분포 추정
체중,kg,여,60~64세,33,54,통계연보 평균(60대)+표준편차 9 가정 정규분포 추정
체중,kg,여,60~64세,34,54.3,통계연보 평균(60대)+표준편차 9 가정 정규분포 추정
체중,kg,여,60~64세,35,54.5,통계연보 평균(60대)+표준편차 9 가정 정규분포 추정
체중,kg,여,60~64세,36,54.8,통계연보 평균(60대)+표준편차 9 가정 정규분포 추정
체중,kg,여,60~64세,37,55,통계연보 평균(60대)+표준편차 9 가정 정규분포 추정
체중,kg,여,60~64세,38,55.3,통계연보 평균(60대)+표준편차 9 가정 정규분포 추정
체중,kg,여,60~64세,39,55.5,통계연보 평균(60대)+표준편차 9 가정 정규분포 추정
체중,kg,여,60~64세,40,55.7,통계연보 평균(60대)+표준편차 9 가정 정규분포 추정
체중,kg,여,60~64세,41,56,통계연보 평균(60대)+표준편차 9 가정 정규분포 추정
체중,kg,여,60~64세,42,56.2,통계연보 평균(60대)+표준편차 9 가정 정규분포 추정
체중,kg,여,60~64세,43,56.4,통계연보 평균(60대)+표준편차 9 가정 정규분포 추정
체중,kg,여,60~64세,44,56.6,통계연보 평균(60대)+표준편차 9 가정 정규분포 추정
체중,kg,여,60~64세,45,56.9,통계연보 평균(60대)+표준편차 9 가정 정규분포 추정
체중,kg,여,60~64세,46,57.1,통계연보 평균(60대)+표준편차 9 가정 정규분포 추정
체중,kg,여,60~64세,47,57.3,통계연보 평균(60대)+표준편차 9 가정 정규분포 추정
체중,kg,여,60~64세,48,57.5,통계연보 평균(60대)+표준편차 9 가정 정규분포 추정
체중,kg,여,60~64세,49,57.8,통계연보 평균(60대)+표준편차 9 가정 정규분포 추정
체중,kg,여,60~64세,50,58,통계연보 평균(60대)+표준편차 9 가정 정규분포 추정
체중,kg,여,60~64세,51,58.2,통계연보 평균(60대)+표준편차 9 가정 정규분포 추정
체중,kg,여,60~64세,52,58.5,통계연보 평균(60대)+표준편차 9 가정 정규분포 추정
체중,kg,여,60~64세,53,58.7,통계연보 평균(60대)+표준편차 9 가정 정규분포 추정
체중,kg,여,60~64세,54,58.9,통계연보 평균(60대)+표준편차 9 가정 정규분포 추정
체중,kg,여,60~64세,55,59.1,통계연보 평균(60대)+표준편차 9 가정 정규분포 추정
체중,kg,여,60~64세,56,59.4,통계연보 평균(60대)+표준편차 9 가정 정규분포 추정
체중,kg,여,60~64세,57,59.6,통계연보 평균(60대)+표준편차 9 가정 정규분포 추정
체중,kg,여,60~64세,58,59.8,통계연보 평균(60대)+표준편차 9 가정 정규분포 추정
체중,kg,여,60~64세,59,60,통계연보 평균(60대)+표준편차 9 가정 정규분포 추정
체중,kg,여,60~64세,60,60.3,통계연보 평균(60대)+표준편차 9 가정 정규분포 추정
체중,kg,여,60~64세,61,60.5,통계연보 평균(60대)+표준편차 9 가정 정규분포 추정
체중,kg,여,60~64세,62,60.7,통계연보 평균(60대)+표준편차 9 가정 정규분포 추정
체중,kg,여,60~64세,63,61,통계연보 평균(60대)+표준편차 9 가정 정규분포 추정
체중,kg,여,60~64세,64,61.2,통계연보 평균(60대)+표준편차 9 가정 정규분포 추정
체중,kg,여,60~64세,65,61.5,통계연보 평균(60대)+표준편차 9 가정 정규분포 추정
체중,kg,여,60~64세,66,61.7,통계연보 평균(60대)+표준편차 9 가정 정규분포 추정
체중,kg,여,60~64세,67,62,통계연보 평균(60대)+표준편차 9 가정 정규분포 추정
체중,kg,여,60~64세,68,62.2,통계연보 평균(60대)+표준편차 9 가정 정규분포 추정
체중,kg,여,60~64세,69,62.5,통계연보 평균(60대)+표준편차 9 가정 정규분포 추정
체중,kg,여,60~64세,70,62.7,통계연보 평균(60대)+표준편차 9 가정 정규분포 추정
체중,kg,여,60~64세,71,63,통계연보 평균(60대)+표준편차 9 가정 정규분포 추정
체중,kg,여,60~64세,72,63.2,통계연보 평균(60대)+표준편차 9 가정 정규분포 추정
체중,kg,여,60~64세,73,63.5,통계연보 평균(60대)+표준편차 9 가정 정규분포 추정
체중,kg,여,60~64세,74,63.8,통계연보 평균(60대)+표준편차 9 가정 정규분포 추정
체중,kg,여,60~64세,75,64.1,통계연보 평균(60대)+표준편차 9 가정 정규분포 추정
체중,kg,여,60~64세,76,64.4,통계연보 평균(60대)+표준편차 9 가정 정규분포 추정
체중,kg,여,60~64세,77,64.6,통계연보 평균(60대)+표준편차 9 가정 정규분포 추정
체중,kg,여,60~64세,78,64.9,통계연보 평균(60대)+표준편차 9 가정 정규분포 추정
체중,kg,여,60~64세,79,65.3,통계연보 평균(60대)+표준편차 9 가정 정규분포 추정
체중,kg,여,60~64세,80,65.6,통계연보 평균(60대)+표준편차 9 가정 정규분포 추정
체중,kg,여,60~64세,81,65.9,통계연보 평균(60대)+표준편차 9 가정 정규분포 추정
체중,kg,여,60~64세,82,66.2,통계연보 평균(60대)+표준편차 9 가정 정규분포 추정
체중,kg,여,60~64세,83,66.6,통계연보 평균(60대)+표준편차 9 가정 정규분포 추정
체중,kg,여,60~64세,84,67,통계연보 평균(60대)+표준편차 9 가정 정규분포 추정
체중,kg,여,60~64세,85,67.3,통계연보 평균(60대)+표준편차 9 가정 정규분포 추정
체중,kg,여,60~64세,86,67.7,통계연보 평균(60대)+표준편차 9 가정 정규분포 추정
체중,kg,여,60~64세,87,68.1,통계연보 평균(60대)+표준편차 9 가정 정규분포 추정
체중,kg,여,60~64세,88,68.6,통계연보 평균(60대)+표준편차 9 가정 정규분포 추정
체중,kg,여,60~64세,89,69,통계연보 평균(60대)+표준편차 9 가정 정규분포 추정
체중,kg,여,60~64세,90,69.5,통계연보 평균(60대)+표준편차 9 가정 정규분포 추정
체중,kg,여,60~64세,91,70.1,통계연보 평균(60대)+표준편차 9 가정 정규분포 추정
체중,kg,여,60~64세,92,70.6,통계연보 평균(60대)+표준편차 9 가정 정규분포 추정
체중,kg,여,60~64세,93,71.3,통계연보 평균(60대)+표준편차 9 가정 정규분포 추정
체중,kg,여,60~64세,94,72,통계연보 평균(60대)+표준편차 9 가정 정규분포 추정
체중,kg,여,60~64세,95,72.8,통계연보 평균(60대)+표준편차 9 가정 정규분포 추정
체중,kg,여,60~64세,96,73.8,통계연보 평균(60대)+표준편차 9 가정 정규분포 추정
체중,kg,여,60~64세,97,74.9,통계연보 평균(60대)+표준편차 9 가정 정규분포 추정
체중,kg,여,60~64세,98,76.5,통계연보 평균(60대)+표준편차 9 가정 정규분포 추정
체중,kg,여,60~64세,99,78.9,통계연보 평균(60대)+표준편차 9 가정 정규분포 추정
체중,kg,여,60~64세,100,81.2,통계연보 평균(60대)+표준편차 9 가정 정규분포 추정
체중,kg,여,65~69세,1,37.1,통계연보 평균(60대)+표준편차 9 가정 정규분포 추정
체중,kg,여,65~69세,2,39.5,통계연보 평균(60대)+표준편차 9 가정 정규분포 추정
체중,kg,여,65~69세,3,41.1,통계연보 평균(60대)+표준편차 9 가정 정규분포 추정
체중,kg,여,65~69세,4,42.2,통계연보 평균(60대)+표준편차 9 가정 정규분포 추정
체중,kg,여,65~69세,5,43.2,통계연보 평균(60대)+표준편차 9 가정 정규분포 추정
체중,kg,여,65~69세,6,44,통계연보 평균(60대)+표준편차 9 가정 정규분포 추정
체중,kg,여,65~69세,7,44.7,통계연보 평균(60대)+표준편차 9 가정 정규분포 추정
체중,kg,여,65~69세,8,45.4,통계연보 평균(60대)+표준편차 9 가정 정규분포 추정
체중,kg,여,65~69세,9,45.9,통계연보 평균(60대)+표준편차 9 가정 정규분포 추정
체중,kg,여,65~69세,10,46.5,통계연보 평균(60대)+표준편차 9 가정 정규분포 추정
체중,kg,여,65~69세,11,47,통계연보 평균(60대)+표준편차 9 가정 정규분포 추정
체중,kg,여,65~69세,12,47.4,통계연보 평균(60대)+표준편차 9 가정 정규분포 추정
체중,kg,여,65~69세,13,47.9,통계연보 평균(60대)+표준편차 9 가정 정규분포 추정
체중,kg,여,65~69세,14,48.3,통계연보 평균(60대)+표준편차 9 가정 정규분포 추정
체중,kg,여,65~69세,15,48.7,통계연보 평균(60대)+표준편차 9 가정 정규분포 추정
체중,kg,여,65~69세,16,49,통계연보 평균(60대)+표준편차 9 가정 정규분포 추정
체중,kg,여,65~69세,17,49.4,통계연보 평균(60대)+표준편차 9 가정 정규분포 추정
체중,kg,여,65~69세,18,49.8,통계연보 평균(60대)+표준편차 9 가정 정규분포 추정
체중,kg,여,65~69세,19,50.1,통계연보 평균(60대)+표준편차 9 가정 정규분포 추정
체중,kg,여,65~69세,20,50.4,통계연보 평균(60대)+표준편차 9 가정 정규분포 추정
체중,kg,여,65~69세,21,50.7,통계연보 평균(60대)+표준편차 9 가정 정규분포 추정
체중,kg,여,65~69세,22,51.1,통계연보 평균(60대)+표준편차 9 가정 정규분포 추정
체중,kg,여,65~69세,23,51.4,통계연보 평균(60대)+표준편차 9 가정 정규분포 추정
체중,kg,여,65~69세,24,51.6,통계연보 평균(60대)+표준편차 9 가정 정규분포 추정
체중,kg,여,65~69세,25,51.9,통계연보 평균(60대)+표준편차 9 가정 정규분포 추정
체중,kg,여,65~69세,26,52.2,통계연보 평균(60대)+표준편차 9 가정 정규분포 추정
체중,kg,여,65~69세,27,52.5,통계연보 평균(60대)+표준편차 9 가정 정규분포 추정
체중,kg,여,65~69세,28,52.8,통계연보 평균(60대)+표준편차 9 가정 정규분포 추정
체중,kg,여,65~69세,29,53,통계연보 평균(60대)+표준편차 9 가정 정규분포 추정
체중,kg,여,65~69세,30,53.3,통계연보 평균(60대)+표준편차 9 가정 정규분포 추정
체중,kg,여,65~69세,31,53.5,통계연보 평균(60대)+표준편차 9 가정 정규분포 추정
체중,kg,여,65~69세,32,53.8,통계연보 평균(60대)+표준편차 9 가정 정규분포 추정
체중,kg,여,65~69세,33,54,통계연보 평균(60대)+표준편차 9 가정 정규분포 추정
체중,kg,여,65~69세,34,54.3,통계연보 평균(60대)+표준편차 9 가정 정규분포 추정
체중,kg,여,65~69세,35,54.5,통계연보 평균(60대)+표준편차 9 가정 정규분포 추정
체중,kg,여,65~69세,36,54.8,통계연보 평균(60대)+표준편차 9 가정 정규분포 추정
체중,kg,여,65~69세,37,55,통계연보 평균(60대)+표준편차 9 가정 정규분포 추정
체중,kg,여,65~69세,38,55.3,통계연보 평균(60대)+표준편차 9 가정 정규분포 추정
체중,kg,여,65~69세,39,55.5,통계연보 평균(60대)+표준편차 9 가정 정규분포 추정
체중,kg,여,65~69세,40,55.7,통계연보 평균(60대)+표준편차 9 가정 정규분포 추정
체중,kg,여,65~69세,41,56,통계연보 평균(60대)+표준편차 9 가정 정규분포 추정
체중,kg,여,65~69세,42,56.2,통계연보 평균(60대)+표준편차 9 가정 정규분포 추정
체중,kg,여,65~69세,43,56.4,통계연보 평균(60대)+표준편차 9 가정 정규분포 추정
체중,kg,여,65~69세,44,56.6,통계연보 평균(60대)+표준편차 9 가정 정규분포 추정
체중,kg,여,65~69세,45,56.9,통계연보 평균(60대)+표준편차 9 가정 정규분포 추정
체중,kg,여,65~69세,46,57.1,통계연보 평균(60대)+표준편차 9 가정 정규분포 추정
체중,kg,여,65~69세,47,57.3,통계연보 평균(60대)+표준편차 9 가정 정규분포 추정
체중,kg,여,65~69세,48,57.5,통계연보 평균(60대)+표준편차 9 가정 정규분포 추정
체중,kg,여,65~69세,49,57.8,통계연보 평균(60대)+표준편차 9 가정 정규분포 추정
체중,kg,여,65~69세,50,58,통계연보 평균(60대)+표준편차 9 가정 정규분포 추정
체중,kg,여,65~69세,51,58.2,통계연보 평균(60대)+표준편차 9 가정 정규분포 추정
체중,kg,여,65~69세,52,58.5,통계연보 평균(60대)+표준편차 9 가정 정규분포 추정
체중,kg,여,65~69세,53,58.7,통계연보 평균(60대)+표준편차 9 가정 정규분포 추정
체중,kg,여,65~69세,54,58.9,통계연보 평균(60대)+표준편차 9 가정 정규분포 추정
체중,kg,여,65~69세,55,59.1,통계연보 평균(60대)+표준편차 9 가정 정규분포 추정
체중,kg,여,65~69세,56,59.4,통계연보 평균(60대)+표준편차 9 가정 정규분포 추정
체중,kg,여,65~69세,57,59.6,통계연보 평균(60대)+표준편차 9 가정 정규분포 추정
체중,kg,여,65~69세,58,59.8,통계연보 평균(60대)+표준편차 9 가정 정규분포 추정
체중,kg,여,65~69세,59,60,통계연보 평균(60대)+표준편차 9 가정 정규분포 추정
체중,kg,여,65~69세,60,60.3,통계연보 평균(60대)+표준편차 9 가정 정규분포 추정
체중,kg,여,65~69세,61,60.5,통계연보 평균(60대)+표준편차 9 가정 정규분포 추정
체중,kg,여,65~69세,62,60.7,통계연보 평균(60대)+표준편차 9 가정 정규분포 추정
체중,kg,여,65~69세,63,61,통계연보 평균(60대)+표준편차 9 가정 정규분포 추정
체중,kg,여,65~69세,64,61.2,통계연보 평균(60대)+표준편차 9 가정 정규분포 추정
체중,kg,여,65~69세,65,61.5,통계연보 평균(60대)+표준편차 9 가정 정규분포 추정
체중,kg,여,65~69세,66,61.7,통계연보 평균(60대)+표준편차 9 가정 정규분포 추정
체중,kg,여,65~69세,67,62,통계연보 평균(60대)+표준편차 9 가정 정규분포 추정
체중,kg,여,65~69세,68,62.2,통계연보 평균(60대)+표준편차 9 가정 정규분포 추정
체중,kg,여,65~69세,69,62.5,통계연보 평균(60대)+표준편차 9 가정 정규분포 추정
체중,kg,여,65~69세,70,62.7,통계연보 평균(60대)+표준편차 9 가정 정규분포 추정
체중,kg,여,65~69세,71,63,통계연보 평균(60대)+표준편차 9 가정 정규분포 추정
체중,kg,여,65~69세,72,63.2,통계연보 평균(60대)+표준편차 9 가정 정규분포 추정
체중,kg,여,65~69세,73,63.5,통계연보 평균(60대)+표준편차 9 가정 정규분포 추정
체중,kg,여,65~69세,74,63.8,통계연보 평균(60대)+표준편차 9 가정 정규분포 추정
체중,kg,여,65~69세,75,64.1,통계연보 평균(60대)+표준편차 9 가정 정규분포 추정
체중,kg,여,65~69세,76,64.4,통계연보 평균(60대)+표준편차 9 가정 정규분포 추정
체중,kg,여,65~69세,77,64.6,통계연보 평균(60대)+표준편차 9 가정 정규분포 추정
체중,kg,여,65~69세,78,64.9,통계연보 평균(60대)+표준편차 9 가정 정규분포 추정
체중,kg,여,65~69세,79,65.3,통계연보 평균(60대)+표준편차 9 가정 정규분포 추정
체중,kg,여,65~69세,80,65.6,통계연보 평균(60대)+표준편차 9 가정 정규분포 추정
체중,kg,여,65~69세,81,65.9,통계연보 평균(60대)+표준편차 9 가정 정규분포 추정
체중,kg,여,65~69세,82,66.2,통계연보 평균(60대)+표준편차 9 가정 정규분포 추정
체중,kg,여,65~69세,83,66.6,통계연보 평균(60대)+표준편차 9 가정 정규분포 추정
체중,kg,여,65~69세,84,67,통계연보 평균(60대)+표준편차 9 가정 정규분포 추정
체중,kg,여,65~69세,85,67.3,통계연보 평균(60대)+표준편차 9 가정 정규분포 추정
체중,kg,여,65~69세,86,67.7,통계연보 평균(60대)+표준편차 9 가정 정규분포 추정
체중,kg,여,65~69세,87,68.1,통계연보 평균(60대)+표준편차 9 가정 정규분포 추정
체중,kg,여,65~69세,88,68.6,통계연보 평균(60대)+표준편차 9 가정 정규분포 추정
체중,kg,여,65~69세,89,69,통계연보 평균(60대)+표준편차 9 가정 정규분포 추정
체중,kg,여,65~69세,90,69.5,통계연보 평균(60대)+표준편차 9 가정 정규분포 추정
체중,kg,여,65~69세,91,70.1,통계연보 평균(60대)+표준편차 9 가정 정규분포 추정
체중,kg,여,65~69세,92,70.6,통계연보 평균(60대)+표준편차 9 가정 정규분포 추정
체중,kg,여,65~69세,93,71.3,통계연보 평균(60대)+표준편차 9 가정 정규분포 추정
체중,kg,여,65~69세,94,72,통계연보 평균(60대)+표준편차 9 가정 정규분포 추정
체중,kg,여,65~69세,95,72.8,통계연보 평균(60대)+표준편차 9 가정 정규분포 추정
체중,kg,여,65~69세,96,73.8,통계연보 평균(60대)+표준편차 9 가정 정규분포 추정
체중,kg,여,65~69세,97,74.9,통계연보 평균(60대)+표준편차 9 가정 정규분포 추정
체중,kg,여,65~69세,98,76.5,통계연보 평균(60대)+표준편차 9 가정 정규분포 추정
체중,kg,여,65~69세,99,78.9,통계연보 평균(60대)+표준편차 9 가정 정규분포 추정
체중,kg,여,65~69세,100,81.2,통계연보 평균(60대)+표준편차 9 가정 정규분포 추정
체중,kg,여,70~74세,1,36.2,통계연보 평균(70대)+표준편차 9 가정 정규분포 추정
체중,kg,여,70~74세,2,38.6,통계연보 평균(70대)+표준편차 9 가정 정규분포 추정
체중,kg,여,70~74세,3,40.2,통계연보 평균(70대)+표준편차 9 가정 정규분포 추정
체중,kg,여,70~74세,4,41.3,통계연보 평균(70대)+표준편차 9 가정 정규분포 추정
체중,kg,여,70~74세,5,42.3,통계연보 평균(70대)+표준편차 9 가정 정규분포 추정
체중,kg,여,70~74세,6,43.1,통계연보 평균(70대)+표준편차 9 가정 정규분포 추정
체중,kg,여,70~74세,7,43.8,통계연보 평균(70대)+표준편차 9 가정 정규분포 추정
체중,kg,여,70~74세,8,44.5,통계연보 평균(70대)+표준편차 9 가정 정규분포 추정
체중,kg,여,70~74세,9,45,통계연보 평균(70대)+표준편차 9 가정 정규분포 추정
체중,kg,여,70~74세,10,45.6,통계연보 평균(70대)+표준편차 9 가정 정규분포 추정
체중,kg,여,70~74세,11,46.1,통계연보 평균(70대)+표준편차 9 가정 정규분포 추정
체중,kg,여,70~74세,12,46.5,통계연보 평균(70대)+표준편차 9 가정 정규분포 추정
체중,kg,여,70~74세,13,47,통계연보 평균(70대)+표준편차 9 가정 정규분포 추정
체중,kg,여,70~74세,14,47.4,통계연보 평균(70대)+표준편차 9 가정 정규분포 추정
체중,kg,여,70~74세,15,47.8,통계연보 평균(70대)+표준편차 9 가정 정규분포 추정
체중,kg,여,70~74세,16,48.1,통계연보 평균(70대)+표준편차 9 가정 정규분포 추정
체중,kg,여,70~74세,17,48.5,통계연보 평균(70대)+표준편차 9 가정 정규분포 추정
체중,kg,여,70~74세,18,48.9,통계연보 평균(70대)+표준편차 9 가정 정규분포 추정
체중,kg,여,70~74세,19,49.2,통계연보 평균(70대)+표준편차 9 가정 정규분포 추정
체중,kg,여,70~74세,20,49.5,통계연보 평균(70대)+표준편차 9 가정 정규분포 추정
체중,kg,여,70~74세,21,49.8,통계연보 평균(70대)+표준편차 9 가정 정규분포 추정
체중,kg,여,70~74세,22,50.2,통계연보 평균(70대)+표준편차 9 가정 정규분포 추정
체중,kg,여,70~74세,23,50.5,통계연보 평균(70대)+표준편차 9 가정 정규분포 추정
체중,kg,여,70~74세,24,50.7,통계연보 평균(70대)+표준편차 9 가정 정규분포 추정
체중,kg,여,70~74세,25,51,통계연보 평균(70대)+표준편차 9 가정 정규분포 추정
체중,kg,여,70~74세,26,51.3,통계연보 평균(70대)+표준편차 9 가정 정규분포 추정
체중,kg,여,70~74세,27,51.6,통계연보 평균(70대)+표준편차 9 가정 정규분포 추정
체중,kg,여,70~74세,28,51.9,통계연보 평균(70대)+표준편차 9 가정 정규분포 추정
체중,kg,여,70~74세,29,52.1,통계연보 평균(70대)+표준편차 9 가정 정규분포 추정
체중,kg,여,70~74세,30,52.4,통계연보 평균(70대)+표준편차 9 가정 정규분포 추정
체중,kg,여,70~74세,31,52.6,통계연보 평균(70대)+표준편차 9 가정 정규분포 추정
체중,kg,여,70~74세,32,52.9,통계연보 평균(70대)+표준편차 9 가정 정규분포 추정
체중,kg,여,70~74세,33,53.1,통계연보 평균(70대)+표준편차 9 가정 정규분포 추정
체중,kg,여,70~74세,34,53.4,통계연보 평균(70대)+표준편차 9 가정 정규분포 추정
체중,kg,여,70~74세,35,53.6,통계연보 평균(70대)+표준편차 9 가정 정규분포 추정
체중,kg,여,70~74세,36,53.9,통계연보 평균(70대)+표준편차 9 가정 정규분포 추정
체중,kg,여,70~74세,37,54.1,통계연보 평균(70대)+표준편차 9 가정 정규분포 추정
체중,kg,여,70~74세,38,54.4,통계연보 평균(70대)+표준편차 9 가정 정규분포 추정
체중,kg,여,70~74세,39,54.6,통계연보 평균(70대)+표준편차 9 가정 정규분포 추정
체중,kg,여,70~74세,40,54.8,통계연보 평균(70대)+표준편차 9 가정 정규분포 추정
체중,kg,여,70~74세,41,55.1,통계연보 평균(70대)+표준편차 9 가정 정규분포 추정
체중,kg,여,70~74세,42,55.3,통계연보 평균(70대)+표준편차 9 가정 정규분포 추정
체중,kg,여,70~74세,43,55.5,통계연보 평균(70대)+표준편차 9 가정 정규분포 추정
체중,kg,여,70~74세,44,55.7,통계연보 평균(70대)+표준편차 9 가정 정규분포 추정
체중,kg,여,70~74세,45,56,통계연보 평균(70대)+표준편차 9 가정 정규분포 추정
체중,kg,여,70~74세,46,56.2,통계연보 평균(70대)+표준편차 9 가정 정규분포 추정
체중,kg,여,70~74세,47,56.4,통계연보 평균(70대)+표준편차 9 가정 정규분포 추정
체중,kg,여,70~74세,48,56.6,통계연보 평균(70대)+표준편차 9 가정 정규분포 추정
체중,kg,여,70~74세,49,56.9,통계연보 평균(70대)+표준편차 9 가정 정규분포 추정
체중,kg,여,70~74세,50,57.1,통계연보 평균(70대)+표준편차 9 가정 정규분포 추정
체중,kg,여,70~74세,51,57.3,통계연보 평균(70대)+표준편차 9 가정 정규분포 추정
체중,kg,여,70~74세,52,57.6,통계연보 평균(70대)+표준편차 9 가정 정규분포 추정
체중,kg,여,70~74세,53,57.8,통계연보 평균(70대)+표준편차 9 가정 정규분포 추정
체중,kg,여,70~74세,54,58,통계연보 평균(70대)+표준편차 9 가정 정규분포 추정
체중,kg,여,70~74세,55,58.2,통계연보 평균(70대)+표준편차 9 가정 정규분포 추정
체중,kg,여,70~74세,56,58.5,통계연보 평균(70대)+표준편차 9 가정 정규분포 추정
체중,kg,여,70~74세,57,58.7,통계연보 평균(70대)+표준편차 9 가정 정규분포 추정
체중,kg,여,70~74세,58,58.9,통계연보 평균(70대)+표준편차 9 가정 정규분포 추정
체중,kg,여,70~74세,59,59.1,통계연보 평균(70대)+표준편차 9 가정 정규분포 추정
체중,kg,여,70~74세,60,59.4,통계연보 평균(70대)+표준편차 9 가정 정규분포 추정
체중,kg,여,70~74세,61,59.6,통계연보 평균(70대)+표준편차 9 가정 정규분포 추정
체중,kg,여,70~74세,62,59.8,통계연보 평균(70대)+표준편차 9 가정 정규분포 추정
체중,kg,여,70~74세,63,60.1,통계연보 평균(70대)+표준편차 9 가정 정규분포 추정
체중,kg,여,70~74세,64,60.3,통계연보 평균(70대)+표준편차 9 가정 정규분포 추정
체중,kg,여,70~74세,65,60.6,통계연보 평균(70대)+표준편차 9 가정 정규분포 추정
체중,kg,여,70~74세,66,60.8,통계연보 평균(70대)+표준편차 9 가정 정규분포 추정
체중,kg,여,70~74세,67,61.1,통계연보 평균(70대)+표준편차 9 가정 정규분포 추정
체중,kg,여,70~74세,68,61.3,통계연보 평균(70대)+표준편차 9 가정 정규분포 추정
체중,kg,여,70~74세,69,61.6,통계연보 평균(70대)+표준편차 9 가정 정규분포 추정
체중,kg,여,70~74세,70,61.8,통계연보 평균(70대)+표준편차 9 가정 정규분포 추정
체중,kg,여,70~74세,71,62.1,통계연보 평균(70대)+표준편차 9 가정 정규분포 추정
체중,kg,여,70~74세,72,62.3,통계연보 평균(70대)+표준편차 9 가정 정규분포 추정
체중,kg,여,70~74세,73,62.6,통계연보 평균(70대)+표준편차 9 가정 정규분포 추정
체중,kg,여,70~74세,74,62.9,통계연보 평균(70대)+표준편차 9 가정 정규분포 추정
체중,kg,여,70~74세,75,63.2,통계연보 평균(70대)+표준편차 9 가정 정규분포 추정
체중,kg,여,70~74세,76,63.5,통계연보 평균(70대)+표준편차 9 가정 정규분포 추정
체중,kg,여,70~74세,77,63.7,통계연보 평균(70대)+표준편차 9 가정 정규분포 추정
체중,kg,여,70~74세,78,64,통계연보 평균(70대)+표준편차 9 가정 정규분포 추정
체중,kg,여,70~74세,79,64.4,통계연보 평균(70대)+표준편차 9 가정 정규분포 추정
체중,kg,여,70~74세,80,64.7,통계연보 평균(70대)+표준편차 9 가정 정규분포 추정
체중,kg,여,70~74세,81,65,통계연보 평균(70대)+표준편차 9 가정 정규분포 추정
체중,kg,여,70~74세,82,65.3,통계연보 평균(70대)+표준편차 9 가정 정규분포 추정
체중,kg,여,70~74세,83,65.7,통계연보 평균(70대)+표준편차 9 가정 정규분포 추정
체중,kg,여,70~74세,84,66.1,통계연보 평균(70대)+표준편차 9 가정 정규분포 추정
체중,kg,여,70~74세,85,66.4,통계연보 평균(70대)+표준편차 9 가정 정규분포 추정
체중,kg,여,70~74세,86,66.8,통계연보 평균(70대)+표준편차 9 가정 정규분포 추정
체중,kg,여,70~74세,87,67.2,통계연보 평균(70대)+표준편차 9 가정 정규분포 추정
체중,kg,여,70~74세,88,67.7,통계연보 평균(70대)+표준편차 9 가정 정규분포 추정
체중,kg,여,70~74세,89,68.1,통계연보 평균(70대)+표준편차 9 가정 정규분포 추정
체중,kg,여,70~74세,90,68.6,통계연보 평균(70대)+표준편차 9 가정 정규분포 추정
체중,kg,여,70~74세,91,69.2,통계연보 평균(70대)+표준편차 9 가정 정규분포 추정
체중,kg,여,70~74세,92,69.7,통계연보 평균(70대)+표준편차 9 가정 정규분포 추정
체중,kg,여,70~74세,93,70.4,통계연보 평균(70대)+표준편차 9 가정 정규분포 추정
체중,kg,여,70~74세,94,71.1,통계연보 평균(70대)+표준편차 9 가정 정규분포 추정
체중,kg,여,70~74세,95,71.9,통계연보 평균(70대)+표준편차 9 가정 정규분포 추정
체중,kg,여,70~74세,96,72.9,통계연보 평균(70대)+표준편차 9 가정 정규분포 추정
체중,kg,여,70~74세,97,74,통계연보 평균(70대)+표준편차 9 가정 정규분포 추정
체중,kg,여,70~74세,98,75.6,통계연보 평균(70대)+표준편차 9 가정 정규분포 추정
체중,kg,여,70~74세,99,78,통계연보 평균(70대)+표준편차 9 가정 정규분포 추정
체중,kg,여,70~74세,100,80.3,통계연보 평균(70대)+표준편차 9 가정 정규분포 추정
체중,kg,여,75~79세,1,36.2,통계연보 평균(70대)+표준편차 9 가정 정규분포 추정
체중,kg,여,75~79세,2,38.6,통계연보 평균(70대)+표준편차 9 가정 정규분포 추정
체중,kg,여,75~79세,3,40.2,통계연보 평균(70대)+표준편차 9 가정 정규분포 추정
체중,kg,여,75~79세,4,41.3,통계연보 평균(70대)+표준편차 9 가정 정규분포 추정
체중,kg,여,75~79세,5,42.3,통계연보 평균(70대)+표준편차 9 가정 정규분포 추정
체중,kg,여,75~79세,6,43.1,통계연보 평균(70대)+표준편차 9 가정 정규분포 추정
체중,kg,여,75~79세,7,43.8,통계연보 평균(70대)+표준편차 9 가정 정규분포 추정
체중,kg,여,75~79세,8,44.5,통계연보 평균(70대)+표준편차 9 가정 정규분포 추정
체중,kg,여,75~79세,9,45,통계연보 평균(70대)+표준편차 9 가정 정규분포 추정
체중,kg,여,75~79세,10,45.6,통계연보 평균(70대)+표준편차 9 가정 정규분포 추정
체중,kg,여,75~79세,11,46.1,통계연보 평균(70대)+표준편차 9 가정 정규분포 추정
체중,kg,여,75~79세,12,46.5,통계연보 평균(70대)+표준편차 9 가정 정규분포 추정
체중,kg,여,75~79세,13,47,통계연보 평균(70대)+표준편차 9 가정 정규분포 추정
체중,kg,여,75~79세,14,47.4,통계연보 평균(70대)+표준편차 9 가정 정규분포 추정
체중,kg,여,75~79세,15,47.8,통계연보 평균(70대)+표준편차 9 가정 정규분포 추정
체중,kg,여,75~79세,16,48.1,통계연보 평균(70대)+표준편차 9 가정 정규분포 추정
체중,kg,여,75~79세,17,48.5,통계연보 평균(70대)+표준편차 9 가정 정규분포 추정
체중,kg,여,75~79세,18,48.9,통계연보 평균(70대)+표준편차 9 가정 정규분포 추정
체중,kg,여,75~79세,19,49.2,통계연보 평균(70대)+표준편차 9 가정 정규분포 추정
체중,kg,여,75~79세,20,49.5,통계연보 평균(70대)+표준편차 9 가정 정규분포 추정
체중,kg,여,75~79세,21,49.8,통계연보 평균(70대)+표준편차 9 가정 정규분포 추정
체중,kg,여,75~79세,22,50.2,통계연보 평균(70대)+표준편차 9 가정 정규분포 추정
체중,kg,여,75~79세,23,50.5,통계연보 평균(70대)+표준편차 9 가정 정규분포 추정
체중,kg,여,75~79세,24,50.7,통계연보 평균(70대)+표준편차 9 가정 정규분포 추정
체중,kg,여,75~79세,25,51,통계연보 평균(70대)+표준편차 9 가정 정규분포 추정
체중,kg,여,75~79세,26,51.3,통계연보 평균(70대)+표준편차 9 가정 정규분포 추정
체중,kg,여,75~79세,27,51.6,통계연보 평균(70대)+표준편차 9 가정 정규분포 추정
체중,kg,여,75~79세,28,51.9,통계연보 평균(70대)+표준편차 9 가정 정규분포 추정
체중,kg,여,75~79세,29,52.1,통계연보 평균(70대)+표준편차 9 가정 정규분포 추정
체중,kg,여,75~79세,30,52.4,통계연보 평균(70대)+표준편차 9 가정 정규분포 추정
체중,kg,여,75~79세,31,52.6,통계연보 평균(70대)+표준편차 9 가정 정규분포 추정
체중,kg,여,75~79세,32,52.9,통계연보 평균(70대)+표준편차 9 가정 정규분포 추정
체중,kg,여,75~79세,33,53.1,통계연보 평균(70대)+표준편차 9 가정 정규분포 추정
체중,kg,여,75~79세,34,53.4,통계연보 평균(70대)+표준편차 9 가정 정규분포 추정
체중,kg,여,75~79세,35,53.6,통계연보 평균(70대)+표준편차 9 가정 정규분포 추정
체중,kg,여,75~79세,36,53.9,통계연보 평균(70대)+표준편차 9 가정 정규분포 추정
체중,kg,여,75~79세,37,54.1,통계연보 평균(70대)+표준편차 9 가정 정규분포 추정
체중,kg,여,75~79세,38,54.4,통계연보 평균(70대)+표준편차 9 가정 정규분포 추정
체중,kg,여,75~79세,39,54.6,통계연보 평균(70대)+표준편차 9 가정 정규분포 추정
체중,kg,여,75~79세,40,54.8,통계연보 평균(70대)+표준편차 9 가정 정규분포 추정
체중,kg,여,75~79세,41,55.1,통계연보 평균(70대)+표준편차 9 가정 정규분포 추정
체중,kg,여,75~79세,42,55.3,통계연보 평균(70대)+표준편차 9 가정 정규분포 추정
체중,kg,여,75~79세,43,55.5,통계연보 평균(70대)+표준편차 9 가정 정규분포 추정
체중,kg,여,75~79세,44,55.7,통계연보 평균(70대)+표준편차 9 가정 정규분포 추정
체중,kg,여,75~79세,45,56,통계연보 평균(70대)+표준편차 9 가정 정규분포 추정
체중,kg,여,75~79세,46,56.2,통계연보 평균(70대)+표준편차 9 가정 정규분포 추정
체중,kg,여,75~79세,47,56.4,통계연보 평균(70대)+표준편차 9 가정 정규분포 추정
체중,kg,여,75~79세,48,56.6,통계연보 평균(70대)+표준편차 9 가정 정규분포 추정
체중,kg,여,75~79세,49,56.9,통계연보 평균(70대)+표준편차 9 가정 정규분포 추정
체중,kg,여,75~79세,50,57.1,통계연보 평균(70대)+표준편차 9 가정 정규분포 추정
체중,kg,여,75~79세,51,57.3,통계연보 평균(70대)+표준편차 9 가정 정규분포 추정
체중,kg,여,75~79세,52,57.6,통계연보 평균(70대)+표준편차 9 가정 정규분포 추정
체중,kg,여,75~79세,53,57.8,통계연보 평균(70대)+표준편차 9 가정 정규분포 추정
체중,kg,여,75~79세,54,58,통계연보 평균(70대)+표준편차 9 가정 정규분포 추정
체중,kg,여,75~79세,55,58.2,통계연보 평균(70대)+표준편차 9 가정 정규분포 추정
체중,kg,여,75~79세,56,58.5,통계연보 평균(70대)+표준편차 9 가정 정규분포 추정
체중,kg,여,75~79세,57,58.7,통계연보 평균(70대)+표준편차 9 가정 정규분포 추정
체중,kg,여,75~79세,58,58.9,통계연보 평균(70대)+표준편차 9 가정 정규분포 추정
체중,kg,여,75~79세,59,59.1,통계연보 평균(70대)+표준편차 9 가정 정규분포 추정
체중,kg,여,75~79세,60,59.4,통계연보 평균(70대)+표준편차 9 가정 정규분포 추정
체중,kg,여,75~79세,61,59.6,통계연보 평균(70대)+표준편차 9 가정 정규분포 추정
체중,kg,여,75~79세,62,59.8,통계연보 평균(70대)+표준편차 9 가정 정규분포 추정
체중,kg,여,75~79세,63,60.1,통계연보 평균(70대)+표준편차 9 가정 정규분포 추정
체중,kg,여,75~79세,64,60.3,통계연보 평균(70대)+표준편차 9 가정 정규분포 추정
체중,kg,여,75~79세,65,60.6,통계연보 평균(70대)+표준편차 9 가정 정규분포 추정
체중,kg,여,75~79세,66,60.8,통계연보 평균(70대)+표준편차 9 가정 정규분포 추정
체중,kg,여,75~79세,67,61.1,통계연보 평균(70대)+표준편차 9 가정 정규분포 추정
체중,kg,여,75~79세,68,61.3,통계연보 평균(70대)+표준편차 9 가정 정규분포 추정
체중,kg,여,75~79세,69,61.6,통계연보 평균(70대)+표준편차 9 가정 정규분포 추정
체중,kg,여,75~79세,70,61.8,통계연보 평균(70대)+표준편차 9 가정 정규분포 추정
체중,kg,여,75~79세,71,62.1,통계연보 평균(70대)+표준편차 9 가정 정규분포 추정
체중,kg,여,75~79세,72,62.3,통계연보 평균(70대)+표준편차 9 가정 정규분포 추정
체중,kg,여,75~79세,73,62.6,통계연보 평균(70대)+표준편차 9 가정 정규분포 추정
체중,kg,여,75~79세,74,62.9,통계연보 평균(70대)+표준편차 9 가정 정규분포 추정
체중,kg,여,75~79세,75,63.2,통계연보 평균(70대)+표준편차 9 가정 정규분포 추정
체중,kg,여,75~79세,76,63.5,통계연보 평균(70대)+표준편차 9 가정 정규분포 추정
체중,kg,여,75~79세,77,63.7,통계연보 평균(70대)+표준편차 9 가정 정규분포 추정
체중,kg,여,75~79세,78,64,통계연보 평균(70대)+표준편차 9 가정 정규분포 추정
체중,kg,여,75~79세,79,64.4,통계연보 평균(70대)+표준편차 9 가정 정규분포 추정
체중,kg,여,75~79세,80,64.7,통계연보 평균(70대)+표준편차 9 가정 정규분포 추정
체중,kg,여,75~79세,81,65,통계연보 평균(70대)+표준편차 9 가정 정규분포 추정
체중,kg,여,75~79세,82,65.3,통계연보 평균(70대)+표준편차 9 가정 정규분포 추정
체중,kg,여,75~79세,83,65.7,통계연보 평균(70대)+표준편차 9 가정 정규분포 추정
체중,kg,여,75~79세,84,66.1,통계연보 평균(70대)+표준편차 9 가정 정규분포 추정
체중,kg,여,75~79세,85,66.4,통계연보 평균(70대)+표준편차 9 가정 정규분포 추정
체중,kg,여,75~79세,86,66.8,통계연보 평균(70대)+표준편차 9 가정 정규분포 추정
체중,kg,여,75~79세,87,67.2,통계연보 평균(70대)+표준편차 9 가정 정규분포 추정
체중,kg,여,75~79세,88,67.7,통계연보 평균(70대)+표준편차 9 가정 정규분포 추정
체중,kg,여,75~79세,89,68.1,통계연보 평균(70대)+표준편차 9 가정 정규분포 추정
체중,kg,여,75~79세,90,68.6,통계연보 평균(70대)+표준편차 9 가정 정규분포 추정
체중,kg,여,75~79세,91,69.2,통계연보 평균(70대)+표준편차 9 가정 정규분포 추정
체중,kg,여,75~79세,92,69.7,통계연보 평균(70대)+표준편차 9 가정 정규분포 추정
체중,kg,여,75~79세,93,70.4,통계연보 평균(70대)+표준편차 9 가정 정규분포 추정
체중,kg,여,75~79세,94,71.1,통계연보 평균(70대)+표준편차 9 가정 정규분포 추정
체중,kg,여,75~79세,95,71.9,통계연보 평균(70대)+표준편차 9 가정 정규분포 추정
체중,kg,여,75~79세,96,72.9,통계연보 평균(70대)+표준편차 9 가정 정규분포 추정
체중,kg,여,75~79세,97,74,통계연보 평균(70대)+표준편차 9 가정 정규분포 추정
체중,kg,여,75~79세,98,75.6,통계연보 평균(70대)+표준편차 9 가정 정규분포 추정
체중,kg,여,75~79세,99,78,통계연보 평균(70대)+표준편차 9 가정 정규분포 추정
체중,kg,여,75~79세,100,80.3,통계연보 평균(70대)+표준편차 9 가정 정규분포 추정
체중,kg,여,80~84세,1,32.8,통계연보 평균(80세이상)+표준편차 9 가정 정규분포 추정
체중,kg,여,80~84세,2,35.2,통계연보 평균(80세이상)+표준편차 9 가정 정규분포 추정
체중,kg,여,80~84세,3,36.8,통계연보 평균(80세이상)+표준편차 9 가정 정규분포 추정
체중,kg,여,80~84세,4,37.9,통계연보 평균(80세이상)+표준편차 9 가정 정규분포 추정
체중,kg,여,80~84세,5,38.9,통계연보 평균(80세이상)+표준편차 9 가정 정규분포 추정
체중,kg,여,80~84세,6,39.7,통계연보 평균(80세이상)+표준편차 9 가정 정규분포 추정
체중,kg,여,80~84세,7,40.4,통계연보 평균(80세이상)+표준편차 9 가정 정규분포 추정
체중,kg,여,80~84세,8,41.1,통계연보 평균(80세이상)+표준편차 9 가정 정규분포 추정
체중,kg,여,80~84세,9,41.6,통계연보 평균(80세이상)+표준편차 9 가정 정규분포 추정
체중,kg,여,80~84세,10,42.2,통계연보 평균(80세이상)+표준편차 9 가정 정규분포 추정
체중,kg,여,80~84세,11,42.7,통계연보 평균(80세이상)+표준편차 9 가정 정규분포 추정
체중,kg,여,80~84세,12,43.1,통계연보 평균(80세이상)+표준편차 9 가정 정규분포 추정
체중,kg,여,80~84세,13,43.6,통계연보 평균(80세이상)+표준편차 9 가정 정규분포 추정
체중,kg,여,80~84세,14,44,통계연보 평균(80세이상)+표준편차 9 가정 정규분포 추정
체중,kg,여,80~84세,15,44.4,통계연보 평균(80세이상)+표준편차 9 가정 정규분포 추정
체중,kg,여,80~84세,16,44.7,통계연보 평균(80세이상)+표준편차 9 가정 정규분포 추정
체중,kg,여,80~84세,17,45.1,통계연보 평균(80세이상)+표준편차 9 가정 정규분포 추정
체중,kg,여,80~84세,18,45.5,통계연보 평균(80세이상)+표준편차 9 가정 정규분포 추정
체중,kg,여,80~84세,19,45.8,통계연보 평균(80세이상)+표준편차 9 가정 정규분포 추정
체중,kg,여,80~84세,20,46.1,통계연보 평균(80세이상)+표준편차 9 가정 정규분포 추정
체중,kg,여,80~84세,21,46.4,통계연보 평균(80세이상)+표준편차 9 가정 정규분포 추정
체중,kg,여,80~84세,22,46.8,통계연보 평균(80세이상)+표준편차 9 가정 정규분포 추정
체중,kg,여,80~84세,23,47.1,통계연보 평균(80세이상)+표준편차 9 가정 정규분포 추정
체중,kg,여,80~84세,24,47.3,통계연보 평균(80세이상)+표준편차 9 가정 정규분포 추정
체중,kg,여,80~84세,25,47.6,통계연보 평균(80세이상)+표준편차 9 가정 정규분포 추정
체중,kg,여,80~84세,26,47.9,통계연보 평균(80세이상)+표준편차 9 가정 정규분포 추정
체중,kg,여,80~84세,27,48.2,통계연보 평균(80세이상)+표준편차 9 가정 정규분포 추정
체중,kg,여,80~84세,28,48.5,통계연보 평균(80세이상)+표준편차 9 가정 정규분포 추정
체중,kg,여,80~84세,29,48.7,통계연보 평균(80세이상)+표준편차 9 가정 정규분포 추정
체중,kg,여,80~84세,30,49,통계연보 평균(80세이상)+표준편차 9 가정 정규분포 추정
체중,kg,여,80~84세,31,49.2,통계연보 평균(80세이상)+표준편차 9 가정 정규분포 추정
체중,kg,여,80~84세,32,49.5,통계연보 평균(80세이상)+표준편차 9 가정 정규분포 추정
체중,kg,여,80~84세,33,49.7,통계연보 평균(80세이상)+표준편차 9 가정 정규분포 추정
체중,kg,여,80~84세,34,50,통계연보 평균(80세이상)+표준편차 9 가정 정규분포 추정
체중,kg,여,80~84세,35,50.2,통계연보 평균(80세이상)+표준편차 9 가정 정규분포 추정
체중,kg,여,80~84세,36,50.5,통계연보 평균(80세이상)+표준편차 9 가정 정규분포 추정
체중,kg,여,80~84세,37,50.7,통계연보 평균(80세이상)+표준편차 9 가정 정규분포 추정
체중,kg,여,80~84세,38,51,통계연보 평균(80세이상)+표준편차 9 가정 정규분포 추정
체중,kg,여,80~84세,39,51.2,통계연보 평균(80세이상)+표준편차 9 가정 정규분포 추정
체중,kg,여,80~84세,40,51.4,통계연보 평균(80세이상)+표준편차 9 가정 정규분포 추정
체중,kg,여,80~84세,41,51.7,통계연보 평균(80세이상)+표준편차 9 가정 정규분포 추정
체중,kg,여,80~84세,42,51.9,통계연보 평균(80세이상)+표준편차 9 가정 정규분포 추정
체중,kg,여,80~84세,43,52.1,통계연보 평균(80세이상)+표준편차 9 가정 정규분포 추정
체중,kg,여,80~84세,44,52.3,통계연보 평균(80세이상)+표준편차 9 가정 정규분포 추정
체중,kg,여,80~84세,45,52.6,통계연보 평균(80세이상)+표준편차 9 가정 정규분포 추정
체중,kg,여,80~84세,46,52.8,통계연보 평균(80세이상)+표준편차 9 가정 정규분포 추정
체중,kg,여,80~84세,47,53,통계연보 평균(80세이상)+표준편차 9 가정 정규분포 추정
체중,kg,여,80~84세,48,53.2,통계연보 평균(80세이상)+표준편차 9 가정 정규분포 추정
체중,kg,여,80~84세,49,53.5,통계연보 평균(80세이상)+표준편차 9 가정 정규분포 추정
체중,kg,여,80~84세,50,53.7,통계연보 평균(80세이상)+표준편차 9 가정 정규분포 추정
체중,kg,여,80~84세,51,53.9,통계연보 평균(80세이상)+표준편차 9 가정 정규분포 추정
체중,kg,여,80~84세,52,54.2,통계연보 평균(80세이상)+표준편차 9 가정 정규분포 추정
체중,kg,여,80~84세,53,54.4,통계연보 평균(80세이상)+표준편차 9 가정 정규분포 추정
체중,kg,여,80~84세,54,54.6,통계연보 평균(80세이상)+표준편차 9 가정 정규분포 추정
체중,kg,여,80~84세,55,54.8,통계연보 평균(80세이상)+표준편차 9 가정 정규분포 추정
체중,kg,여,80~84세,56,55.1,통계연보 평균(80세이상)+표준편차 9 가정 정규분포 추정
체중,kg,여,80~84세,57,55.3,통계연보 평균(80세이상)+표준편차 9 가정 정규분포 추정
체중,kg,여,80~84세,58,55.5,통계연보 평균(80세이상)+표준편차 9 가정 정규분포 추정
체중,kg,여,80~84세,59,55.7,통계연보 평균(80세이상)+표준편차 9 가정 정규분포 추정
체중,kg,여,80~84세,60,56,통계연보 평균(80세이상)+표준편차 9 가정 정규분포 추정
체중,kg,여,80~84세,61,56.2,통계연보 평균(80세이상)+표준편차 9 가정 정규분포 추정
체중,kg,여,80~84세,62,56.4,통계연보 평균(80세이상)+표준편차 9 가정 정규분포 추정
체중,kg,여,80~84세,63,56.7,통계연보 평균(80세이상)+표준편차 9 가정 정규분포 추정
체중,kg,여,80~84세,64,56.9,통계연보 평균(80세이상)+표준편차 9 가정 정규분포 추정
체중,kg,여,80~84세,65,57.2,통계연보 평균(80세이상)+표준편차 9 가정 정규분포 추정
체중,kg,여,80~84세,66,57.4,통계연보 평균(80세이상)+표준편차 9 가정 정규분포 추정
체중,kg,여,80~84세,67,57.7,통계연보 평균(80세이상)+표준편차 9 가정 정규분포 추정
체중,kg,여,80~84세,68,57.9,통계연보 평균(80세이상)+표준편차 9 가정 정규분포 추정
체중,kg,여,80~84세,69,58.2,통계연보 평균(80세이상)+표준편차 9 가정 정규분포 추정
체중,kg,여,80~84세,70,58.4,통계연보 평균(80세이상)+표준편차 9 가정 정규분포 추정
체중,kg,여,80~84세,71,58.7,통계연보 평균(80세이상)+표준편차 9 가정 정규분포 추정
체중,kg,여,80~84세,72,58.9,통계연보 평균(80세이상)+표준편차 9 가정 정규분포 추정
체중,kg,여,80~84세,73,59.2,통계연보 평균(80세이상)+표준편차 9 가정 정규분포 추정
체중,kg,여,80~84세,74,59.5,통계연보 평균(80세이상)+표준편차 9 가정 정규분포 추정
체중,kg,여,80~84세,75,59.8,통계연보 평균(80세이상)+표준편차 9 가정 정규분포 추정
체중,kg,여,80~84세,76,60.1,통계연보 평균(80세이상)+표준편차 9 가정 정규분포 추정
체중,kg,여,80~84세,77,60.3,통계연보 평균(80세이상)+표준편차 9 가정 정규분포 추정
체중,kg,여,80~84세,78,60.6,통계연보 평균(80세이상)+표준편차 9 가정 정규분포 추정
체중,kg,여,80~84세,79,61,통계연보 평균(80세이상)+표준편차 9 가정 정규분포 추정
체중,kg,여,80~84세,80,61.3,통계연보 평균(80세이상)+표준편차 9 가정 정규분포 추정
체중,kg,여,80~84세,81,61.6,통계연보 평균(80세이상)+표준편차 9 가정 정규분포 추정
체중,kg,여,80~84세,82,61.9,통계연보 평균(80세이상)+표준편차 9 가정 정규분포 추정
체중,kg,여,80~84세,83,62.3,통계연보 평균(80세이상)+표준편차 9 가정 정규분포 추정
체중,kg,여,80~84세,84,62.7,통계연보 평균(80세이상)+표준편차 9 가정 정규분포 추정
체중,kg,여,80~84세,85,63,통계연보 평균(80세이상)+표준편차 9 가정 정규분포 추정
체중,kg,여,80~84세,86,63.4,통계연보 평균(80세이상)+표준편차 9 가정 정규분포 추정
체중,kg,여,80~84세,87,63.8,통계연보 평균(80세이상)+표준편차 9 가정 정규분포 추정
체중,kg,여,80~84세,88,64.3,통계연보 평균(80세이상)+표준편차 9 가정 정규분포 추정
체중,kg,여,80~84세,89,64.7,통계연보 평균(80세이상)+표준편차 9 가정 정규분포 추정
체중,kg,여,80~84세,90,65.2,통계연보 평균(80세이상)+표준편차 9 가정 정규분포 추정
체중,kg,여,80~84세,91,65.8,통계연보 평균(80세이상)+표준편차 9 가정 정규분포 추정
체중,kg,여,80~84세,92,66.3,통계연보 평균(80세이상)+표준편차 9 가정 정규분포 추정
체중,kg,여,80~84세,93,67,통계연보 평균(80세이상)+표준편차 9 가정 정규분포 추정
체중,kg,여,80~84세,94,67.7,통계연보 평균(80세이상)+표준편차 9 가정 정규분포 추정
체중,kg,여,80~84세,95,68.5,통계연보 평균(80세이상)+표준편차 9 가정 정규분포 추정
체중,kg,여,80~84세,96,69.5,통계연보 평균(80세이상)+표준편차 9 가정 정규분포 추정
체중,kg,여,80~84세,97,70.6,통계연보 평균(80세이상)+표준편차 9 가정 정규분포 추정
체중,kg,여,80~84세,98,72.2,통계연보 평균(80세이상)+표준편차 9 가정 정규분포 추정
체중,kg,여,80~84세,99,74.6,통계연보 평균(80세이상)+표준편차 9 가정 정규분포 추정
체중,kg,여,80~84세,100,76.9,통계연보 평균(80세이상)+표준편차 9 가정 정규분포 추정
체중,kg,여,85세이상,1,32.8,통계연보 평균(80세이상)+표준편차 9 가정 정규분포 추정
체중,kg,여,85세이상,2,35.2,통계연보 평균(80세이상)+표준편차 9 가정 정규분포 추정
체중,kg,여,85세이상,3,36.8,통계연보 평균(80세이상)+표준편차 9 가정 정규분포 추정
체중,kg,여,85세이상,4,37.9,통계연보 평균(80세이상)+표준편차 9 가정 정규분포 추정
체중,kg,여,85세이상,5,38.9,통계연보 평균(80세이상)+표준편차 9 가정 정규분포 추정
체중,kg,여,85세이상,6,39.7,통계연보 평균(80세이상)+표준편차 9 가정 정규분포 추정
체중,kg,여,85세이상,7,40.4,통계연보 평균(80세이상)+표준편차 9 가정 정규분포 추정
체중,kg,여,85세이상,8,41.1,통계연보 평균(80세이상)+표준편차 9 가정 정규분포 추정
체중,kg,여,85세이상,9,41.6,통계연보 평균(80세이상)+표준편차 9 가정 정규분포 추정
체중,kg,여,85세이상,10,42.2,통계연보 평균(80세이상)+표준편차 9 가정 정규분포 추정
체중,kg,여,85세이상,11,42.7,통계연보 평균(80세이상)+표준편차 9 가정 정규분포 추정
체중,kg,여,85세이상,12,43.1,통계연보 평균(80세이상)+표준편차 9 가정 정규분포 추정
체중,kg,여,85세이상,13,43.6,통계연보 평균(80세이상)+표준편차 9 가정 정규분포 추정
체중,kg,여,85세이상,14,44,통계연보 평균(80세이상)+표준편차 9 가정 정규분포 추정
체중,kg,여,85세이상,15,44.4,통계연보 평균(80세이상)+표준편차 9 가정 정규분포 추정
체중,kg,여,85세이상,16,44.7,통계연보 평균(80세이상)+표준편차 9 가정 정규분포 추정
체중,kg,여,85세이상,17,45.1,통계연보 평균(80세이상)+표준편차 9 가정 정규분포 추정
체중,kg,여,85세이상,18,45.5,통계연보 평균(80세이상)+표준편차 9 가정 정규분포 추정
체중,kg,여,85세이상,19,45.8,통계연보 평균(80세이상)+표준편차 9 가정 정규분포 추정
체중,kg,여,85세이상,20,46.1,통계연보 평균(80세이상)+표준편차 9 가정 정규분포 추정
체중,kg,여,85세이상,21,46.4,통계연보 평균(80세이상)+표준편차 9 가정 정규분포 추정
체중,kg,여,85세이상,22,46.8,통계연보 평균(80세이상)+표준편차 9 가정 정규분포 추정
체중,kg,여,85세이상,23,47.1,통계연보 평균(80세이상)+표준편차 9 가정 정규분포 추정
체중,kg,여,85세이상,24,47.3,통계연보 평균(80세이상)+표준편차 9 가정 정규분포 추정
체중,kg,여,85세이상,25,47.6,통계연보 평균(80세이상)+표준편차 9 가정 정규분포 추정
체중,kg,여,85세이상,26,47.9,통계연보 평균(80세이상)+표준편차 9 가정 정규분포 추정
체중,kg,여,85세이상,27,48.2,통계연보 평균(80세이상)+표준편차 9 가정 정규분포 추정
체중,kg,여,85세이상,28,48.5,통계연보 평균(80세이상)+표준편차 9 가정 정규분포 추정
체중,kg,여,85세이상,29,48.7,통계연보 평균(80세이상)+표준편차 9 가정 정규분포 추정
체중,kg,여,85세이상,30,49,통계연보 평균(80세이상)+표준편차 9 가정 정규분포 추정
체중,kg,여,85세이상,31,49.2,통계연보 평균(80세이상)+표준편차 9 가정 정규분포 추정
체중,kg,여,85세이상,32,49.5,통계연보 평균(80세이상)+표준편차 9 가정 정규분포 추정
체중,kg,여,85세이상,33,49.7,통계연보 평균(80세이상)+표준편차 9 가정 정규분포 추정
체중,kg,여,85세이상,34,50,통계연보 평균(80세이상)+표준편차 9 가정 정규분포 추정
체중,kg,여,85세이상,35,50.2,통계연보 평균(80세이상)+표준편차 9 가정 정규분포 추정
체중,kg,여,85세이상,36,50.5,통계연보 평균(80세이상)+표준편차 9 가정 정규분포 추정
체중,kg,여,85세이상,37,50.7,통계연보 평균(80세이상)+표준편차 9 가정 정규분포 추정
체중,kg,여,85세이상,38,51,통계연보 평균(80세이상)+표준편차 9 가정 정규분포 추정
체중,kg,여,85세이상,39,51.2,통계연보 평균(80세이상)+표준편차 9 가정 정규분포 추정
체중,kg,여,85세이상,40,51.4,통계연보 평균(80세이상)+표준편차 9 가정 정규분포 추정
체중,kg,여,85세이상,41,51.7,통계연보 평균(80세이상)+표준편차 9 가정 정규분포 추정
체중,kg,여,85세이상,42,51.9,통계연보 평균(80세이상)+표준편차 9 가정 정규분포 추정
체중,kg,여,85세이상,43,52.1,통계연보 평균(80세이상)+표준편차 9 가정 정규분포 추정
체중,kg,여,85세이상,44,52.3,통계연보 평균(80세이상)+표준편차 9 가정 정규분포 추정
체중,kg,여,85세이상,45,52.6,통계연보 평균(80세이상)+표준편차 9 가정 정규분포 추정
체중,kg,여,85세이상,46,52.8,통계연보 평균(80세이상)+표준편차 9 가정 정규분포 추정
체중,kg,여,85세이상,47,53,통계연보 평균(80세이상)+표준편차 9 가정 정규분포 추정
체중,kg,여,85세이상,48,53.2,통계연보 평균(80세이상)+표준편차 9 가정 정규분포 추정
체중,kg,여,85세이상,49,53.5,통계연보 평균(80세이상)+표준편차 9 가정 정규분포 추정
체중,kg,여,85세이상,50,53.7,통계연보 평균(80세이상)+표준편차 9 가정 정규분포 추정
체중,kg,여,85세이상,51,53.9,통계연보 평균(80세이상)+표준편차 9 가정 정규분포 추정
체중,kg,여,85세이상,52,54.2,통계연보 평균(80세이상)+표준편차 9 가정 정규분포 추정
체중,kg,여,85세이상,53,54.4,통계연보 평균(80세이상)+표준편차 9 가정 정규분포 추정
체중,kg,여,85세이상,54,54.6,통계연보 평균(80세이상)+표준편차 9 가정 정규분포 추정
체중,kg,여,85세이상,55,54.8,통계연보 평균(80세이상)+표준편차 9 가정 정규분포 추정
체중,kg,여,85세이상,56,55.1,통계연보 평균(80세이상)+표준편차 9 가정 정규분포 추정
체중,kg,여,85세이상,57,55.3,통계연보 평균(80세이상)+표준편차 9 가정 정규분포 추정
체중,kg,여,85세이상,58,55.5,통계연보 평균(80세이상)+표준편차 9 가정 정규분포 추정
체중,kg,여,85세이상,59,55.7,통계연보 평균(80세이상)+표준편차 9 가정 정규분포 추정
체중,kg,여,85세이상,60,56,통계연보 평균(80세이상)+표준편차 9 가정 정규분포 추정
체중,kg,여,85세이상,61,56.2,통계연보 평균(80세이상)+표준편차 9 가정 정규분포 추정
체중,kg,여,85세이상,62,56.4,통계연보 평균(80세이상)+표준편차 9 가정 정규분포 추정
체중,kg,여,85세이상,63,56.7,통계연보 평균(80세이상)+표준편차 9 가정 정규분포 추정
체중,kg,여,85세이상,64,56.9,통계연보 평균(80세이상)+표준편차 9 가정 정규분포 추정
체중,kg,여,85세이상,65,57.2,통계연보 평균(80세이상)+표준편차 9 가정 정규분포 추정
체중,kg,여,85세이상,66,57.4,통계연보 평균(80세이상)+표준편차 9 가정 정규분포 추정
체중,kg,여,85세이상,67,57.7,통계연보 평균(80세이상)+표준편차 9 가정 정규분포 추정
체중,kg,여,85세이상,68,57.9,통계연보 평균(80세이상)+표준편차 9 가정 정규분포 추정
체중,kg,여,85세이상,69,58.2,통계연보 평균(80세이상)+표준편차 9 가정 정규분포 추정
체중,kg,여,85세이상,70,58.4,통계연보 평균(80세이상)+표준편차 9 가정 정규분포 추정
체중,kg,여,85세이상,71,58.7,통계연보 평균(80세이상)+표준편차 9 가정 정규분포 추정
체중,kg,여,85세이상,72,58.9,통계연보 평균(80세이상)+표준편차 9 가정 정규분포 추정
체중,kg,여,85세이상,73,59.2,통계연보 평균(80세이상)+표준편차 9 가정 정규분포 추정
체중,kg,여,85세이상,74,59.5,통계연보 평균(80세이상)+표준편차 9 가정 정규분포 추정
체중,kg,여,85세이상,75,59.8,통계연보 평균(80세이상)+표준편차 9 가정 정규분포 추정
체중,kg,여,85세이상,76,60.1,통계연보 평균(80세이상)+표준편차 9 가정 정규분포 추정
체중,kg,여,85세이상,77,60.3,통계연보 평균(80세이상)+표준편차 9 가정 정규분포 추정
체중,kg,여,85세이상,78,60.6,통계연보 평균(80세이상)+표준편차 9 가정 정규분포 추정
체중,kg,여,85세이상,79,61,통계연보 평균(80세이상)+표준편차 9 가정 정규분포 추정
체중,kg,여,85세이상,80,61.3,통계연보 평균(80세이상)+표준편차 9 가정 정규분포 추정
체중,kg,여,85세이상,81,61.6,통계연보 평균(80세이상)+표준편차 9 가정 정규분포 추정
체중,kg,여,85세이상,82,61.9,통계연보 평균(80세이상)+표준편차 9 가정 정규분포 추정
체중,kg,여,85세이상,83,62.3,통계연보 평균(80세이상)+표준편차 9 가정 정규분포 추정
체중,kg,여,85세이상,84,62.7,통계연보 평균(80세이상)+표준편차 9 가정 정규분포 추정
체중,kg,여,85세이상,85,63,통계연보 평균(80세이상)+표준편차 9 가정 정규분포 추정
체중,kg,여,85세이상,86,63.4,통계연보 평균(80세이상)+표준편차 9 가정 정규분포 추정
체중,kg,여,85세이상,87,63.8,통계연보 평균(80세이상)+표준편차 9 가정 정규분포 추정
체중,kg,여,85세이상,88,64.3,통계연보 평균(80세이상)+표준편차 9 가정 정규분포 추정
체중,kg,여,85세이상,89,64.7,통계연보 평균(80세이상)+표준편차 9 가정 정규분포 추정
체중,kg,여,85세이상,90,65.2,통계연보 평균(80세이상)+표준편차 9 가정 정규분포 추정
체중,kg,여,85세이상,91,65.8,통계연보 평균(80세이상)+표준편차 9 가정 정규분포 추정
체중,kg,여,85세이상,92,66.3,통계연보 평균(80세이상)+표준편차 9 가정 정규분포 추정
체중,kg,여,85세이상,93,67,통계연보 평균(80세이상)+표준편차 9 가정 정규분포 추정
체중,kg,여,85세이상,94,67.7,통계연보 평균(80세이상)+표준편차 9 가정 정규분포 추정
체중,kg,여,85세이상,95,68.5,통계연보 평균(80세이상)+표준편차 9 가정 정규분포 추정
체중,kg,여,85세이상,96,69.5,통계연보 평균(80세이상)+표준편차 9 가정 정규분포 추정
체중,kg,여,85세이상,97,70.6,통계연보 평균(80세이상)+표준편차 9 가정 정규분포 추정
체중,kg,여,85세이상,98,72.2,통계연보 평균(80세이상)+표준편차 9 가정 정규분포 추정
체중,kg,여,85세이상,99,74.6,통계연보 평균(80세이상)+표준편차 9 가정 정규분포 추정
체중,kg,여,85세이상,100,76.9,통계연보 평균(80세이상)+표준편차 9 가정 정규분포 추정
